id,group,sourcePath,sourceSha256,reviewMethod,evidenceSheet,evidenceCell,decision,reason
kenney-furniture-bathroom-cabinet,cc0-original,assets/kenney-furniture/bathroom-cabinet.glb,9db540227acaaedbbadc6a085f4a00460b73944e608afaad4770e53238a3b7f8,contact-sheet-preview,baseline/review-sheet-01.jpg,1,keep-preview-reviewed,No selection-blocking visual defect identified at the inspected preview scale.
kenney-furniture-bathroom-cabinet-drawer,cc0-original,assets/kenney-furniture/bathroom-cabinet-drawer.glb,f32d09c6dab20fe823d238310f75ce81f24e893a91c2078b12efd3f7fe6c6b10,contact-sheet-preview,baseline/review-sheet-01.jpg,2,keep-preview-reviewed,No selection-blocking visual defect identified at the inspected preview scale.
kenney-furniture-bathroom-mirror,cc0-original,assets/kenney-furniture/bathroom-mirror.glb,940b986894101ea59b50541554b6dc608a22b133057975849259009012984175,contact-sheet-preview,baseline/review-sheet-01.jpg,3,keep-preview-reviewed,No selection-blocking visual defect identified at the inspected preview scale.
kenney-furniture-bathroom-sink,cc0-original,assets/kenney-furniture/bathroom-sink.glb,39d4f19608cab7e0fed52303b2c689f5f51fae1bad9b6913cb53d838875e797e,contact-sheet-preview,baseline/review-sheet-01.jpg,4,keep-preview-reviewed,No selection-blocking visual defect identified at the inspected preview scale.
kenney-furniture-bathroom-sink-square,cc0-original,assets/kenney-furniture/bathroom-sink-square.glb,360853c822f268e7267c62ef20cf646f170a13d76254cc0804a1d397a4a3ea67,contact-sheet-preview,baseline/review-sheet-01.jpg,5,keep-preview-reviewed,No selection-blocking visual defect identified at the inspected preview scale.
kenney-furniture-bathtub,cc0-original,assets/kenney-furniture/bathtub.glb,54c405c7035aab63dc41e709dc3c50fc5bcfbc4cddc91ffc54188075a6d25d01,contact-sheet-preview,baseline/review-sheet-01.jpg,6,keep-preview-reviewed,No selection-blocking visual defect identified at the inspected preview scale.
kenney-furniture-bear,cc0-original,assets/kenney-furniture/bear.glb,fd87c08f81dcd652b1f7f61afae9d1f040fa1322ac4ddda6f543ed423b954aed,contact-sheet-preview,baseline/review-sheet-01.jpg,7,keep-preview-reviewed,No selection-blocking visual defect identified at the inspected preview scale.
kenney-furniture-bed-bunk,cc0-original,assets/kenney-furniture/bed-bunk.glb,a3eccbc4a04340dd84878d959e15eede76f517fb8d4de6862ca46877c88d764e,contact-sheet-preview,baseline/review-sheet-01.jpg,8,keep-preview-reviewed,No selection-blocking visual defect identified at the inspected preview scale.
kenney-furniture-bed-double,cc0-original,assets/kenney-furniture/bed-double.glb,c49b33e7d797d2ba1111895587dba7ff63b17a712eb9b4ceeb40a598f73e476c,contact-sheet-preview,baseline/review-sheet-01.jpg,9,keep-preview-reviewed,No selection-blocking visual defect identified at the inspected preview scale.
kenney-furniture-bed-single,cc0-original,assets/kenney-furniture/bed-single.glb,ca00c63f9a12da3138d902b2f5f18e0360fb6e8a5ac42ccb4bc3f185724b65d1,contact-sheet-preview,baseline/review-sheet-01.jpg,10,keep-preview-reviewed,No selection-blocking visual defect identified at the inspected preview scale.
kenney-furniture-bench,cc0-original,assets/kenney-furniture/bench.glb,ba05a6d23a5a5a44da016757632070e47ff7587ce10e2f6d6d52328b4cf5489b,contact-sheet-preview,baseline/review-sheet-01.jpg,11,keep-preview-reviewed,No selection-blocking visual defect identified at the inspected preview scale.
kenney-furniture-bench-cushion,cc0-original,assets/kenney-furniture/bench-cushion.glb,5186ad938f8b9eff255361fd1fdc48a81f08c318161cde27c93753ab95a2d354,contact-sheet-preview,baseline/review-sheet-01.jpg,12,keep-preview-reviewed,No selection-blocking visual defect identified at the inspected preview scale.
kenney-furniture-bench-cushion-low,cc0-original,assets/kenney-furniture/bench-cushion-low.glb,d1fac209eae2ea7393beefa4932dacb54d500e8f9932a1b17d2a842527df1b2c,contact-sheet-preview,baseline/review-sheet-01.jpg,13,keep-preview-reviewed,No selection-blocking visual defect identified at the inspected preview scale.
kenney-furniture-bookcase-closed,cc0-original,assets/kenney-furniture/bookcase-closed.glb,9d210448de5e1179541da895450bbc7a39f4cd673d677654cd6b134e4ea0e047,contact-sheet-preview,baseline/review-sheet-01.jpg,14,keep-preview-reviewed,No selection-blocking visual defect identified at the inspected preview scale.
kenney-furniture-bookcase-closed-doors,cc0-original,assets/kenney-furniture/bookcase-closed-doors.glb,ff33f535acdb1825c0e958a293642b39665adcae0b1317b650e83d2bb687f4e2,contact-sheet-preview,baseline/review-sheet-01.jpg,15,keep-preview-reviewed,No selection-blocking visual defect identified at the inspected preview scale.
kenney-furniture-bookcase-closed-wide,cc0-original,assets/kenney-furniture/bookcase-closed-wide.glb,55b9903e9646dc407ed5237a1c41c1f0a14f9edc22e3392bdb9a4804d846af6a,contact-sheet-preview,baseline/review-sheet-01.jpg,16,keep-preview-reviewed,No selection-blocking visual defect identified at the inspected preview scale.
kenney-furniture-bookcase-open,cc0-original,assets/kenney-furniture/bookcase-open.glb,750702218d68c062b15dfef6ab06a4014d1cfa8bd05f02e57c53b7e13bec157c,contact-sheet-preview,baseline/review-sheet-01.jpg,17,keep-preview-reviewed,No selection-blocking visual defect identified at the inspected preview scale.
kenney-furniture-bookcase-open-low,cc0-original,assets/kenney-furniture/bookcase-open-low.glb,6d4d625faf977a2dbf155f1313cd32c6310e463114a1cd4c08cb9f80a5fb1d75,contact-sheet-preview,baseline/review-sheet-01.jpg,18,keep-preview-reviewed,No selection-blocking visual defect identified at the inspected preview scale.
kenney-furniture-books,cc0-original,assets/kenney-furniture/books.glb,b8dc56e5d29f6fc1f4727fccb1b9642627fee9942c48060a00034e98df02701c,contact-sheet-preview,baseline/review-sheet-01.jpg,19,keep-preview-reviewed,No selection-blocking visual defect identified at the inspected preview scale.
kenney-furniture-cabinet-bed,cc0-original,assets/kenney-furniture/cabinet-bed.glb,b651fafb9e2c8e4adcb8cad3d10dc94404b46fe039b26e66b2c9020df4e5301d,contact-sheet-preview,baseline/review-sheet-01.jpg,20,keep-preview-reviewed,No selection-blocking visual defect identified at the inspected preview scale.
kenney-furniture-cabinet-bed-drawer,cc0-original,assets/kenney-furniture/cabinet-bed-drawer.glb,e3dfd2e120af3d4d29b66509e317452cd15bd3f57ac8945575462c582adc6de8,contact-sheet-preview,baseline/review-sheet-01.jpg,21,keep-preview-reviewed,No selection-blocking visual defect identified at the inspected preview scale.
kenney-furniture-cabinet-bed-drawer-table,cc0-original,assets/kenney-furniture/cabinet-bed-drawer-table.glb,fec6271639df5aff9f8ac75d6679385eab2abb7c8d2f51abeba3ed689ddb6f0d,contact-sheet-preview,baseline/review-sheet-01.jpg,22,keep-preview-reviewed,No selection-blocking visual defect identified at the inspected preview scale.
kenney-furniture-cabinet-television,cc0-original,assets/kenney-furniture/cabinet-television.glb,811719593d676ff76f7b5904d52c845ce0396af2bc9a6a2636c4818ead320b99,contact-sheet-preview,baseline/review-sheet-01.jpg,23,keep-preview-reviewed,No selection-blocking visual defect identified at the inspected preview scale.
kenney-furniture-cabinet-television-doors,cc0-original,assets/kenney-furniture/cabinet-television-doors.glb,8959347bfe26b1ac7e44c476f05789466bb84bcd2ad8b0fb40286005399bfcfc,contact-sheet-preview,baseline/review-sheet-01.jpg,24,keep-preview-reviewed,No selection-blocking visual defect identified at the inspected preview scale.
kenney-furniture-cardboard-box-closed,cc0-original,assets/kenney-furniture/cardboard-box-closed.glb,4af079dca52960912764574950f0549ff2ae1224b3db1528718629473a2d5d81,contact-sheet-preview,baseline/review-sheet-01.jpg,25,keep-preview-reviewed,No selection-blocking visual defect identified at the inspected preview scale.
kenney-furniture-cardboard-box-open,cc0-original,assets/kenney-furniture/cardboard-box-open.glb,960da412564774c75e7b32f9af0100895e1edb877fc1e70dd34ee2422a2196d4,contact-sheet-preview,baseline/review-sheet-01.jpg,26,keep-preview-reviewed,No selection-blocking visual defect identified at the inspected preview scale.
kenney-furniture-ceiling-fan,cc0-original,assets/kenney-furniture/ceiling-fan.glb,5fdf7b3c4328875462c9887c6b1f2fad08126ea42e758cf86534639b9ea72044,contact-sheet-preview,baseline/review-sheet-01.jpg,27,keep-preview-reviewed,No selection-blocking visual defect identified at the inspected preview scale.
kenney-furniture-chair,cc0-original,assets/kenney-furniture/chair.glb,c8a11eec93e89e31250ba91afc1b8d56c3bec7ae86640fd1239f595ff4180883,contact-sheet-preview,baseline/review-sheet-01.jpg,28,keep-preview-reviewed,No selection-blocking visual defect identified at the inspected preview scale.
kenney-furniture-chair-cushion,cc0-original,assets/kenney-furniture/chair-cushion.glb,33544228984857f2cb502b58452fed72157335f9b1caf29e96da5c9094c53fdc,contact-sheet-preview,baseline/review-sheet-01.jpg,29,keep-preview-reviewed,No selection-blocking visual defect identified at the inspected preview scale.
kenney-furniture-chair-desk,cc0-original,assets/kenney-furniture/chair-desk.glb,46406619186034cbe92b19b79a5f1a8e3f442a17a70a7524ef2c0ad0f35095c6,contact-sheet-preview,baseline/review-sheet-01.jpg,30,keep-preview-reviewed,No selection-blocking visual defect identified at the inspected preview scale.
kenney-furniture-chair-modern-cushion,cc0-original,assets/kenney-furniture/chair-modern-cushion.glb,245132697e633e907e2b48c86d56f6c8543604a3440a055d1c71c06ce11d2858,contact-sheet-preview,baseline/review-sheet-01.jpg,31,keep-preview-reviewed,No selection-blocking visual defect identified at the inspected preview scale.
kenney-furniture-chair-modern-frame-cushion,cc0-original,assets/kenney-furniture/chair-modern-frame-cushion.glb,fd3351b077cafbd54224e20fa7a3a1b4a4304019cf44c25a6e7709ad71b852b8,contact-sheet-preview,baseline/review-sheet-01.jpg,32,keep-preview-reviewed,No selection-blocking visual defect identified at the inspected preview scale.
kenney-furniture-chair-rounded,cc0-original,assets/kenney-furniture/chair-rounded.glb,53f4933ec547179c499f04dbda1231cf44b83ec82c7f4ab981cdf680aee5c973,contact-sheet-preview,baseline/review-sheet-01.jpg,33,keep-preview-reviewed,No selection-blocking visual defect identified at the inspected preview scale.
kenney-furniture-coat-rack,cc0-original,assets/kenney-furniture/coat-rack.glb,0f56540d57367ea6fea6b9aedf305d4fc58abeec8ff3b039dbff44360d819c76,contact-sheet-preview,baseline/review-sheet-01.jpg,34,keep-preview-reviewed,No selection-blocking visual defect identified at the inspected preview scale.
kenney-furniture-coat-rack-standing,cc0-original,assets/kenney-furniture/coat-rack-standing.glb,d8231c22dab63ceb9fc8678f6c8ceafc62afa8726b51a73b4ce349043d3cdc91,contact-sheet-preview,baseline/review-sheet-01.jpg,35,keep-preview-reviewed,No selection-blocking visual defect identified at the inspected preview scale.
kenney-furniture-computer-keyboard,cc0-original,assets/kenney-furniture/computer-keyboard.glb,9d9135789de2120e9f41ce3f0a56dd1b15f40adcc7888739bb842a2d820da322,contact-sheet-preview,baseline/review-sheet-01.jpg,36,keep-preview-reviewed,No selection-blocking visual defect identified at the inspected preview scale.
kenney-furniture-computer-mouse,cc0-original,assets/kenney-furniture/computer-mouse.glb,d3ad1a923f0f7707ef367bb969eb94c9076e211c98c830ba52e133fadc5cdfc0,contact-sheet-preview,baseline/review-sheet-01.jpg,37,keep-preview-reviewed,No selection-blocking visual defect identified at the inspected preview scale.
kenney-furniture-computer-screen,cc0-original,assets/kenney-furniture/computer-screen.glb,5942cbad29a2d2b956619569926e81d50a4174403d592fece6556e57632dc643,contact-sheet-preview,baseline/review-sheet-01.jpg,38,keep-preview-reviewed,No selection-blocking visual defect identified at the inspected preview scale.
kenney-furniture-desk,cc0-original,assets/kenney-furniture/desk.glb,0164fe828f028b321730fb8c74502e353583f751be74da1682d42fff7d3c5a42,contact-sheet-preview,baseline/review-sheet-01.jpg,39,keep-preview-reviewed,No selection-blocking visual defect identified at the inspected preview scale.
kenney-furniture-desk-corner,cc0-original,assets/kenney-furniture/desk-corner.glb,a6a77ba0083d5ecd34ad50f738867b03ed7b7f469429bb1acc78f423bcc3f034,contact-sheet-preview,baseline/review-sheet-01.jpg,40,keep-preview-reviewed,No selection-blocking visual defect identified at the inspected preview scale.
kenney-furniture-doorway,cc0-original,assets/kenney-furniture/doorway.glb,08983e299822140d580eb55d4b4e4e4552c37bb6e88571e41d2b7b5d2eef987e,contact-sheet-preview,baseline/review-sheet-01.jpg,41,keep-preview-reviewed,No selection-blocking visual defect identified at the inspected preview scale.
kenney-furniture-doorway-front,cc0-original,assets/kenney-furniture/doorway-front.glb,b5b8e4c14ee1f2ffa10ef5c69badc995ae6fbcc868abac240221c61b8c593b0e,contact-sheet-preview,baseline/review-sheet-01.jpg,42,keep-preview-reviewed,No selection-blocking visual defect identified at the inspected preview scale.
kenney-furniture-doorway-open,cc0-original,assets/kenney-furniture/doorway-open.glb,cf05e165ea26dbbeaab4dc6296c143ef5f5a001e2ab5af9cd4fd65739408317e,contact-sheet-preview,baseline/review-sheet-01.jpg,43,keep-preview-reviewed,No selection-blocking visual defect identified at the inspected preview scale.
kenney-furniture-dryer,cc0-original,assets/kenney-furniture/dryer.glb,d8b727612fdfc141c0b56360f75b897f1b71d3420c8c0942b5ec626bd3c8303c,contact-sheet-preview,baseline/review-sheet-01.jpg,44,keep-preview-reviewed,No selection-blocking visual defect identified at the inspected preview scale.
kenney-furniture-floor-corner,cc0-original,assets/kenney-furniture/floor-corner.glb,7a3ed4473bd7dc71a7fac74a77c548412ed01caf9fd21be605bc8bbda824f8ff,contact-sheet-preview,baseline/review-sheet-01.jpg,45,assembly-opt-in,"Valid construction component, separated from standalone props."
kenney-furniture-floor-corner-round,cc0-original,assets/kenney-furniture/floor-corner-round.glb,d9d5392ecff520a263dd7e5b77e733da125f866002311ea65572731d90fb8990,contact-sheet-preview,baseline/review-sheet-01.jpg,46,assembly-opt-in,"Valid construction component, separated from standalone props."
kenney-furniture-floor-full,cc0-original,assets/kenney-furniture/floor-full.glb,99fc5df646d8dc605d6fe35001fe5b15bb7b269cc5c65f4f7793fbc76ff3d822,contact-sheet-preview,baseline/review-sheet-01.jpg,47,assembly-opt-in,"Valid construction component, separated from standalone props."
kenney-furniture-floor-half,cc0-original,assets/kenney-furniture/floor-half.glb,8cf16d67b8185f6c28f957458da92a337f0949d2e127df9a50b53ea5e8894673,contact-sheet-preview,baseline/review-sheet-01.jpg,48,assembly-opt-in,"Valid construction component, separated from standalone props."
kenney-furniture-hood-large,cc0-original,assets/kenney-furniture/hood-large.glb,e9b60fa02bba74d99103e8ba9d7ca99fbd99299bc57c4f5f84b2add2a6a3afcc,contact-sheet-preview,baseline/review-sheet-02.jpg,1,keep-preview-reviewed,No selection-blocking visual defect identified at the inspected preview scale.
kenney-furniture-hood-modern,cc0-original,assets/kenney-furniture/hood-modern.glb,f5ac7dbadd1d98813c48315e56fa6ab2e8783870b1fb7be30825177bbf2b2afe,contact-sheet-preview,baseline/review-sheet-02.jpg,2,keep-preview-reviewed,No selection-blocking visual defect identified at the inspected preview scale.
kenney-furniture-kitchen-bar,cc0-original,assets/kenney-furniture/kitchen-bar.glb,792c3d31e60c8a8d8c7a28cf7d1efe004c5a601adc1b163a8799dde32c1b559d,contact-sheet-preview,baseline/review-sheet-02.jpg,3,keep-preview-reviewed,No selection-blocking visual defect identified at the inspected preview scale.
kenney-furniture-kitchen-bar-end,cc0-original,assets/kenney-furniture/kitchen-bar-end.glb,410c6d83defe4ed248a8ec32f81553b56c8b610372d02ecf0e547e3f52cdc0a1,contact-sheet-preview,baseline/review-sheet-02.jpg,4,keep-preview-reviewed,No selection-blocking visual defect identified at the inspected preview scale.
kenney-furniture-kitchen-blender,cc0-original,assets/kenney-furniture/kitchen-blender.glb,f471defb5b2b1cf3b949a1a8aaef0a8b727afe662b0815068cf4e963325a3c1f,contact-sheet-preview,baseline/review-sheet-02.jpg,5,keep-preview-reviewed,No selection-blocking visual defect identified at the inspected preview scale.
kenney-furniture-kitchen-cabinet,cc0-original,assets/kenney-furniture/kitchen-cabinet.glb,7238c57778935ae25db5e57e9f7af3ba7068c71b005ff7cfbff3b6f3b1a13200,contact-sheet-preview,baseline/review-sheet-02.jpg,6,keep-preview-reviewed,No selection-blocking visual defect identified at the inspected preview scale.
kenney-furniture-kitchen-cabinet-corner-inner,cc0-original,assets/kenney-furniture/kitchen-cabinet-corner-inner.glb,8d1b69e63048424a0559d1e5c77427fab9021def7dea74cf1c4d3d8ce16e6e69,contact-sheet-preview,baseline/review-sheet-02.jpg,7,keep-preview-reviewed,No selection-blocking visual defect identified at the inspected preview scale.
kenney-furniture-kitchen-cabinet-corner-round,cc0-original,assets/kenney-furniture/kitchen-cabinet-corner-round.glb,333ab73202cb87b76d4ff94939038dcaf315eda55285bdbeba20d255da488e97,contact-sheet-preview,baseline/review-sheet-02.jpg,8,keep-preview-reviewed,No selection-blocking visual defect identified at the inspected preview scale.
kenney-furniture-kitchen-cabinet-drawer,cc0-original,assets/kenney-furniture/kitchen-cabinet-drawer.glb,6f784807e3cadb15b4d2d3db726d93357ea5e6c4f2b6e4c9c064048a2d1d9cfc,contact-sheet-preview,baseline/review-sheet-02.jpg,9,keep-preview-reviewed,No selection-blocking visual defect identified at the inspected preview scale.
kenney-furniture-kitchen-cabinet-upper,cc0-original,assets/kenney-furniture/kitchen-cabinet-upper.glb,8f2496feed85a745ffb6e554075b8450d647f8f68b01d6a010fcac1510fc173a,contact-sheet-preview,baseline/review-sheet-02.jpg,10,keep-preview-reviewed,No selection-blocking visual defect identified at the inspected preview scale.
kenney-furniture-kitchen-cabinet-upper-corner,cc0-original,assets/kenney-furniture/kitchen-cabinet-upper-corner.glb,b23551ff585b5b804cf3ec0fe046b7bc1e84a387021e3cdb01c93add56444e8d,contact-sheet-preview,baseline/review-sheet-02.jpg,11,keep-preview-reviewed,No selection-blocking visual defect identified at the inspected preview scale.
kenney-furniture-kitchen-cabinet-upper-double,cc0-original,assets/kenney-furniture/kitchen-cabinet-upper-double.glb,7b2abd976f2e8f1727d6ba23490aaf5fe18db9c5ac66e729ef6fe8de835c039e,contact-sheet-preview,baseline/review-sheet-02.jpg,12,keep-preview-reviewed,No selection-blocking visual defect identified at the inspected preview scale.
kenney-furniture-kitchen-cabinet-upper-low,cc0-original,assets/kenney-furniture/kitchen-cabinet-upper-low.glb,c25293d38ad3d4338142f5bfb6832a2f7e8a069a552fc4a6730231b1b382d33e,contact-sheet-preview,baseline/review-sheet-02.jpg,13,keep-preview-reviewed,No selection-blocking visual defect identified at the inspected preview scale.
kenney-furniture-kitchen-coffee-machine,cc0-original,assets/kenney-furniture/kitchen-coffee-machine.glb,063f582c6fa0f00a9f24e3393dac2295491c4becdaf5513c893ab1a2826b6ec3,contact-sheet-preview,baseline/review-sheet-02.jpg,14,keep-preview-reviewed,No selection-blocking visual defect identified at the inspected preview scale.
kenney-furniture-kitchen-fridge,cc0-original,assets/kenney-furniture/kitchen-fridge.glb,8af4f4bbb1b5525ad8226e97926a5af60fa8fb20a3cb74dbda5328a9d320dbab,contact-sheet-preview,baseline/review-sheet-02.jpg,15,keep-preview-reviewed,No selection-blocking visual defect identified at the inspected preview scale.
kenney-furniture-kitchen-fridge-built-in,cc0-original,assets/kenney-furniture/kitchen-fridge-built-in.glb,eedcfbca0a9e565424d941b8cf82ddc0c3c4dfc63911a420bfae058e9a18044c,contact-sheet-preview,baseline/review-sheet-02.jpg,16,keep-preview-reviewed,No selection-blocking visual defect identified at the inspected preview scale.
kenney-furniture-kitchen-fridge-large,cc0-original,assets/kenney-furniture/kitchen-fridge-large.glb,5851cc59c7e12f6f34a01a2ea93d5b9540be4078c1b703f517239fcede98fb32,contact-sheet-preview,baseline/review-sheet-02.jpg,17,keep-preview-reviewed,No selection-blocking visual defect identified at the inspected preview scale.
kenney-furniture-kitchen-fridge-small,cc0-original,assets/kenney-furniture/kitchen-fridge-small.glb,35dab7f63711623be321bfd82072f4ab29fe8006aac9371c6e6b78df2e02f5ed,contact-sheet-preview,baseline/review-sheet-02.jpg,18,keep-preview-reviewed,No selection-blocking visual defect identified at the inspected preview scale.
kenney-furniture-kitchen-microwave,cc0-original,assets/kenney-furniture/kitchen-microwave.glb,dd6a6c919f4bebc6e2080fe419262cf97a0d6461ead3f3998aa3c9edf4d2bd27,contact-sheet-preview,baseline/review-sheet-02.jpg,19,keep-preview-reviewed,No selection-blocking visual defect identified at the inspected preview scale.
kenney-furniture-kitchen-sink,cc0-original,assets/kenney-furniture/kitchen-sink.glb,7b9610277d71f00dcf1bba49cf4d98d77ce5177e84bf76c7da2f8893e542f743,contact-sheet-preview,baseline/review-sheet-02.jpg,20,keep-preview-reviewed,No selection-blocking visual defect identified at the inspected preview scale.
kenney-furniture-kitchen-stove,cc0-original,assets/kenney-furniture/kitchen-stove.glb,3239edb36295dfca9530a9b9a6ad0aff98ce62e7cf8d13ca2a5a1a6b2a904656,contact-sheet-preview,baseline/review-sheet-02.jpg,21,keep-preview-reviewed,No selection-blocking visual defect identified at the inspected preview scale.
kenney-furniture-kitchen-stove-electric,cc0-original,assets/kenney-furniture/kitchen-stove-electric.glb,cf646b960d7dfed1fac27898ff6de1f0671cfa33beecbed06ead7d0684517392,contact-sheet-preview,baseline/review-sheet-02.jpg,22,keep-preview-reviewed,No selection-blocking visual defect identified at the inspected preview scale.
kenney-furniture-lamp-round-floor,cc0-original,assets/kenney-furniture/lamp-round-floor.glb,50fe1b5b588edf15bfa9cc880f71a02a4fda6036350b24733d0ef4de5cc5e908,contact-sheet-preview,baseline/review-sheet-02.jpg,23,keep-preview-reviewed,No selection-blocking visual defect identified at the inspected preview scale.
kenney-furniture-lamp-round-table,cc0-original,assets/kenney-furniture/lamp-round-table.glb,75bb644caaa3da003b4fcad7a931722dd61cd2858aab70cf660021d5061fa1b2,contact-sheet-preview,baseline/review-sheet-02.jpg,24,keep-preview-reviewed,No selection-blocking visual defect identified at the inspected preview scale.
kenney-furniture-lamp-square-ceiling,cc0-original,assets/kenney-furniture/lamp-square-ceiling.glb,57066be51583d83ae60071e8179af275189cb2911ecb9fc24953bb930c8bf118,contact-sheet-preview,baseline/review-sheet-02.jpg,25,keep-preview-reviewed,No selection-blocking visual defect identified at the inspected preview scale.
kenney-furniture-lamp-square-floor,cc0-original,assets/kenney-furniture/lamp-square-floor.glb,6466993748d8e184de9ec5b6b0af613867c50c0ce320d1898b1db9e4c27c2561,contact-sheet-preview,baseline/review-sheet-02.jpg,26,keep-preview-reviewed,No selection-blocking visual defect identified at the inspected preview scale.
kenney-furniture-lamp-square-table,cc0-original,assets/kenney-furniture/lamp-square-table.glb,70ec9211af336b1ef3b4da32590b8737b4facf219348c22e6533a1e898cdb13d,contact-sheet-preview,baseline/review-sheet-02.jpg,27,keep-preview-reviewed,No selection-blocking visual defect identified at the inspected preview scale.
kenney-furniture-lamp-wall,cc0-original,assets/kenney-furniture/lamp-wall.glb,a9679ecd3be05731846f22ade97c37069598ca7a06dd9319f50230e63a1ea83c,contact-sheet-preview,baseline/review-sheet-02.jpg,28,keep-preview-reviewed,No selection-blocking visual defect identified at the inspected preview scale.
kenney-furniture-laptop,cc0-original,assets/kenney-furniture/laptop.glb,5fa8a1f4a71ab8d82ef64da77a6973ffd350c6d4557516069a4ffd4bb8d808af,contact-sheet-preview,baseline/review-sheet-02.jpg,29,keep-preview-reviewed,No selection-blocking visual defect identified at the inspected preview scale.
kenney-furniture-lounge-chair,cc0-original,assets/kenney-furniture/lounge-chair.glb,ddfe6bc4b3451bca61666d7b614552d6ed2a03d82fc76244b72ae3155874dc6c,contact-sheet-preview,baseline/review-sheet-02.jpg,30,keep-preview-reviewed,No selection-blocking visual defect identified at the inspected preview scale.
kenney-furniture-lounge-chair-relax,cc0-original,assets/kenney-furniture/lounge-chair-relax.glb,def698179e44de6cd17f4cfc2730273da54dd25458a29b079fbf4468abe5d98e,contact-sheet-preview,baseline/review-sheet-02.jpg,31,keep-preview-reviewed,No selection-blocking visual defect identified at the inspected preview scale.
kenney-furniture-lounge-design-chair,cc0-original,assets/kenney-furniture/lounge-design-chair.glb,f0766a7d5698974b711adac18a2108f0e74e3a036fa4e4e0ccf91195b0ee5abf,contact-sheet-preview,baseline/review-sheet-02.jpg,32,keep-preview-reviewed,No selection-blocking visual defect identified at the inspected preview scale.
kenney-furniture-lounge-design-sofa,cc0-original,assets/kenney-furniture/lounge-design-sofa.glb,b4f4e6850118e409da301df678228c703b6ac02e94fbb9dbde61543af817fa53,contact-sheet-preview,baseline/review-sheet-02.jpg,33,keep-preview-reviewed,No selection-blocking visual defect identified at the inspected preview scale.
kenney-furniture-lounge-design-sofa-corner,cc0-original,assets/kenney-furniture/lounge-design-sofa-corner.glb,fe665d07d53fdc6bc96e9fed453874ba4202b008194e1e24100b067081c62be1,contact-sheet-preview,baseline/review-sheet-02.jpg,34,keep-preview-reviewed,No selection-blocking visual defect identified at the inspected preview scale.
kenney-furniture-lounge-sofa,cc0-original,assets/kenney-furniture/lounge-sofa.glb,1886b811c0d3ad0d8525a4fd43adf4112c497c8e0ed906f06877ca3517f4c7dd,contact-sheet-preview,baseline/review-sheet-02.jpg,35,keep-preview-reviewed,No selection-blocking visual defect identified at the inspected preview scale.
kenney-furniture-lounge-sofa-corner,cc0-original,assets/kenney-furniture/lounge-sofa-corner.glb,bbdd91791e621ac71321eaf38a2432c53279792ef946707f23b216123bd52655,contact-sheet-preview,baseline/review-sheet-02.jpg,36,keep-preview-reviewed,No selection-blocking visual defect identified at the inspected preview scale.
kenney-furniture-lounge-sofa-long,cc0-original,assets/kenney-furniture/lounge-sofa-long.glb,452df1c862f97781615e2c1c832913b48cf6c6f011d3260dc023ff3f117cc9d1,contact-sheet-preview,baseline/review-sheet-02.jpg,37,keep-preview-reviewed,No selection-blocking visual defect identified at the inspected preview scale.
kenney-furniture-lounge-sofa-ottoman,cc0-original,assets/kenney-furniture/lounge-sofa-ottoman.glb,79087654136d7d69653fdc3b52a02d7833fe13e6a0a56b8dcdf652c611dbd959,contact-sheet-preview,baseline/review-sheet-02.jpg,38,keep-preview-reviewed,No selection-blocking visual defect identified at the inspected preview scale.
kenney-furniture-paneling,cc0-original,assets/kenney-furniture/paneling.glb,69234bb71f54b0241ef6b78c3c7aa8aa855aae745475645f9adec4895296a96c,contact-sheet-preview,baseline/review-sheet-02.jpg,39,keep-preview-reviewed,No selection-blocking visual defect identified at the inspected preview scale.
kenney-furniture-pillow,cc0-original,assets/kenney-furniture/pillow.glb,6fae7c190d0b676ef3efd35e5178cef21dffb5c80e1257d8b537ad424da0e5f6,contact-sheet-preview,baseline/review-sheet-02.jpg,40,keep-preview-reviewed,No selection-blocking visual defect identified at the inspected preview scale.
kenney-furniture-pillow-blue,cc0-original,assets/kenney-furniture/pillow-blue.glb,8326e018c09cb00c19c2c9b745f521cd7eba1169b755322b04f88440dbfef319,contact-sheet-preview,baseline/review-sheet-02.jpg,41,keep-preview-reviewed,No selection-blocking visual defect identified at the inspected preview scale.
kenney-furniture-pillow-blue-long,cc0-original,assets/kenney-furniture/pillow-blue-long.glb,b643f81a863595071b7907d3d0dcf5b1b0e3bb6ad8521db37778b2242ba46bbc,contact-sheet-preview,baseline/review-sheet-02.jpg,42,keep-preview-reviewed,No selection-blocking visual defect identified at the inspected preview scale.
kenney-furniture-pillow-long,cc0-original,assets/kenney-furniture/pillow-long.glb,d8490ae920413fd04c85a2164ef384d67a1ca257f761dec1cc7f06fa2c027283,contact-sheet-preview,baseline/review-sheet-02.jpg,43,keep-preview-reviewed,No selection-blocking visual defect identified at the inspected preview scale.
kenney-furniture-plant-small1,cc0-original,assets/kenney-furniture/plant-small1.glb,2b9c022feb47be857b2c4fdc29f36522766ba9b70c578c31d7c05d71b4377d15,contact-sheet-preview,baseline/review-sheet-02.jpg,44,keep-preview-reviewed,No selection-blocking visual defect identified at the inspected preview scale.
kenney-furniture-plant-small2,cc0-original,assets/kenney-furniture/plant-small2.glb,d7c8ff42c66dd4f9238a73570549813d1ca6c5f6f661d7af9cb764c4fce314b9,contact-sheet-preview,baseline/review-sheet-02.jpg,45,keep-preview-reviewed,No selection-blocking visual defect identified at the inspected preview scale.
kenney-furniture-plant-small3,cc0-original,assets/kenney-furniture/plant-small3.glb,1aa38b1b22bd19fa4f9f3abd8c4cbf50da2d6fa721cf1f9aa4d80bb89b1bef94,contact-sheet-preview,baseline/review-sheet-02.jpg,46,keep-preview-reviewed,No selection-blocking visual defect identified at the inspected preview scale.
kenney-furniture-potted-plant,cc0-original,assets/kenney-furniture/potted-plant.glb,5b760eda2766f75fda36b2c5df652a1662f82981ef64cd8fa7fe7bcd386b3a15,contact-sheet-preview,baseline/review-sheet-02.jpg,47,keep-preview-reviewed,No selection-blocking visual defect identified at the inspected preview scale.
kenney-furniture-radio,cc0-original,assets/kenney-furniture/radio.glb,1ba93d6ba6f049750853b4652b92f286f2898e527695a0705b75cc7615897fed,contact-sheet-preview,baseline/review-sheet-02.jpg,48,keep-preview-reviewed,No selection-blocking visual defect identified at the inspected preview scale.
kenney-furniture-rug-doormat,cc0-original,assets/kenney-furniture/rug-doormat.glb,bd888e41853342cdc0d34d3f09b99cedc50a144f47b514943b65cdb9a2cfd802,contact-sheet-preview,baseline/review-sheet-03.jpg,1,keep-preview-reviewed,No selection-blocking visual defect identified at the inspected preview scale.
kenney-furniture-rug-rectangle,cc0-original,assets/kenney-furniture/rug-rectangle.glb,a989d2d59c04e3071e0c90388b113a9a8f339ce1814ef984c51cb6dcd7c8e0eb,contact-sheet-preview,baseline/review-sheet-03.jpg,2,keep-preview-reviewed,No selection-blocking visual defect identified at the inspected preview scale.
kenney-furniture-rug-round,cc0-original,assets/kenney-furniture/rug-round.glb,c4cdc8f51ed2dbfb853b147521ed40e995307392fd3b19045b2203ea50f376db,contact-sheet-preview,baseline/review-sheet-03.jpg,3,keep-preview-reviewed,No selection-blocking visual defect identified at the inspected preview scale.
kenney-furniture-rug-rounded,cc0-original,assets/kenney-furniture/rug-rounded.glb,2ef5cc634bb1060a1a5774cfcaf6e11c235791c99d6b59da5fdbc09edfb95a68,contact-sheet-preview,baseline/review-sheet-03.jpg,4,keep-preview-reviewed,No selection-blocking visual defect identified at the inspected preview scale.
kenney-furniture-rug-square,cc0-original,assets/kenney-furniture/rug-square.glb,18a63634e9bbdde0b309c008f4cd41df8455f7f2ffdb8fe8985fdf8c2cd06b3d,contact-sheet-preview,baseline/review-sheet-03.jpg,5,keep-preview-reviewed,No selection-blocking visual defect identified at the inspected preview scale.
kenney-furniture-shower,cc0-original,assets/kenney-furniture/shower.glb,25c1cebad681fe369dc04839a8f08f5da2ccbd99b3a70aa83fe2e4d1590c6951,contact-sheet-preview,baseline/review-sheet-03.jpg,6,keep-preview-reviewed,No selection-blocking visual defect identified at the inspected preview scale.
kenney-furniture-shower-round,cc0-original,assets/kenney-furniture/shower-round.glb,1723208eaba3fb215089e02c8cdd3d7201d0980ad0c7b275319eb539f6094bfb,contact-sheet-preview,baseline/review-sheet-03.jpg,7,keep-preview-reviewed,No selection-blocking visual defect identified at the inspected preview scale.
kenney-furniture-side-table,cc0-original,assets/kenney-furniture/side-table.glb,8227810584f7d37582e4e9ec821c56f1dc54b99c88a8dc74242ea3b7402bc472,contact-sheet-preview,baseline/review-sheet-03.jpg,8,keep-preview-reviewed,No selection-blocking visual defect identified at the inspected preview scale.
kenney-furniture-side-table-drawers,cc0-original,assets/kenney-furniture/side-table-drawers.glb,911145653c11b103b2c2e84f3d019205d1886186015c3b52aceddc3801ae8fdf,contact-sheet-preview,baseline/review-sheet-03.jpg,9,keep-preview-reviewed,No selection-blocking visual defect identified at the inspected preview scale.
kenney-furniture-speaker,cc0-original,assets/kenney-furniture/speaker.glb,78230b9fb382a937cb19e4bf7556ee9402d33ac80b1baaee2d2eb89493cfa1fc,contact-sheet-preview,baseline/review-sheet-03.jpg,10,keep-preview-reviewed,No selection-blocking visual defect identified at the inspected preview scale.
kenney-furniture-speaker-small,cc0-original,assets/kenney-furniture/speaker-small.glb,34db09984703282822f3f57fc9a31bfdfa6a8f6bf8251893d0c907e7ee6601b2,contact-sheet-preview,baseline/review-sheet-03.jpg,11,keep-preview-reviewed,No selection-blocking visual defect identified at the inspected preview scale.
kenney-furniture-stairs,cc0-original,assets/kenney-furniture/stairs.glb,b442f997583e417fcb32ec89470ecc441b0556f416d3afe00e3f18c806e556a0,contact-sheet-preview,baseline/review-sheet-03.jpg,12,assembly-opt-in,"Valid construction component, separated from standalone props."
kenney-furniture-stairs-corner,cc0-original,assets/kenney-furniture/stairs-corner.glb,250d3c51e10fa250c30954b8a3d6bb0d011362be34ba85a50f5bebdd4184e0dc,contact-sheet-preview,baseline/review-sheet-03.jpg,13,assembly-opt-in,"Valid construction component, separated from standalone props."
kenney-furniture-stairs-open,cc0-original,assets/kenney-furniture/stairs-open.glb,cbfe1dc9fd66f1375f9c79ccff7069923655238fdf49c7c366653d17632453a5,contact-sheet-preview,baseline/review-sheet-03.jpg,14,assembly-opt-in,"Valid construction component, separated from standalone props."
kenney-furniture-stairs-open-single,cc0-original,assets/kenney-furniture/stairs-open-single.glb,97172c18eff61b844cfa871da32b6c639230adf20901188f378926861e7610de,contact-sheet-preview,baseline/review-sheet-03.jpg,15,assembly-opt-in,"Valid construction component, separated from standalone props."
kenney-furniture-stool-bar,cc0-original,assets/kenney-furniture/stool-bar.glb,a86167a9f92401a61fec7e509ad089ecc552d0f299743add3aeb919acb24e341,contact-sheet-preview,baseline/review-sheet-03.jpg,16,keep-preview-reviewed,No selection-blocking visual defect identified at the inspected preview scale.
kenney-furniture-stool-bar-square,cc0-original,assets/kenney-furniture/stool-bar-square.glb,a7e1099d64eb35416d4d8c9b16921ef12ae7c1c1e6fff5ea75f3ae19cc934a8b,contact-sheet-preview,baseline/review-sheet-03.jpg,17,keep-preview-reviewed,No selection-blocking visual defect identified at the inspected preview scale.
kenney-furniture-table,cc0-original,assets/kenney-furniture/table.glb,ff1a94498d023957f4bc3ff6f55a7a82977d336dbf01a573b3364f03afe5ff61,contact-sheet-preview,baseline/review-sheet-03.jpg,18,keep-preview-reviewed,No selection-blocking visual defect identified at the inspected preview scale.
kenney-furniture-table-cloth,cc0-original,assets/kenney-furniture/table-cloth.glb,64de52b5c4370724c29feefd68a65b157c55c88592e2096987bbce007ae80bcb,contact-sheet-preview,baseline/review-sheet-03.jpg,19,keep-preview-reviewed,No selection-blocking visual defect identified at the inspected preview scale.
kenney-furniture-table-coffee,cc0-original,assets/kenney-furniture/table-coffee.glb,e38bea760fbd514efbb75528d09b4752c91af44677bbb97e6d4386c263525179,contact-sheet-preview,baseline/review-sheet-03.jpg,20,keep-preview-reviewed,No selection-blocking visual defect identified at the inspected preview scale.
kenney-furniture-table-coffee-glass,cc0-original,assets/kenney-furniture/table-coffee-glass.glb,05bf257a086a540b3b79b0c1c7dae35b036ed4d520686aed74ea94ea701c447e,contact-sheet-preview,baseline/review-sheet-03.jpg,21,keep-preview-reviewed,No selection-blocking visual defect identified at the inspected preview scale.
kenney-furniture-table-coffee-glass-square,cc0-original,assets/kenney-furniture/table-coffee-glass-square.glb,e4a7ebef6ad0dbafee629df78b0edd88433a1059c4dd5fb3d70304ba2f71b945,contact-sheet-preview,baseline/review-sheet-03.jpg,22,keep-preview-reviewed,No selection-blocking visual defect identified at the inspected preview scale.
kenney-furniture-table-coffee-square,cc0-original,assets/kenney-furniture/table-coffee-square.glb,bcc81d8919a3af9141c9c93b4520106dd0a90a7144346cd87928014018aac816,contact-sheet-preview,baseline/review-sheet-03.jpg,23,keep-preview-reviewed,No selection-blocking visual defect identified at the inspected preview scale.
kenney-furniture-table-cross,cc0-original,assets/kenney-furniture/table-cross.glb,f0d83392aff5df82f6c9585cadff694643dbd30a4ff2b8bb01a00a7a161338a3,contact-sheet-preview,baseline/review-sheet-03.jpg,24,keep-preview-reviewed,No selection-blocking visual defect identified at the inspected preview scale.
kenney-furniture-table-cross-cloth,cc0-original,assets/kenney-furniture/table-cross-cloth.glb,3c16b86cdf9a9a82b80b97611030a1da2ed2e9e977ac76457e09a1547b0cebbc,contact-sheet-preview,baseline/review-sheet-03.jpg,25,keep-preview-reviewed,No selection-blocking visual defect identified at the inspected preview scale.
kenney-furniture-table-glass,cc0-original,assets/kenney-furniture/table-glass.glb,a5ed516d18b51cf5db3cc78f1403451f853a81db45510543d3ed56c1dd9c412b,contact-sheet-preview,baseline/review-sheet-03.jpg,26,keep-preview-reviewed,No selection-blocking visual defect identified at the inspected preview scale.
kenney-furniture-table-round,cc0-original,assets/kenney-furniture/table-round.glb,f8daea9124a542a00b7bdacfddac82dc468573d43e44d7b54dd6316e9695754b,contact-sheet-preview,baseline/review-sheet-03.jpg,27,keep-preview-reviewed,No selection-blocking visual defect identified at the inspected preview scale.
kenney-furniture-television-antenna,cc0-original,assets/kenney-furniture/television-antenna.glb,00eea4123b3efc7f8050fd3eaac0a83de3053c9e6cead18dc739260a429b2bb7,contact-sheet-preview,baseline/review-sheet-03.jpg,28,keep-preview-reviewed,No selection-blocking visual defect identified at the inspected preview scale.
kenney-furniture-television-modern,cc0-original,assets/kenney-furniture/television-modern.glb,d89519ad0a5f28b5b0dccb0d83209dccf610cda959578238dd21bbf9e219cfc6,contact-sheet-preview,baseline/review-sheet-03.jpg,29,keep-preview-reviewed,No selection-blocking visual defect identified at the inspected preview scale.
kenney-furniture-television-vintage,cc0-original,assets/kenney-furniture/television-vintage.glb,eb144cc8fb1e7f761e3665226e4266c8868679421d21d6548f24d2abad7c67cf,contact-sheet-preview,baseline/review-sheet-03.jpg,30,keep-preview-reviewed,No selection-blocking visual defect identified at the inspected preview scale.
kenney-furniture-toaster,cc0-original,assets/kenney-furniture/toaster.glb,38c1fb7b122be9997758c8ee855d87f28014cf282f24d66d39f4e8d8b236d2af,contact-sheet-preview,baseline/review-sheet-03.jpg,31,keep-preview-reviewed,No selection-blocking visual defect identified at the inspected preview scale.
kenney-furniture-toilet,cc0-original,assets/kenney-furniture/toilet.glb,16165cfd03c56c2cb443b800570810a22ef770f65e7a468f6761d9dc14eaaeae,contact-sheet-preview,baseline/review-sheet-03.jpg,32,keep-preview-reviewed,No selection-blocking visual defect identified at the inspected preview scale.
kenney-furniture-toilet-square,cc0-original,assets/kenney-furniture/toilet-square.glb,f241e26a22b0d9512d8455f3e868124f8032710c83c5265a546c19c67ecdd4b9,contact-sheet-preview,baseline/review-sheet-03.jpg,33,keep-preview-reviewed,No selection-blocking visual defect identified at the inspected preview scale.
kenney-furniture-trashcan,cc0-original,assets/kenney-furniture/trashcan.glb,e0ccc1fe50cbd05386477fdff527171d1cf7c0de2ba7ff3233f8d9561feb2561,contact-sheet-preview,baseline/review-sheet-03.jpg,34,keep-preview-reviewed,No selection-blocking visual defect identified at the inspected preview scale.
kenney-furniture-wall,cc0-original,assets/kenney-furniture/wall.glb,69273d5d623bddfce41d12d4e5eeb5621ea04f1edcbd8f35c00a60c2fd3258b7,contact-sheet-preview,baseline/review-sheet-03.jpg,35,assembly-opt-in,"Valid construction component, separated from standalone props."
kenney-furniture-wall-corner,cc0-original,assets/kenney-furniture/wall-corner.glb,0e6521caee1f9282784c52e0f651084e49f575b091ad97bf25540b8049757aef,contact-sheet-preview,baseline/review-sheet-03.jpg,36,assembly-opt-in,"Valid construction component, separated from standalone props."
kenney-furniture-wall-corner-rond,cc0-original,assets/kenney-furniture/wall-corner-rond.glb,33e87dd846335dca5fce8a0e242225bb97d4a7b47c3ae84df33ba97fe1da33bf,contact-sheet-preview,baseline/review-sheet-03.jpg,37,assembly-opt-in,"Valid construction component, separated from standalone props."
kenney-furniture-wall-doorway,cc0-original,assets/kenney-furniture/wall-doorway.glb,a55be1da05aa80c74749d0c38bd093fa5e2b1eaf21cbc9a7c3a0e6fbcfbe38e2,contact-sheet-preview,baseline/review-sheet-03.jpg,38,assembly-opt-in,"Valid construction component, separated from standalone props."
kenney-furniture-wall-doorway-wide,cc0-original,assets/kenney-furniture/wall-doorway-wide.glb,877af5b239f31f12027e3cec92aa26e97d511e1ae8673a8e3d7d13302d33edf3,contact-sheet-preview,baseline/review-sheet-03.jpg,39,assembly-opt-in,"Valid construction component, separated from standalone props."
kenney-furniture-wall-half,cc0-original,assets/kenney-furniture/wall-half.glb,24db9f126891b48b443dcfa9f80d79e4321c8780aede83fb6d8f384b3d4eb35f,contact-sheet-preview,baseline/review-sheet-03.jpg,40,assembly-opt-in,"Valid construction component, separated from standalone props."
kenney-furniture-wall-window,cc0-original,assets/kenney-furniture/wall-window.glb,166a10fddb8a78d942bc2791186913f7015dfee8501d20efd7a7b8f196fc5c3e,contact-sheet-preview,baseline/review-sheet-03.jpg,41,assembly-opt-in,"Valid construction component, separated from standalone props."
kenney-furniture-wall-window-slide,cc0-original,assets/kenney-furniture/wall-window-slide.glb,33e51d7ee74f13de318e419b0ebfb31fe7f6e9fd37050f13aa9347641b49376a,contact-sheet-preview,baseline/review-sheet-03.jpg,42,assembly-opt-in,"Valid construction component, separated from standalone props."
kenney-furniture-washer,cc0-original,assets/kenney-furniture/washer.glb,0c9704df1817d2699b72305b96cde097c9558bacabaef2fd5ab1ff4c03b81abf,contact-sheet-preview,baseline/review-sheet-03.jpg,43,keep-preview-reviewed,No selection-blocking visual defect identified at the inspected preview scale.
kenney-furniture-washer-dryer-stacked,cc0-original,assets/kenney-furniture/washer-dryer-stacked.glb,efcc2155ef170092dc2602a98179380de3442c2500998a6ca37cc5554d275676,contact-sheet-preview,baseline/review-sheet-03.jpg,44,keep-preview-reviewed,No selection-blocking visual defect identified at the inspected preview scale.
kenney-food-advocado-half,cc0-original,assets/kenney-food/advocado-half.glb,42c57ca7e8ba1648768b8e6a0623e4a1b36253efa43868f19a02f6068ae2842f,contact-sheet-preview,baseline/review-sheet-03.jpg,45,keep-preview-reviewed,No selection-blocking visual defect identified at the inspected preview scale.
kenney-food-apple-half,cc0-original,assets/kenney-food/apple-half.glb,888e39f1f300d94c960dd0641a7bebbbe7c5e2bdd9618b1445974f9ef871cfea,contact-sheet-preview,baseline/review-sheet-03.jpg,46,keep-preview-reviewed,No selection-blocking visual defect identified at the inspected preview scale.
kenney-food-apple,cc0-original,assets/kenney-food/apple.glb,442f7e20fc4551e1294c86338084bfcd0fcc72e78875138c53d487517f17027b,contact-sheet-preview,baseline/review-sheet-03.jpg,47,keep-preview-reviewed,No selection-blocking visual defect identified at the inspected preview scale.
kenney-food-avocado,cc0-original,assets/kenney-food/avocado.glb,41de9ad6b86bff649f8e412b22352774e2f0323bcbacd10f007e770c704dcb3a,contact-sheet-preview,baseline/review-sheet-03.jpg,48,keep-preview-reviewed,No selection-blocking visual defect identified at the inspected preview scale.
kenney-food-bacon-raw,cc0-original,assets/kenney-food/bacon-raw.glb,d3cbcdad666ec6159cfcd1642270d86c469ac12f28cf3b63b6a99f54fb536695,contact-sheet-preview,baseline/review-sheet-04.jpg,1,keep-preview-reviewed,No selection-blocking visual defect identified at the inspected preview scale.
kenney-food-bacon,cc0-original,assets/kenney-food/bacon.glb,467583ff80898a37d8653b355819711417b95bce4d77572302047b218d822cbb,contact-sheet-preview,baseline/review-sheet-04.jpg,2,keep-preview-reviewed,No selection-blocking visual defect identified at the inspected preview scale.
kenney-food-bag-flat,cc0-original,assets/kenney-food/bag-flat.glb,c437b0e4075a70772013914c0f9f73aa96273f701b4684a903d54fa390e6e67d,contact-sheet-preview,baseline/review-sheet-04.jpg,3,keep-preview-reviewed,No selection-blocking visual defect identified at the inspected preview scale.
kenney-food-bag,cc0-original,assets/kenney-food/bag.glb,9a1a3cee8d542ac087de8de90bbb7c641c21e4113017dbd59305de4eab8f6c45,contact-sheet-preview,baseline/review-sheet-04.jpg,4,keep-preview-reviewed,No selection-blocking visual defect identified at the inspected preview scale.
kenney-food-banana,cc0-original,assets/kenney-food/banana.glb,94dbe363cec3b738216e7db212a93daa13a708f9488466b07df04549564d56fe,contact-sheet-preview,baseline/review-sheet-04.jpg,5,keep-preview-reviewed,No selection-blocking visual defect identified at the inspected preview scale.
kenney-food-barrel,cc0-original,assets/kenney-food/barrel.glb,349c51becd64b3d5f8f9286ad616b091da5009436edf13b87f551b7c7352ef58,contact-sheet-preview,baseline/review-sheet-04.jpg,6,keep-preview-reviewed,No selection-blocking visual defect identified at the inspected preview scale.
kenney-food-beet,cc0-original,assets/kenney-food/beet.glb,a02d7659a4d67863318b0b49e4b457dca58079dad0152d40a3fb8d5ada1d92b4,contact-sheet-preview,baseline/review-sheet-04.jpg,7,keep-preview-reviewed,No selection-blocking visual defect identified at the inspected preview scale.
kenney-food-bottle-ketchup,cc0-original,assets/kenney-food/bottle-ketchup.glb,a4d15af612c3c1d1c0cc1cab01c550d917a9ef2dc3276f0003a1ed9e7ab1c9a1,contact-sheet-preview,baseline/review-sheet-04.jpg,8,keep-preview-reviewed,No selection-blocking visual defect identified at the inspected preview scale.
kenney-food-bottle-musterd,cc0-original,assets/kenney-food/bottle-musterd.glb,a0e356f8c4d496a2ded0ffae8b32da3912c23481b4b2fcd075339b9b196a3b6d,contact-sheet-preview,baseline/review-sheet-04.jpg,9,keep-preview-reviewed,No selection-blocking visual defect identified at the inspected preview scale.
kenney-food-bottle-oil,cc0-original,assets/kenney-food/bottle-oil.glb,6e4476efbbbd2f06964f0ab5c4a69d1f73802537fd2563310c655d10c5008136,contact-sheet-preview,baseline/review-sheet-04.jpg,10,keep-preview-reviewed,No selection-blocking visual defect identified at the inspected preview scale.
kenney-food-bowl-broth,cc0-original,assets/kenney-food/bowl-broth.glb,c290fd32ae76678ffaa9d20eecf5e9f32ceaa0ef522009dd2278effe0b65ce50,contact-sheet-preview,baseline/review-sheet-04.jpg,11,keep-preview-reviewed,No selection-blocking visual defect identified at the inspected preview scale.
kenney-food-bowl-cereal,cc0-original,assets/kenney-food/bowl-cereal.glb,bec1ac79103ab704b12390e41e4c3a486aa6c0dfa6845243815120375bc15457,contact-sheet-preview,baseline/review-sheet-04.jpg,12,keep-preview-reviewed,No selection-blocking visual defect identified at the inspected preview scale.
kenney-food-bowl-soup,cc0-original,assets/kenney-food/bowl-soup.glb,904fd3fa7e102b1ad414fbf4a37fa0165791f24f950243366b2e49f3794a0095,contact-sheet-preview,baseline/review-sheet-04.jpg,13,keep-preview-reviewed,No selection-blocking visual defect identified at the inspected preview scale.
kenney-food-bowl,cc0-original,assets/kenney-food/bowl.glb,9c007cb436ee356a2b00033ced199b888c04b01f5614d73a89cf0247c562c51e,contact-sheet-preview,baseline/review-sheet-04.jpg,14,keep-preview-reviewed,No selection-blocking visual defect identified at the inspected preview scale.
kenney-food-bread,cc0-original,assets/kenney-food/bread.glb,f1e3c42c82294c0c3e90dc3c33551df63e330f539174e09f464a71260998097f,contact-sheet-preview,baseline/review-sheet-04.jpg,15,keep-preview-reviewed,No selection-blocking visual defect identified at the inspected preview scale.
kenney-food-broccoli,cc0-original,assets/kenney-food/broccoli.glb,367ddfa0335bfb48703458400f4db7fc8720811abc46d0fe3289b701a90cbd11,contact-sheet-preview,baseline/review-sheet-04.jpg,16,keep-preview-reviewed,No selection-blocking visual defect identified at the inspected preview scale.
kenney-food-burger-cheese-double,cc0-original,assets/kenney-food/burger-cheese-double.glb,33a83840791a63539ac1e6f44fb6091c4f6ebfddcf6525982fac0a18dc423989,contact-sheet-preview,baseline/review-sheet-04.jpg,17,keep-preview-reviewed,No selection-blocking visual defect identified at the inspected preview scale.
kenney-food-burger-cheese,cc0-original,assets/kenney-food/burger-cheese.glb,dfe3fb18cd5b93bf002186adfcf264012f7ec65f9854e992a196159411c5bf32,contact-sheet-preview,baseline/review-sheet-04.jpg,18,keep-preview-reviewed,No selection-blocking visual defect identified at the inspected preview scale.
kenney-food-burger-double,cc0-original,assets/kenney-food/burger-double.glb,7621de4941ce926c4122d7bf5ef740ff8ee32700ac676b0747a22d4abcfa48cb,contact-sheet-preview,baseline/review-sheet-04.jpg,19,keep-preview-reviewed,No selection-blocking visual defect identified at the inspected preview scale.
kenney-food-burger,cc0-original,assets/kenney-food/burger.glb,99e1162f032eeb02295da8a61f9bed4265cb7a63fc8d6f1faac6a2dd540508e8,contact-sheet-preview,baseline/review-sheet-04.jpg,20,keep-preview-reviewed,No selection-blocking visual defect identified at the inspected preview scale.
kenney-food-cabbage,cc0-original,assets/kenney-food/cabbage.glb,37dd608086d8c40b5c17d5cc3020ba7c9efee0c3ddfa22e51d24b99f0b5945e4,contact-sheet-preview,baseline/review-sheet-04.jpg,21,keep-preview-reviewed,No selection-blocking visual defect identified at the inspected preview scale.
kenney-food-cake-birthday,cc0-original,assets/kenney-food/cake-birthday.glb,d8eaa6a84c479093e212b1503b1f519d3b2f68227f427b3b8262d099897e72b5,contact-sheet-preview,baseline/review-sheet-04.jpg,22,keep-preview-reviewed,No selection-blocking visual defect identified at the inspected preview scale.
kenney-food-cake-slicer,cc0-original,assets/kenney-food/cake-slicer.glb,cae7fac6c2d7a48dd377a74f4f38ca37871de4ba6f04e945ac2d58d12ce4d4e1,contact-sheet-preview,baseline/review-sheet-04.jpg,23,keep-preview-reviewed,No selection-blocking visual defect identified at the inspected preview scale.
kenney-food-cake,cc0-original,assets/kenney-food/cake.glb,9aaf404b02a9ca41113f1bcfb423185a7ca50e2db2c2036417ee8112b58db7fe,contact-sheet-preview,baseline/review-sheet-04.jpg,24,keep-preview-reviewed,No selection-blocking visual defect identified at the inspected preview scale.
kenney-food-can-open,cc0-original,assets/kenney-food/can-open.glb,11b9b3d188fd7a3c43b2ecfd5efd1b97107bccd6d007c380312cd7ec7bf74e60,contact-sheet-preview,baseline/review-sheet-04.jpg,25,keep-preview-reviewed,No selection-blocking visual defect identified at the inspected preview scale.
kenney-food-can-small,cc0-original,assets/kenney-food/can-small.glb,863aec9d59a16e713b6ebb25279fc65fcee8234d3277c31034fb96b9c5270b6a,contact-sheet-preview,baseline/review-sheet-04.jpg,26,keep-preview-reviewed,No selection-blocking visual defect identified at the inspected preview scale.
kenney-food-can,cc0-original,assets/kenney-food/can.glb,8bb693ff8dd3d03e3cc9af9ac5dc0ff294d6b5b108ab2aaea2cc7e7095207462,contact-sheet-preview,baseline/review-sheet-04.jpg,27,keep-preview-reviewed,No selection-blocking visual defect identified at the inspected preview scale.
kenney-food-candy-bar-wrapper,cc0-original,assets/kenney-food/candy-bar-wrapper.glb,9da409c85248ce5258ce35b80468f218ff5a67489c42c14be62af0578756a7b3,contact-sheet-preview,baseline/review-sheet-04.jpg,28,keep-preview-reviewed,No selection-blocking visual defect identified at the inspected preview scale.
kenney-food-candy-bar,cc0-original,assets/kenney-food/candy-bar.glb,583eaa24cb7cd42286d09665de08aebb7d8c6a6634cd69ab26a0be68249366c0,contact-sheet-preview,baseline/review-sheet-04.jpg,29,keep-preview-reviewed,No selection-blocking visual defect identified at the inspected preview scale.
kenney-food-carrot,cc0-original,assets/kenney-food/carrot.glb,b435464ae3ad4178e103860d0be9c131facb0c58b7d946e3c7e6524f30e7954e,contact-sheet-preview,baseline/review-sheet-04.jpg,30,keep-preview-reviewed,No selection-blocking visual defect identified at the inspected preview scale.
kenney-food-carton-small,cc0-original,assets/kenney-food/carton-small.glb,328aeddf1f71cd051f204a84f846963f79b91afec433ee4782bbd94eb15c0c35,contact-sheet-preview,baseline/review-sheet-04.jpg,31,keep-preview-reviewed,No selection-blocking visual defect identified at the inspected preview scale.
kenney-food-carton,cc0-original,assets/kenney-food/carton.glb,373bbaa557ea2c6eb45ae1ef458ffa14c6ccb0fc8672ac7e1f8eab26f267e7eb,contact-sheet-preview,baseline/review-sheet-04.jpg,32,keep-preview-reviewed,No selection-blocking visual defect identified at the inspected preview scale.
kenney-food-cauliflower,cc0-original,assets/kenney-food/cauliflower.glb,35d4f13cbd6d4bada4f166f3df106b04c0203e063187f06bc86d3459cd02d811,contact-sheet-preview,baseline/review-sheet-04.jpg,33,keep-preview-reviewed,No selection-blocking visual defect identified at the inspected preview scale.
kenney-food-celery-stick,cc0-original,assets/kenney-food/celery-stick.glb,e4914bd3d9b5f034115e9eb30ffd57bab71c0c98c0aa96fc8f4f2978b38b7663,contact-sheet-preview,baseline/review-sheet-04.jpg,34,keep-preview-reviewed,No selection-blocking visual defect identified at the inspected preview scale.
kenney-food-cheese-cut,cc0-original,assets/kenney-food/cheese-cut.glb,51aabce9f5b796b4181e8893b17386055e4da90a5175b7d4b91250f4e0fba3ce,contact-sheet-preview,baseline/review-sheet-04.jpg,35,keep-preview-reviewed,No selection-blocking visual defect identified at the inspected preview scale.
kenney-food-cheese-slicer,cc0-original,assets/kenney-food/cheese-slicer.glb,38ae60572d8c406ea6393124c575d1868efd76e7691ca01b93e3795db739bdb2,contact-sheet-preview,baseline/review-sheet-04.jpg,36,keep-preview-reviewed,No selection-blocking visual defect identified at the inspected preview scale.
kenney-food-cheese,cc0-original,assets/kenney-food/cheese.glb,6c91c995046dc1510fda1939f4dd85628bee8b1ff871b4dd44a4275d5e26fc18,contact-sheet-preview,baseline/review-sheet-04.jpg,37,keep-preview-reviewed,No selection-blocking visual defect identified at the inspected preview scale.
kenney-food-cherries,cc0-original,assets/kenney-food/cherries.glb,c26b4a5f44bd6a9a6a20fe27745caa1df4532e6273fdf0a62e4045e512264b48,contact-sheet-preview,baseline/review-sheet-04.jpg,38,keep-preview-reviewed,No selection-blocking visual defect identified at the inspected preview scale.
kenney-food-chinese,cc0-original,assets/kenney-food/chinese.glb,3dd5e72df63aeda0b6119d8eb5a04566b1c38aebc7ce41aaae6b2ca9a658e604,contact-sheet-preview,baseline/review-sheet-04.jpg,39,keep-preview-reviewed,No selection-blocking visual defect identified at the inspected preview scale.
kenney-food-chocolate-wrapper,cc0-original,assets/kenney-food/chocolate-wrapper.glb,3947016eb80c6ee1bec08ecb314f107a27719e3859fbec351fa7fd69cfac4bd8,contact-sheet-preview,baseline/review-sheet-04.jpg,40,keep-preview-reviewed,No selection-blocking visual defect identified at the inspected preview scale.
kenney-food-chocolate,cc0-original,assets/kenney-food/chocolate.glb,12101831be0403ec3c3b91e025ab140601ea8c74b60246b7f4f12f2d0b686878,contact-sheet-preview,baseline/review-sheet-04.jpg,41,keep-preview-reviewed,No selection-blocking visual defect identified at the inspected preview scale.
kenney-food-chopstic-decorative,cc0-original,assets/kenney-food/chopstic-decorative.glb,c46b5143f47c2ca601c516acaab9e70d873ea5eb3dbe5b4da8a84830e45355cb,contact-sheet-preview,baseline/review-sheet-04.jpg,42,keep-preview-reviewed,No selection-blocking visual defect identified at the inspected preview scale.
kenney-food-chopstick,cc0-original,assets/kenney-food/chopstick.glb,431202f9caf77c3716271ca03f179862cdee4816c401d7e9ff20ee169e85023c,contact-sheet-preview,baseline/review-sheet-04.jpg,43,keep-preview-reviewed,No selection-blocking visual defect identified at the inspected preview scale.
kenney-food-cocktail,cc0-original,assets/kenney-food/cocktail.glb,2ccae9351fbb30dd76e629a57d405eaef0b3f83c40f0c291ff2d261808289669,contact-sheet-preview,baseline/review-sheet-04.jpg,44,keep-preview-reviewed,No selection-blocking visual defect identified at the inspected preview scale.
kenney-food-coconut-half,cc0-original,assets/kenney-food/coconut-half.glb,2ec55464eb47f6a2ac20c4086194af3b191b79df5255ebe1218d08b02328ae53,contact-sheet-preview,baseline/review-sheet-04.jpg,45,keep-preview-reviewed,No selection-blocking visual defect identified at the inspected preview scale.
kenney-food-coconut,cc0-original,assets/kenney-food/coconut.glb,b98aee33243fe4227d6dbc86e30bc5f3ec5a735f72293913cc4142cd186237ff,contact-sheet-preview,baseline/review-sheet-04.jpg,46,keep-preview-reviewed,No selection-blocking visual defect identified at the inspected preview scale.
kenney-food-cookie-chocolate,cc0-original,assets/kenney-food/cookie-chocolate.glb,6adf6ba7b5dcf5e4c9b7d3bbb259a6b70e781a846f1ea71c0f013ccc8da75d38,contact-sheet-preview,baseline/review-sheet-04.jpg,47,keep-preview-reviewed,No selection-blocking visual defect identified at the inspected preview scale.
kenney-food-cookie,cc0-original,assets/kenney-food/cookie.glb,e64ce4cfb56064370c1a6da7544369958d0c87befdcaab1a226982dde430c79f,contact-sheet-preview,baseline/review-sheet-04.jpg,48,keep-preview-reviewed,No selection-blocking visual defect identified at the inspected preview scale.
kenney-food-cooking-fork,cc0-original,assets/kenney-food/cooking-fork.glb,3512f5f5080ca1186afa5d260b3221374923468aedb317920edd6dbf41f955cf,contact-sheet-preview,baseline/review-sheet-05.jpg,1,keep-preview-reviewed,No selection-blocking visual defect identified at the inspected preview scale.
kenney-food-cooking-knife-chopping,cc0-original,assets/kenney-food/cooking-knife-chopping.glb,0e9f90f130038d1ad7a23c12a35cd041f69a3533e800b04ce95668886ac95ff5,contact-sheet-preview,baseline/review-sheet-05.jpg,2,keep-preview-reviewed,No selection-blocking visual defect identified at the inspected preview scale.
kenney-food-cooking-knife,cc0-original,assets/kenney-food/cooking-knife.glb,068b232b4c42f3043f5e706414c4b9bf9c00693ea7ca5fd4b1fb4ddb29ecd178,contact-sheet-preview,baseline/review-sheet-05.jpg,3,keep-preview-reviewed,No selection-blocking visual defect identified at the inspected preview scale.
kenney-food-cooking-spatula,cc0-original,assets/kenney-food/cooking-spatula.glb,b25e5777f4fac2bc8046be9984d153dbd09215bd7a61f0e4742c0404081ff4ea,contact-sheet-preview,baseline/review-sheet-05.jpg,4,keep-preview-reviewed,No selection-blocking visual defect identified at the inspected preview scale.
kenney-food-cooking-spoon,cc0-original,assets/kenney-food/cooking-spoon.glb,7351094795579e3e1393823ad48ba45d49745852cabf9aeb03c49c8d004b77d3,contact-sheet-preview,baseline/review-sheet-05.jpg,5,keep-preview-reviewed,No selection-blocking visual defect identified at the inspected preview scale.
kenney-food-corn-dog,cc0-original,assets/kenney-food/corn-dog.glb,8456103e148a7a80fe59939c0fb4126f28406da91d2b74130629790b88f068e4,contact-sheet-preview,baseline/review-sheet-05.jpg,6,keep-preview-reviewed,No selection-blocking visual defect identified at the inspected preview scale.
kenney-food-corn,cc0-original,assets/kenney-food/corn.glb,7a9770b3443260f17c8619317fb4909670e840fbf2e402cec7d95d0a212be6da,contact-sheet-preview,baseline/review-sheet-05.jpg,7,keep-preview-reviewed,No selection-blocking visual defect identified at the inspected preview scale.
kenney-food-croissant,cc0-original,assets/kenney-food/croissant.glb,b980b42b3744a13d0752cf0e7bab705197ebe675567fd7662b00f3662ab9cd5c,contact-sheet-preview,baseline/review-sheet-05.jpg,8,keep-preview-reviewed,No selection-blocking visual defect identified at the inspected preview scale.
kenney-food-cup-coffee,cc0-original,assets/kenney-food/cup-coffee.glb,e27b36f6ed0e913d1fd5536bc72a56f70d590a7d268d80578daf3baf60e9fba4,contact-sheet-preview,baseline/review-sheet-05.jpg,9,keep-preview-reviewed,No selection-blocking visual defect identified at the inspected preview scale.
kenney-food-cup-saucer,cc0-original,assets/kenney-food/cup-saucer.glb,f7f58531c9fbcf3b2e1dbb9d1ae8585d1520a434ca588d693df3ca9e640dee9c,contact-sheet-preview,baseline/review-sheet-05.jpg,10,keep-preview-reviewed,No selection-blocking visual defect identified at the inspected preview scale.
kenney-food-cup-tea,cc0-original,assets/kenney-food/cup-tea.glb,107874f153ec3011205c07f38d0be26764a73bdc9c8d8b665c2d41d82534daeb,contact-sheet-preview,baseline/review-sheet-05.jpg,11,keep-preview-reviewed,No selection-blocking visual defect identified at the inspected preview scale.
kenney-food-cup,cc0-original,assets/kenney-food/cup.glb,55a5c57b2a39de997601df33d3770c40a562a79dd44badf57a40e1ee824e3780,contact-sheet-preview,baseline/review-sheet-05.jpg,12,keep-preview-reviewed,No selection-blocking visual defect identified at the inspected preview scale.
kenney-food-cupcake,cc0-original,assets/kenney-food/cupcake.glb,11e08b9c263b60a2bd89579181be0158320908f4c936fee71cfc921bf171957b,contact-sheet-preview,baseline/review-sheet-05.jpg,13,keep-preview-reviewed,No selection-blocking visual defect identified at the inspected preview scale.
kenney-food-cutting-board-japanese,cc0-original,assets/kenney-food/cutting-board-japanese.glb,94208d6254c8c4a57561e60f97a6f5d8385721d5246b394e38c15f184a979ec3,contact-sheet-preview,baseline/review-sheet-05.jpg,14,keep-preview-reviewed,No selection-blocking visual defect identified at the inspected preview scale.
kenney-food-cutting-board-round,cc0-original,assets/kenney-food/cutting-board-round.glb,e2cd3216faed0d3db438d19f71b6c8a44b077a095c58d8a52bf2acd2eee55335,contact-sheet-preview,baseline/review-sheet-05.jpg,15,keep-preview-reviewed,No selection-blocking visual defect identified at the inspected preview scale.
kenney-food-cutting-board,cc0-original,assets/kenney-food/cutting-board.glb,2ce377cd6c2aa3c7dbfc07e5b9afa2090ad93667643ebccf21420289b12cc69a,contact-sheet-preview,baseline/review-sheet-05.jpg,16,keep-preview-reviewed,No selection-blocking visual defect identified at the inspected preview scale.
kenney-food-dim-sum,cc0-original,assets/kenney-food/dim-sum.glb,704fbaec1d55daa7bdad3e05d91afa3722361e86a2af6d39c6b3362b18c79256,contact-sheet-preview,baseline/review-sheet-05.jpg,17,keep-preview-reviewed,No selection-blocking visual defect identified at the inspected preview scale.
kenney-food-donut-chocolate,cc0-original,assets/kenney-food/donut-chocolate.glb,aab984c4882c50b5c92afa96d0c053dd3396a8b7d5d7331d08384a9ce3b292af,contact-sheet-preview,baseline/review-sheet-05.jpg,18,keep-preview-reviewed,No selection-blocking visual defect identified at the inspected preview scale.
kenney-food-donut-sprinkles,cc0-original,assets/kenney-food/donut-sprinkles.glb,da85adbdd1f0731b5a888f4d4cfde85e65004d56ce2ce67ffbc8a2be84abf7f3,contact-sheet-preview,baseline/review-sheet-05.jpg,19,keep-preview-reviewed,No selection-blocking visual defect identified at the inspected preview scale.
kenney-food-donut,cc0-original,assets/kenney-food/donut.glb,0399459e785c22fd27f83ebb30ace25c4c94913f4741de45f432e9e3f2c76f68,contact-sheet-preview,baseline/review-sheet-05.jpg,20,keep-preview-reviewed,No selection-blocking visual defect identified at the inspected preview scale.
kenney-food-egg-cooked,cc0-original,assets/kenney-food/egg-cooked.glb,9dd9be532da34143264101238e02e5ee1c32b8de6b2414f4e13cb678d23097b7,contact-sheet-preview,baseline/review-sheet-05.jpg,21,keep-preview-reviewed,No selection-blocking visual defect identified at the inspected preview scale.
kenney-food-egg-cup,cc0-original,assets/kenney-food/egg-cup.glb,c9f97c074b4aaed9e641027cbf28e03ab7fbe4187de40857efd281c22c0c8065,contact-sheet-preview,baseline/review-sheet-05.jpg,22,keep-preview-reviewed,No selection-blocking visual defect identified at the inspected preview scale.
kenney-food-egg-half,cc0-original,assets/kenney-food/egg-half.glb,423e4805c1afc9acb33679df3c49fe16c1cf5e6e421221f13e34a1212723e00f,contact-sheet-preview,baseline/review-sheet-05.jpg,23,keep-preview-reviewed,No selection-blocking visual defect identified at the inspected preview scale.
kenney-food-egg,cc0-original,assets/kenney-food/egg.glb,1295674838edc03a4c6d0c9109daf7a7274894189a0a2c1b87068abbdd3dca50,contact-sheet-preview,baseline/review-sheet-05.jpg,24,keep-preview-reviewed,No selection-blocking visual defect identified at the inspected preview scale.
kenney-food-eggplant,cc0-original,assets/kenney-food/eggplant.glb,126bc20e9cff0c44a16d25a8d14a63701d6f64c0388091343434e6a4d1773c01,contact-sheet-preview,baseline/review-sheet-05.jpg,25,keep-preview-reviewed,No selection-blocking visual defect identified at the inspected preview scale.
kenney-food-fish-bones,cc0-original,assets/kenney-food/fish-bones.glb,1c2205eced6863fbc45d936f9ca5f2c2d7835bd5f547fd2561abeacfa1df1d1c,contact-sheet-preview,baseline/review-sheet-05.jpg,26,keep-preview-reviewed,No selection-blocking visual defect identified at the inspected preview scale.
kenney-food-fish,cc0-original,assets/kenney-food/fish.glb,bedf607931a059ccc26693c10669caccadc954c6169a92885e88d720ebaf0eda,contact-sheet-preview,baseline/review-sheet-05.jpg,27,keep-preview-reviewed,No selection-blocking visual defect identified at the inspected preview scale.
kenney-food-frappe,cc0-original,assets/kenney-food/frappe.glb,85fc8a69bfcd067f029eafda99430659b588de1d0c386e9768d44a9484fb3744,contact-sheet-preview,baseline/review-sheet-05.jpg,28,keep-preview-reviewed,No selection-blocking visual defect identified at the inspected preview scale.
kenney-food-fries-empty,cc0-original,assets/kenney-food/fries-empty.glb,1fc813d10c963fb5644d7e59763108f554c147f426b24f5085b00449d9bf7e4e,contact-sheet-preview,baseline/review-sheet-05.jpg,29,keep-preview-reviewed,No selection-blocking visual defect identified at the inspected preview scale.
kenney-food-fries,cc0-original,assets/kenney-food/fries.glb,51667b1f172bd06cad09b8b0820ca8872a6e27adf46f51400d11efd59989dd56,contact-sheet-preview,baseline/review-sheet-05.jpg,30,keep-preview-reviewed,No selection-blocking visual defect identified at the inspected preview scale.
kenney-food-frikandel-speciaal,cc0-original,assets/kenney-food/frikandel-speciaal.glb,e123ceb6c7da9eb7b55b24122443d8877f717373c4d408bb08c1f35f3f3f7f79,contact-sheet-preview,baseline/review-sheet-05.jpg,31,keep-preview-reviewed,No selection-blocking visual defect identified at the inspected preview scale.
kenney-food-frying-pan-lid,cc0-original,assets/kenney-food/frying-pan-lid.glb,31e09e2e9fa36032cda921367be22bd417f81a456254f4a7dbb897e6935804f5,contact-sheet-preview,baseline/review-sheet-05.jpg,32,keep-preview-reviewed,No selection-blocking visual defect identified at the inspected preview scale.
kenney-food-frying-pan,cc0-original,assets/kenney-food/frying-pan.glb,e9e49285d7140ec2ae1ee97e213c33bfee59a5cc2666b5c894e3765011c417c3,contact-sheet-preview,baseline/review-sheet-05.jpg,33,keep-preview-reviewed,No selection-blocking visual defect identified at the inspected preview scale.
kenney-food-ginger-bread-cutter,cc0-original,assets/kenney-food/ginger-bread-cutter.glb,fce818417dce9b5e1a84819615166ea8ed406476d54dd95e19c8fc6767020659,contact-sheet-preview,baseline/review-sheet-05.jpg,34,keep-preview-reviewed,No selection-blocking visual defect identified at the inspected preview scale.
kenney-food-ginger-bread,cc0-original,assets/kenney-food/ginger-bread.glb,b472919b16f39ad1483ff61be076d90fb4e130877e71449203a7e7a2ec281cd9,contact-sheet-preview,baseline/review-sheet-05.jpg,35,keep-preview-reviewed,No selection-blocking visual defect identified at the inspected preview scale.
kenney-food-glass-wine,cc0-original,assets/kenney-food/glass-wine.glb,9612552070537941a8558ee2bf41b3ff109e74d81481b10a0e0ed7ac3787df4a,contact-sheet-preview,baseline/review-sheet-05.jpg,36,hide-from-new-selection,Dense black speckled/interference artifacts in actual model preview.
kenney-food-glass,cc0-original,assets/kenney-food/glass.glb,339003a428aca24743a1f724b24ecfef5b98e877f2747b7663ca8e222976c5b7,contact-sheet-preview,baseline/review-sheet-05.jpg,37,keep-preview-reviewed,No selection-blocking visual defect identified at the inspected preview scale.
kenney-food-grapes,cc0-original,assets/kenney-food/grapes.glb,ebc8d19ed860b074497f201fe1a6135b36362794152d99630517c3da4e8aa289,contact-sheet-preview,baseline/review-sheet-05.jpg,38,keep-preview-reviewed,No selection-blocking visual defect identified at the inspected preview scale.
kenney-food-honey,cc0-original,assets/kenney-food/honey.glb,74a1c13f1e96d5d45184bb1f6a5bc815cc396756e0dc804e615a1bc0f0b32b86,contact-sheet-preview,baseline/review-sheet-05.jpg,39,keep-preview-reviewed,No selection-blocking visual defect identified at the inspected preview scale.
kenney-food-hot-dog-raw,cc0-original,assets/kenney-food/hot-dog-raw.glb,d3c47c6507ec52380b894c8a98d6483c20b7e2acedfd3fbf3afb749a9b290cb6,contact-sheet-preview,baseline/review-sheet-05.jpg,40,keep-preview-reviewed,No selection-blocking visual defect identified at the inspected preview scale.
kenney-food-hot-dog,cc0-original,assets/kenney-food/hot-dog.glb,7a94f2a31006e6bbe85154617224b5b0492e52dfb4e46d1c49846931ec316350,contact-sheet-preview,baseline/review-sheet-05.jpg,41,keep-preview-reviewed,No selection-blocking visual defect identified at the inspected preview scale.
kenney-food-ice-cream-cne,cc0-original,assets/kenney-food/ice-cream-cne.glb,f5f2f0b06af6319a94368df00314de22a90bc78ca4fa188cca9cd45657c50074,contact-sheet-preview,baseline/review-sheet-05.jpg,42,keep-preview-reviewed,No selection-blocking visual defect identified at the inspected preview scale.
kenney-food-ice-cream-cup,cc0-original,assets/kenney-food/ice-cream-cup.glb,83e74d329a3b0c965c58000e604ea59143f4bb75f0345c17bccb45e7bc00eecf,contact-sheet-preview,baseline/review-sheet-05.jpg,43,keep-preview-reviewed,No selection-blocking visual defect identified at the inspected preview scale.
kenney-food-ice-cream-scoop-chocolate,cc0-original,assets/kenney-food/ice-cream-scoop-chocolate.glb,cb253f0b693a47d9a9a781fc9d04e9ec74596aec3da7878a402441fb6dee3a26,contact-sheet-preview,baseline/review-sheet-05.jpg,44,keep-preview-reviewed,No selection-blocking visual defect identified at the inspected preview scale.
kenney-food-ice-cream-scoop-mint,cc0-original,assets/kenney-food/ice-cream-scoop-mint.glb,95fd6e3ec36f05d2c8f6e8757de48a16533d0639ef9a9946ac9659481a7e4253,contact-sheet-preview,baseline/review-sheet-05.jpg,45,keep-preview-reviewed,No selection-blocking visual defect identified at the inspected preview scale.
kenney-food-ice-cream,cc0-original,assets/kenney-food/ice-cream.glb,896ddb04c01ed21cc2273769fa697fc27f0166b6c7348381c4584d836ef8d4dc,contact-sheet-preview,baseline/review-sheet-05.jpg,46,keep-preview-reviewed,No selection-blocking visual defect identified at the inspected preview scale.
kenney-food-knife-block,cc0-original,assets/kenney-food/knife-block.glb,9841434f942b00488425d75dd9c6a5ec1895364b748d77e8e65aa0fe205eb26c,contact-sheet-preview,baseline/review-sheet-05.jpg,47,keep-preview-reviewed,No selection-blocking visual defect identified at the inspected preview scale.
kenney-food-leek,cc0-original,assets/kenney-food/leek.glb,dfa4f8061d18efc4a8cd9e7fce5995a7f090675f31cb0b0a71d5c950e5fd8988,contact-sheet-preview,baseline/review-sheet-05.jpg,48,keep-preview-reviewed,No selection-blocking visual defect identified at the inspected preview scale.
kenney-food-lemon-half,cc0-original,assets/kenney-food/lemon-half.glb,5375bfdc797e079f929c69a2f821e74dd7ce10acfa2ed52d11cc0eb0a86d7695,contact-sheet-preview,baseline/review-sheet-06.jpg,1,keep-preview-reviewed,No selection-blocking visual defect identified at the inspected preview scale.
kenney-food-lemon,cc0-original,assets/kenney-food/lemon.glb,1e731d3fc3adc21d8041509bfb36ec63cd811c724200b58c8c8ccb34e5aa5562,contact-sheet-preview,baseline/review-sheet-06.jpg,2,keep-preview-reviewed,No selection-blocking visual defect identified at the inspected preview scale.
kenney-food-loaf-baguette,cc0-original,assets/kenney-food/loaf-baguette.glb,57b5933bbe565d27a859b350f932cfb0cd33b8f5a0b183eccc3168b7ed1330bb,contact-sheet-preview,baseline/review-sheet-06.jpg,3,keep-preview-reviewed,No selection-blocking visual defect identified at the inspected preview scale.
kenney-food-loaf-round,cc0-original,assets/kenney-food/loaf-round.glb,d1970cd05e5de095d8e16bd4d3207b471b82c741cc9b5d9f2bd52c3fd5b6847b,contact-sheet-preview,baseline/review-sheet-06.jpg,4,keep-preview-reviewed,No selection-blocking visual defect identified at the inspected preview scale.
kenney-food-loaf,cc0-original,assets/kenney-food/loaf.glb,69383bd08bbda77ff51e861be92959712fa3cad5d93515a734d340b097901122,contact-sheet-preview,baseline/review-sheet-06.jpg,5,keep-preview-reviewed,No selection-blocking visual defect identified at the inspected preview scale.
kenney-food-lollypop,cc0-original,assets/kenney-food/lollypop.glb,7df3d5e7435f0cd31b99fff544baf0d69ca17108f55129aab423d6edf02cecb2,contact-sheet-preview,baseline/review-sheet-06.jpg,6,keep-preview-reviewed,No selection-blocking visual defect identified at the inspected preview scale.
kenney-food-maki-roe,cc0-original,assets/kenney-food/maki-roe.glb,165776c4ffbd39edac6a74bc8708c68599cd1fb410e01e291124a6bce7bed77f,contact-sheet-preview,baseline/review-sheet-06.jpg,7,keep-preview-reviewed,No selection-blocking visual defect identified at the inspected preview scale.
kenney-food-maki-salmon,cc0-original,assets/kenney-food/maki-salmon.glb,1ae72005c1f16dfd987c776ed62e09d32af028f5f607471114e1ec51c7bf42f6,contact-sheet-preview,baseline/review-sheet-06.jpg,8,keep-preview-reviewed,No selection-blocking visual defect identified at the inspected preview scale.
kenney-food-maki-vegetable,cc0-original,assets/kenney-food/maki-vegetable.glb,81603de7e4c3fcd5115a01b1cb42ffc0e82f499a9b8697e6537b2f1d9f3fb388,contact-sheet-preview,baseline/review-sheet-06.jpg,9,keep-preview-reviewed,No selection-blocking visual defect identified at the inspected preview scale.
kenney-food-meat-cooked,cc0-original,assets/kenney-food/meat-cooked.glb,65120d029eabec17edd9f696b67fd84f65c5ec3bcadfabcd1576670642b47ca8,contact-sheet-preview,baseline/review-sheet-06.jpg,10,keep-preview-reviewed,No selection-blocking visual defect identified at the inspected preview scale.
kenney-food-meat-patty,cc0-original,assets/kenney-food/meat-patty.glb,5c8358df6d73a0ee4dc8fd10ed5d9d6cf168fa1995409a3c81d2f3c74baaed0b,contact-sheet-preview,baseline/review-sheet-06.jpg,11,keep-preview-reviewed,No selection-blocking visual defect identified at the inspected preview scale.
kenney-food-meat-raw,cc0-original,assets/kenney-food/meat-raw.glb,2fc47d408eef9a93f007d4002f3cc75c9b248200d424fb2982f8c76d0747424e,contact-sheet-preview,baseline/review-sheet-06.jpg,12,keep-preview-reviewed,No selection-blocking visual defect identified at the inspected preview scale.
kenney-food-meat-ribs,cc0-original,assets/kenney-food/meat-ribs.glb,9db858ba6bf7f2e72ce0720fe68a85d3fa0bf11a0392c9c67f172ee4e2b05357,contact-sheet-preview,baseline/review-sheet-06.jpg,13,keep-preview-reviewed,No selection-blocking visual defect identified at the inspected preview scale.
kenney-food-meat-sausage,cc0-original,assets/kenney-food/meat-sausage.glb,e2f5fc097828d02df4bf649fcbd3c7fe5662de424fae5c0e63f77840d216cead,contact-sheet-preview,baseline/review-sheet-06.jpg,14,keep-preview-reviewed,No selection-blocking visual defect identified at the inspected preview scale.
kenney-food-meat-tenderizer,cc0-original,assets/kenney-food/meat-tenderizer.glb,eb16d8b61f715a0a9964cb106adcd75f677254596857770e69e50052bf76b6eb,contact-sheet-preview,baseline/review-sheet-06.jpg,15,keep-preview-reviewed,No selection-blocking visual defect identified at the inspected preview scale.
kenney-food-mincemeat-pie,cc0-original,assets/kenney-food/mincemeat-pie.glb,bc62892608e11716643aad6b659e067261c48c71938a45a74c22800a01f016ec,contact-sheet-preview,baseline/review-sheet-06.jpg,16,keep-preview-reviewed,No selection-blocking visual defect identified at the inspected preview scale.
kenney-food-mortar-pestle,cc0-original,assets/kenney-food/mortar-pestle.glb,ddcc0f5c0941e7bf01e6b01ea4a4c9aa06f8c53818e5b373609d67e7cc69c60a,contact-sheet-preview,baseline/review-sheet-06.jpg,17,keep-preview-reviewed,No selection-blocking visual defect identified at the inspected preview scale.
kenney-food-mortar,cc0-original,assets/kenney-food/mortar.glb,240c5980a814794e9da593a1eab8fd4f3fed27dd1f366508675d0e5d447e8686,contact-sheet-preview,baseline/review-sheet-06.jpg,18,keep-preview-reviewed,No selection-blocking visual defect identified at the inspected preview scale.
kenney-food-muffin,cc0-original,assets/kenney-food/muffin.glb,bc94208c0562bb6aec99e7a86de3ed282656f5234c8371ede198f3dbd2f3bafd,contact-sheet-preview,baseline/review-sheet-06.jpg,19,keep-preview-reviewed,No selection-blocking visual defect identified at the inspected preview scale.
kenney-food-mug,cc0-original,assets/kenney-food/mug.glb,a3b0689ffab44fa48c683d6fa4ca059f2d08cb3c8b264dc433c50b974e446cd8,contact-sheet-preview,baseline/review-sheet-06.jpg,20,keep-preview-reviewed,No selection-blocking visual defect identified at the inspected preview scale.
kenney-food-mushroom-half,cc0-original,assets/kenney-food/mushroom-half.glb,43dbc92770f4ab4a5f005d70f43388367e560897bf88756839b940c51d51dcd9,contact-sheet-preview,baseline/review-sheet-06.jpg,21,keep-preview-reviewed,No selection-blocking visual defect identified at the inspected preview scale.
kenney-food-mushroom,cc0-original,assets/kenney-food/mushroom.glb,12abc096fa7cf88ed3eeda7015291dab97be5b74c980cfb8dc7b9e2971b9bef8,contact-sheet-preview,baseline/review-sheet-06.jpg,22,keep-preview-reviewed,No selection-blocking visual defect identified at the inspected preview scale.
kenney-food-mussel-open,cc0-original,assets/kenney-food/mussel-open.glb,b6e49ef77cd9bab5bc556e79e4fbd42361a0d3e581d305b1467b7c676c830a27,contact-sheet-preview,baseline/review-sheet-06.jpg,23,keep-preview-reviewed,No selection-blocking visual defect identified at the inspected preview scale.
kenney-food-mussel,cc0-original,assets/kenney-food/mussel.glb,a00042f56ba47235e6e2fa5d8a76cdc602b097636dfd7fa0a3231685e3eb9d71,contact-sheet-preview,baseline/review-sheet-06.jpg,24,keep-preview-reviewed,No selection-blocking visual defect identified at the inspected preview scale.
kenney-food-onion-half,cc0-original,assets/kenney-food/onion-half.glb,6988ef1a9ebba1ab02f1379a62597be049026fa2bd3bd20551d97c94d262e50d,contact-sheet-preview,baseline/review-sheet-06.jpg,25,keep-preview-reviewed,No selection-blocking visual defect identified at the inspected preview scale.
kenney-food-onion,cc0-original,assets/kenney-food/onion.glb,fc1a35c296a594f210290d7362f50c2d88952fbc69c899df11b706e41cb75863,contact-sheet-preview,baseline/review-sheet-06.jpg,26,keep-preview-reviewed,No selection-blocking visual defect identified at the inspected preview scale.
kenney-food-orange,cc0-original,assets/kenney-food/orange.glb,7341ba9d203e71df6286bbf75f6e9a20b48a62f9280d4b81f43e9f2ec652ba8d,contact-sheet-preview,baseline/review-sheet-06.jpg,27,keep-preview-reviewed,No selection-blocking visual defect identified at the inspected preview scale.
kenney-food-pan-stew,cc0-original,assets/kenney-food/pan-stew.glb,dd01d9e19010e1d5a88854b104eaed4402011c91e3f21d80ef799cc1441c0598,contact-sheet-preview,baseline/review-sheet-06.jpg,28,keep-preview-reviewed,No selection-blocking visual defect identified at the inspected preview scale.
kenney-food-pan,cc0-original,assets/kenney-food/pan.glb,9bf1c23f2cf489ed2ed79cfbe7cadb51f25e28b94a8f99afef8033ba6b6d9e7e,contact-sheet-preview,baseline/review-sheet-06.jpg,29,keep-preview-reviewed,No selection-blocking visual defect identified at the inspected preview scale.
kenney-food-pancakes,cc0-original,assets/kenney-food/pancakes.glb,a50d3fb07dc55a5ee68178f93c675caabd6ac6178b76f718698ddfda37b40a32,contact-sheet-preview,baseline/review-sheet-06.jpg,30,keep-preview-reviewed,No selection-blocking visual defect identified at the inspected preview scale.
kenney-food-paprika-slice,cc0-original,assets/kenney-food/paprika-slice.glb,71d1af6bd577d614fc99b681638294a8ae7ebc1decc5bac684415926ff074eed,contact-sheet-preview,baseline/review-sheet-06.jpg,31,keep-preview-reviewed,No selection-blocking visual defect identified at the inspected preview scale.
kenney-food-paprika,cc0-original,assets/kenney-food/paprika.glb,b612e28f333f49e8d4516634e0634d4fd50826794f9d3e0dfbb0a88abda201bd,contact-sheet-preview,baseline/review-sheet-06.jpg,32,keep-preview-reviewed,No selection-blocking visual defect identified at the inspected preview scale.
kenney-food-peanut-butter,cc0-original,assets/kenney-food/peanut-butter.glb,0cc911a62f9a144b3312a23c762300e44d1df21c3e5736e8290ceddc202bfc1a,contact-sheet-preview,baseline/review-sheet-06.jpg,33,keep-preview-reviewed,No selection-blocking visual defect identified at the inspected preview scale.
kenney-food-pear-half,cc0-original,assets/kenney-food/pear-half.glb,55a241e862cecdfaf53ab92bd16ad572ae1ed412d94dfb34f43cf09549924995,contact-sheet-preview,baseline/review-sheet-06.jpg,34,keep-preview-reviewed,No selection-blocking visual defect identified at the inspected preview scale.
kenney-food-pear,cc0-original,assets/kenney-food/pear.glb,25d1d30c41516622638aad37f6bdfde33468df5c63e3569eb2b7069279e5f404,contact-sheet-preview,baseline/review-sheet-06.jpg,35,keep-preview-reviewed,No selection-blocking visual defect identified at the inspected preview scale.
kenney-food-pepper-mill,cc0-original,assets/kenney-food/pepper-mill.glb,a4e274a3eb8a54117cbeb3f38f0e974b264cff7afe28eac74d056af304005ab8,contact-sheet-preview,baseline/review-sheet-06.jpg,36,keep-preview-reviewed,No selection-blocking visual defect identified at the inspected preview scale.
kenney-food-pepper,cc0-original,assets/kenney-food/pepper.glb,fb4adeea26590d37b5519e5aba22033909eab2f1d09fd576cb923402ce8089e4,contact-sheet-preview,baseline/review-sheet-06.jpg,37,keep-preview-reviewed,No selection-blocking visual defect identified at the inspected preview scale.
kenney-food-pie,cc0-original,assets/kenney-food/pie.glb,99b030aaeea5b0166b31e5234592840c38296ab351a4dd09055db883f3052cbe,contact-sheet-preview,baseline/review-sheet-06.jpg,38,keep-preview-reviewed,No selection-blocking visual defect identified at the inspected preview scale.
kenney-food-pineapple,cc0-original,assets/kenney-food/pineapple.glb,56d6055cfdf9e91d2820738c4bfd4c0314b7054e75eff181cd3337d00a1b0c27,contact-sheet-preview,baseline/review-sheet-06.jpg,39,keep-preview-reviewed,No selection-blocking visual defect identified at the inspected preview scale.
kenney-food-pizza-box,cc0-original,assets/kenney-food/pizza-box.glb,a1b8b4f296266bd6d55dbc8783d114beebaf636b55bfeba4596734b02e2f03df,contact-sheet-preview,baseline/review-sheet-06.jpg,40,keep-preview-reviewed,No selection-blocking visual defect identified at the inspected preview scale.
kenney-food-pizza-cutter,cc0-original,assets/kenney-food/pizza-cutter.glb,e2e57a9a9f521265fb4b7f6bd563e0636268df0ac10825fe96bb220be88c5c2b,contact-sheet-preview,baseline/review-sheet-06.jpg,41,keep-preview-reviewed,No selection-blocking visual defect identified at the inspected preview scale.
kenney-food-pizza,cc0-original,assets/kenney-food/pizza.glb,da52ade831ffcabc9bc8d8761a61793514513d16b2a499afa47f2df27388755a,contact-sheet-preview,baseline/review-sheet-06.jpg,42,keep-preview-reviewed,No selection-blocking visual defect identified at the inspected preview scale.
kenney-food-plate-broken,cc0-original,assets/kenney-food/plate-broken.glb,f8c91391142cd8366e4278fff6234732b7e67f7d9f98d43843abd51a38adb2d1,contact-sheet-preview,baseline/review-sheet-06.jpg,43,keep-preview-reviewed,No selection-blocking visual defect identified at the inspected preview scale.
kenney-food-plate-deep,cc0-original,assets/kenney-food/plate-deep.glb,58abf929e3c4856733fd7beca0285db3a2d940de274cbffc0d563da7d3c3a1cc,contact-sheet-preview,baseline/review-sheet-06.jpg,44,keep-preview-reviewed,No selection-blocking visual defect identified at the inspected preview scale.
kenney-food-plate-dinner,cc0-original,assets/kenney-food/plate-dinner.glb,a0772b55573eca6316273e7dda085231719a61d5299ec91aabcafb159c65ac4f,contact-sheet-preview,baseline/review-sheet-06.jpg,45,keep-preview-reviewed,No selection-blocking visual defect identified at the inspected preview scale.
kenney-food-plate-rectangle,cc0-original,assets/kenney-food/plate-rectangle.glb,d7c8b76ae55bae0b08b86a65e7a0179c8536b333c3b4c059642fe554039d47e2,contact-sheet-preview,baseline/review-sheet-06.jpg,46,keep-preview-reviewed,No selection-blocking visual defect identified at the inspected preview scale.
kenney-food-plate-sauerkraut,cc0-original,assets/kenney-food/plate-sauerkraut.glb,7a319af7f684a3322d359d04aa3c8a11811a98f64f333dd1f6d1d2c4516fb097,contact-sheet-preview,baseline/review-sheet-06.jpg,47,keep-preview-reviewed,No selection-blocking visual defect identified at the inspected preview scale.
kenney-food-plate,cc0-original,assets/kenney-food/plate.glb,776420d147b5dfc38251fae40600350d254870d2e0ba6c1bc863d2e28a70c1dc,contact-sheet-preview,baseline/review-sheet-06.jpg,48,keep-preview-reviewed,No selection-blocking visual defect identified at the inspected preview scale.
kenney-food-popsicle-chocolate,cc0-original,assets/kenney-food/popsicle-chocolate.glb,75b2e8486c2753d4b110fa74b1ffde4c3e75009a20828f21f6e752247d78bdf8,contact-sheet-preview,baseline/review-sheet-07.jpg,1,keep-preview-reviewed,No selection-blocking visual defect identified at the inspected preview scale.
kenney-food-popsicle-stick,cc0-original,assets/kenney-food/popsicle-stick.glb,5c80cc3bd0a98f7f6414b8ee0fcc3a45a7911dcc589d86c5e8fd4ae331963482,contact-sheet-preview,baseline/review-sheet-07.jpg,2,keep-preview-reviewed,No selection-blocking visual defect identified at the inspected preview scale.
kenney-food-popsicle,cc0-original,assets/kenney-food/popsicle.glb,9b166b19517dbee120b5ddd0c9a02a7367d9f99e8d80d83ff27fb287d761b2fa,contact-sheet-preview,baseline/review-sheet-07.jpg,3,keep-preview-reviewed,No selection-blocking visual defect identified at the inspected preview scale.
kenney-food-pot-lid,cc0-original,assets/kenney-food/pot-lid.glb,2b7c3de1ad3774b9e2fef364acb8c933e1b77779de825b951ee91ac8c20c5eee,contact-sheet-preview,baseline/review-sheet-07.jpg,4,keep-preview-reviewed,No selection-blocking visual defect identified at the inspected preview scale.
kenney-food-pot-stew-lid,cc0-original,assets/kenney-food/pot-stew-lid.glb,b951ff2c62a677f8a1c5e63f02af9595413e2ecf5d419a09a94ad6af314b5956,contact-sheet-preview,baseline/review-sheet-07.jpg,5,keep-preview-reviewed,No selection-blocking visual defect identified at the inspected preview scale.
kenney-food-pot-stew,cc0-original,assets/kenney-food/pot-stew.glb,91e05b3a0a679808166c440adbbd3845ea5180b5f4ca754beb35610e0c3c7d17,contact-sheet-preview,baseline/review-sheet-07.jpg,6,keep-preview-reviewed,No selection-blocking visual defect identified at the inspected preview scale.
kenney-food-pot,cc0-original,assets/kenney-food/pot.glb,f8886e25bce9406dcc2d1144fde9453fca5c324e105f4d2d5533383ca17c1065,contact-sheet-preview,baseline/review-sheet-07.jpg,7,keep-preview-reviewed,No selection-blocking visual defect identified at the inspected preview scale.
kenney-food-pudding,cc0-original,assets/kenney-food/pudding.glb,8e6fe22252ab940d92ad9930d4f4c050f95707c788e8fe5fdc87bf329fc329d6,contact-sheet-preview,baseline/review-sheet-07.jpg,8,keep-preview-reviewed,No selection-blocking visual defect identified at the inspected preview scale.
kenney-food-pumpkin-basic,cc0-original,assets/kenney-food/pumpkin-basic.glb,ee72dbfd1c3f5ae41dae199e396ab2cc949583567cbaccf2466d2a452fbcb735,contact-sheet-preview,baseline/review-sheet-07.jpg,9,keep-preview-reviewed,No selection-blocking visual defect identified at the inspected preview scale.
kenney-food-pumpkin,cc0-original,assets/kenney-food/pumpkin.glb,e26a6b0b918fcf0790ed7ae7701a333f5ed1ca704f6a552403a51ee6c0053100,contact-sheet-preview,baseline/review-sheet-07.jpg,10,keep-preview-reviewed,No selection-blocking visual defect identified at the inspected preview scale.
kenney-food-radish,cc0-original,assets/kenney-food/radish.glb,52d2c212382fb7aa42c64a87d7998ce716f87cf2d81d0cdf0e65ade64bbce607,contact-sheet-preview,baseline/review-sheet-07.jpg,11,keep-preview-reviewed,No selection-blocking visual defect identified at the inspected preview scale.
kenney-food-rice-ball,cc0-original,assets/kenney-food/rice-ball.glb,e91ec557600669360dc2979ba6bc7c512e776434711450eed19c5e5deb93d709,contact-sheet-preview,baseline/review-sheet-07.jpg,12,keep-preview-reviewed,No selection-blocking visual defect identified at the inspected preview scale.
kenney-food-rolling-pin,cc0-original,assets/kenney-food/rolling-pin.glb,c4aeb8a4e8a01db8a451fc4b61782f4db43cc9ecec67f209a60b4d675e7d83c9,contact-sheet-preview,baseline/review-sheet-07.jpg,13,keep-preview-reviewed,No selection-blocking visual defect identified at the inspected preview scale.
kenney-food-salad,cc0-original,assets/kenney-food/salad.glb,8cb3bf6274935bcb2e4ec4484c103fd07d6d35c9508d6d1040371da3a5c07251,contact-sheet-preview,baseline/review-sheet-07.jpg,14,keep-preview-reviewed,No selection-blocking visual defect identified at the inspected preview scale.
kenney-food-sandwich,cc0-original,assets/kenney-food/sandwich.glb,02a7eb9ce15d8a086a8c78b15a984b869ce896f41373be737d57fa8f4180aa5c,contact-sheet-preview,baseline/review-sheet-07.jpg,15,keep-preview-reviewed,No selection-blocking visual defect identified at the inspected preview scale.
kenney-food-sausage-half,cc0-original,assets/kenney-food/sausage-half.glb,470b9c2ec21a4c55a2c07667e68b76cc03e6fd1d3294cc67ffed4a47ce6b7e77,contact-sheet-preview,baseline/review-sheet-07.jpg,16,keep-preview-reviewed,No selection-blocking visual defect identified at the inspected preview scale.
kenney-food-sausage,cc0-original,assets/kenney-food/sausage.glb,2116c697524f10316f53034d540b40a884e2776b1986e13e003f53ca3bb1b6fd,contact-sheet-preview,baseline/review-sheet-07.jpg,17,keep-preview-reviewed,No selection-blocking visual defect identified at the inspected preview scale.
kenney-food-shaker-pepper,cc0-original,assets/kenney-food/shaker-pepper.glb,1ceef66354c4d82f835ee60d374530821a67c7007b33fab05b6e8af8b6e6c400,contact-sheet-preview,baseline/review-sheet-07.jpg,18,keep-preview-reviewed,No selection-blocking visual defect identified at the inspected preview scale.
kenney-food-shaker-salt,cc0-original,assets/kenney-food/shaker-salt.glb,33da349f22262edcd2d5617ec3f81fa03224a6753dbe7b8707a8ec4eb294ea4a,contact-sheet-preview,baseline/review-sheet-07.jpg,19,keep-preview-reviewed,No selection-blocking visual defect identified at the inspected preview scale.
kenney-food-skewer-vegetables,cc0-original,assets/kenney-food/skewer-vegetables.glb,87cc27347cce954d1e910d8f161b31e2f792aaa7a70b38265bf91ac270f7cc23,contact-sheet-preview,baseline/review-sheet-07.jpg,20,keep-preview-reviewed,No selection-blocking visual defect identified at the inspected preview scale.
kenney-food-skewer,cc0-original,assets/kenney-food/skewer.glb,4dee9c12ed22b2129eece61828a576ac3cd554fc8bbbc8daf3cc6d80b32a01bb,contact-sheet-preview,baseline/review-sheet-07.jpg,21,keep-preview-reviewed,No selection-blocking visual defect identified at the inspected preview scale.
kenney-food-soda-bottle,cc0-original,assets/kenney-food/soda-bottle.glb,16931c34ea3e2a032ffa0672ceb8c2d8460c122c8d3457023542201f28b5ed0f,contact-sheet-preview,baseline/review-sheet-07.jpg,22,keep-preview-reviewed,No selection-blocking visual defect identified at the inspected preview scale.
kenney-food-soda-can-crushed,cc0-original,assets/kenney-food/soda-can-crushed.glb,05febb49bff2f628871eabb2853268153567770650446bf1a336f5e6b93dbd8a,contact-sheet-preview,baseline/review-sheet-07.jpg,23,keep-preview-reviewed,No selection-blocking visual defect identified at the inspected preview scale.
kenney-food-soda-can,cc0-original,assets/kenney-food/soda-can.glb,c88d2625e8c83936599be4ead14ca970a3e76821275aca712467f0dbb1b9bb81,contact-sheet-preview,baseline/review-sheet-07.jpg,24,keep-preview-reviewed,No selection-blocking visual defect identified at the inspected preview scale.
kenney-food-soda-glass,cc0-original,assets/kenney-food/soda-glass.glb,883783e564aa5314a5c26209290f7ac2bb3c828802a9638f009765e48fda5307,contact-sheet-preview,baseline/review-sheet-07.jpg,25,keep-preview-reviewed,No selection-blocking visual defect identified at the inspected preview scale.
kenney-food-soda,cc0-original,assets/kenney-food/soda.glb,7af01d4505406993b59a2cd681ca7cfb95d5489a35b874f4abe0a84e3c062d69,contact-sheet-preview,baseline/review-sheet-07.jpg,26,keep-preview-reviewed,No selection-blocking visual defect identified at the inspected preview scale.
kenney-food-soy,cc0-original,assets/kenney-food/soy.glb,eadf27666bf4dae2c8ec3c3cc4e8793c8f594c5a40cdf5115548dce1278e379a,contact-sheet-preview,baseline/review-sheet-07.jpg,27,keep-preview-reviewed,No selection-blocking visual defect identified at the inspected preview scale.
kenney-food-steamer,cc0-original,assets/kenney-food/steamer.glb,b6424ba42c8e71db41ee2aff872055e200a38827ab5959a8f6767c3a4c549213,contact-sheet-preview,baseline/review-sheet-07.jpg,28,keep-preview-reviewed,No selection-blocking visual defect identified at the inspected preview scale.
kenney-food-strawberry,cc0-original,assets/kenney-food/strawberry.glb,3604a62b73485ea8bfdf5531c36c76dcf8a2dd084581d60a6d49df35734ae2e2,contact-sheet-preview,baseline/review-sheet-07.jpg,29,keep-preview-reviewed,No selection-blocking visual defect identified at the inspected preview scale.
kenney-food-styrofoam-dinner,cc0-original,assets/kenney-food/styrofoam-dinner.glb,813aaaccfedd5cfd5b3483e16113ead037c6ecbd1cb2e94eb4db04cf69656a1b,contact-sheet-preview,baseline/review-sheet-07.jpg,30,keep-preview-reviewed,No selection-blocking visual defect identified at the inspected preview scale.
kenney-food-styrofoam,cc0-original,assets/kenney-food/styrofoam.glb,0318955edb8945c3075171c437ed5b903909c1fd2a7964fe73b9857f5259680a,contact-sheet-preview,baseline/review-sheet-07.jpg,31,keep-preview-reviewed,No selection-blocking visual defect identified at the inspected preview scale.
kenney-food-sub,cc0-original,assets/kenney-food/sub.glb,ecc7afbe2d8fc357f845cb4800a644ce7112f58afa368f2b1b845809f8b44fd9,contact-sheet-preview,baseline/review-sheet-07.jpg,32,keep-preview-reviewed,No selection-blocking visual defect identified at the inspected preview scale.
kenney-food-sundae,cc0-original,assets/kenney-food/sundae.glb,dbec404b09d7923c1375c4560bc2d3461e8b76a3e9a1837261a18550de165c55,contact-sheet-preview,baseline/review-sheet-07.jpg,33,keep-preview-reviewed,No selection-blocking visual defect identified at the inspected preview scale.
kenney-food-sushi-egg,cc0-original,assets/kenney-food/sushi-egg.glb,b606d93c4bb8e88e51636e87679d1a33f3556ac7899b0900ef05113958d16b1c,contact-sheet-preview,baseline/review-sheet-07.jpg,34,keep-preview-reviewed,No selection-blocking visual defect identified at the inspected preview scale.
kenney-food-sushi-salmon,cc0-original,assets/kenney-food/sushi-salmon.glb,a9049b599505380ec080045e81dfc187e626879b844a1f20baec43b6a32123e6,contact-sheet-preview,baseline/review-sheet-07.jpg,35,keep-preview-reviewed,No selection-blocking visual defect identified at the inspected preview scale.
kenney-food-taco,cc0-original,assets/kenney-food/taco.glb,441f71ebea19a41e7ba682eccdcc44f538a7f02490a8336eb5122a8e9f5684b6,contact-sheet-preview,baseline/review-sheet-07.jpg,36,keep-preview-reviewed,No selection-blocking visual defect identified at the inspected preview scale.
kenney-food-tajine-lid,cc0-original,assets/kenney-food/tajine-lid.glb,7b2df5875ddc660d2755d81974c8e0cd8726598285d4d4188807622a07f41657,contact-sheet-preview,baseline/review-sheet-07.jpg,37,keep-preview-reviewed,No selection-blocking visual defect identified at the inspected preview scale.
kenney-food-tajine,cc0-original,assets/kenney-food/tajine.glb,6ef31d142cf16985beead3c241ae892fae4d49c497ff71e4e873b76a405db9a3,contact-sheet-preview,baseline/review-sheet-07.jpg,38,keep-preview-reviewed,No selection-blocking visual defect identified at the inspected preview scale.
kenney-food-tomato-slice,cc0-original,assets/kenney-food/tomato-slice.glb,a0e6e390e5fec1a77efdf312a83187ff3e69c9750023b3b929b5f1fa0b44947d,contact-sheet-preview,baseline/review-sheet-07.jpg,39,keep-preview-reviewed,No selection-blocking visual defect identified at the inspected preview scale.
kenney-food-tomato,cc0-original,assets/kenney-food/tomato.glb,f7b641aa52195eaac3a8b65a5d82519f823efe89a9a0b05c5163ef78f5e556a8,contact-sheet-preview,baseline/review-sheet-07.jpg,40,keep-preview-reviewed,No selection-blocking visual defect identified at the inspected preview scale.
kenney-food-turkey,cc0-original,assets/kenney-food/turkey.glb,45840bdbcb0d2c81db6dff599e9bcb1298f3a32880f992fc2021bcd9f0c92ecf,contact-sheet-preview,baseline/review-sheet-07.jpg,41,keep-preview-reviewed,No selection-blocking visual defect identified at the inspected preview scale.
kenney-food-utensil-fork,cc0-original,assets/kenney-food/utensil-fork.glb,1a67e7ca287339ea268dbd1d176610f9a9b16871e81f5112016e0290bea09202,contact-sheet-preview,baseline/review-sheet-07.jpg,42,keep-preview-reviewed,No selection-blocking visual defect identified at the inspected preview scale.
kenney-food-utensil-knife,cc0-original,assets/kenney-food/utensil-knife.glb,d33ffe9cfeacd595909b828957d3b14567cd46c70b26b6181e6679018f5725fb,contact-sheet-preview,baseline/review-sheet-07.jpg,43,keep-preview-reviewed,No selection-blocking visual defect identified at the inspected preview scale.
kenney-food-utensil-spoon,cc0-original,assets/kenney-food/utensil-spoon.glb,969f900ced124817ec42a321235261780950adf3c6a3b80760007e49430d9e30,contact-sheet-preview,baseline/review-sheet-07.jpg,44,keep-preview-reviewed,No selection-blocking visual defect identified at the inspected preview scale.
kenney-food-waffle,cc0-original,assets/kenney-food/waffle.glb,beda9b47bbca41ce036b26c6532429b08a8ae62fcde8210a1fc827038c596abf,contact-sheet-preview,baseline/review-sheet-07.jpg,45,keep-preview-reviewed,No selection-blocking visual defect identified at the inspected preview scale.
kenney-food-watermelon,cc0-original,assets/kenney-food/watermelon.glb,594f18734cc845f48654c5def014d45405e74058a1ba02f173ff8c37fbd5b247,contact-sheet-preview,baseline/review-sheet-07.jpg,46,keep-preview-reviewed,No selection-blocking visual defect identified at the inspected preview scale.
kenney-food-whipped-cream,cc0-original,assets/kenney-food/whipped-cream.glb,7984e631adb07257d4eac8dc4098347fe87107814dba9ba1b1ec12a04702f44d,contact-sheet-preview,baseline/review-sheet-07.jpg,47,keep-preview-reviewed,No selection-blocking visual defect identified at the inspected preview scale.
kenney-food-whisk,cc0-original,assets/kenney-food/whisk.glb,3c080d63d0c8513d5462cca6910666294fae3fac45e0e292413e1ae0cc3e20cd,contact-sheet-preview,baseline/review-sheet-07.jpg,48,keep-preview-reviewed,No selection-blocking visual defect identified at the inspected preview scale.
kenney-food-whole-ham,cc0-original,assets/kenney-food/whole-ham.glb,719f6fb00a0e8a3c9dc8a00d5a4a1f0fba5a1cbe51d906049976550a5caf6f73,contact-sheet-preview,baseline/review-sheet-08.jpg,1,keep-preview-reviewed,No selection-blocking visual defect identified at the inspected preview scale.
kenney-food-wholer-ham,cc0-original,assets/kenney-food/wholer-ham.glb,9dd898b7cbeffabea5846dac68d23d471fd85336d2cac3f54e323e8fd750dec3,contact-sheet-preview,baseline/review-sheet-08.jpg,2,keep-preview-reviewed,No selection-blocking visual defect identified at the inspected preview scale.
kenney-food-wine-red,cc0-original,assets/kenney-food/wine-red.glb,a9188c37140879275d6f92beca7aefb96f1a1fde806e20e82913689eb40303c3,contact-sheet-preview,baseline/review-sheet-08.jpg,3,keep-preview-reviewed,No selection-blocking visual defect identified at the inspected preview scale.
kenney-food-wine-white,cc0-original,assets/kenney-food/wine-white.glb,0a342fa0cf533a8752c90155b5a3842ac12afee60ab84bd6474cf3e34d7d7d93,contact-sheet-preview,baseline/review-sheet-08.jpg,4,keep-preview-reviewed,No selection-blocking visual defect identified at the inspected preview scale.
kenney-particles-flame-05-rotated,cc0-original,assets/kenney-particles/flame-05-rotated.webp,3982b8b28f415a10aa666a7302d491209c13c0f4f016c08cb92ae8752c3a779e,contact-sheet-preview,baseline/review-sheet-08.jpg,5,keep-preview-reviewed,No selection-blocking visual defect identified at the inspected preview scale.
kenney-particles-flame-06-rotated,cc0-original,assets/kenney-particles/flame-06-rotated.webp,f65a2ba0466329b3f3d2c7c47df6d9ae838ab37e2d0d29a8420f30ee95b6da10,contact-sheet-preview,baseline/review-sheet-08.jpg,6,keep-preview-reviewed,No selection-blocking visual defect identified at the inspected preview scale.
kenney-particles-muzzle-01-rotated,cc0-original,assets/kenney-particles/muzzle-01-rotated.webp,98d695ef898b9cb97718a05c39bf159f84ccea0980d2b7f0b08e6f100899af12,contact-sheet-preview,baseline/review-sheet-08.jpg,7,keep-preview-reviewed,No selection-blocking visual defect identified at the inspected preview scale.
kenney-particles-muzzle-02-rotated,cc0-original,assets/kenney-particles/muzzle-02-rotated.webp,ba289b96e8b75cc82889c61e4e4386a8d46b21261f2c1e3b68dc3992c69ead10,contact-sheet-preview,baseline/review-sheet-08.jpg,8,keep-preview-reviewed,No selection-blocking visual defect identified at the inspected preview scale.
kenney-particles-muzzle-03-rotated,cc0-original,assets/kenney-particles/muzzle-03-rotated.webp,a1f0d01fdcb1269acf15f96916f1f3d6e790cb008ca5665315269370ef5f6f5c,contact-sheet-preview,baseline/review-sheet-08.jpg,9,keep-preview-reviewed,No selection-blocking visual defect identified at the inspected preview scale.
kenney-particles-muzzle-04-rotated,cc0-original,assets/kenney-particles/muzzle-04-rotated.webp,b616ff7af0a71126b4dec94db4f1244fbdc83d8f4bc58a09069dd2a8326df6fb,contact-sheet-preview,baseline/review-sheet-08.jpg,10,keep-preview-reviewed,No selection-blocking visual defect identified at the inspected preview scale.
kenney-particles-muzzle-05-rotated,cc0-original,assets/kenney-particles/muzzle-05-rotated.webp,6abd98b640af9c40bfc518a905a97dd0b516ec5956b3d0980ff9142f855fac9b,contact-sheet-preview,baseline/review-sheet-08.jpg,11,keep-preview-reviewed,No selection-blocking visual defect identified at the inspected preview scale.
kenney-particles-spark-05-rotated,cc0-original,assets/kenney-particles/spark-05-rotated.webp,6bef90625a68218ce301ce0f7027d6ffe182f2716e6deed8300bdbdb78883cb4,contact-sheet-preview,baseline/review-sheet-08.jpg,12,keep-preview-reviewed,No selection-blocking visual defect identified at the inspected preview scale.
kenney-particles-spark-06-rotated,cc0-original,assets/kenney-particles/spark-06-rotated.webp,eb55a4c8fd1452a9d9c7a351c5d340b680fe2a6680deda832229e0d35f689bb6,contact-sheet-preview,baseline/review-sheet-08.jpg,13,keep-preview-reviewed,No selection-blocking visual defect identified at the inspected preview scale.
kenney-particles-trace-01-rotated,cc0-original,assets/kenney-particles/trace-01-rotated.webp,aaa52737b527f3d1ecbf33169bce0ad29b66cca0c2fbd4560fd6724a9c27e40d,contact-sheet-preview,baseline/review-sheet-08.jpg,14,keep-preview-reviewed,No selection-blocking visual defect identified at the inspected preview scale.
kenney-particles-trace-02-rotated,cc0-original,assets/kenney-particles/trace-02-rotated.webp,70d01caa20c093e1f5bba21ea1ede0b249b383d4f74f41bb1af5cfb692ec59eb,contact-sheet-preview,baseline/review-sheet-08.jpg,15,keep-preview-reviewed,No selection-blocking visual defect identified at the inspected preview scale.
kenney-particles-trace-03-rotated,cc0-original,assets/kenney-particles/trace-03-rotated.webp,a536a8e908fdbef2b419f010fb6a8cd8107a633d31a8fa553b645da78f7b74ad,contact-sheet-preview,baseline/review-sheet-08.jpg,16,keep-preview-reviewed,No selection-blocking visual defect identified at the inspected preview scale.
kenney-particles-trace-04-rotated,cc0-original,assets/kenney-particles/trace-04-rotated.webp,fb2daff8965ce8aeabaa74c25eb68530d07ab0ffc3666afb17f2616e99a47b37,contact-sheet-preview,baseline/review-sheet-08.jpg,17,keep-preview-reviewed,No selection-blocking visual defect identified at the inspected preview scale.
kenney-particles-trace-05-rotated,cc0-original,assets/kenney-particles/trace-05-rotated.webp,4a0ffcc048076620f4c73f57c6fc338f378e28489933eea5e8b57233e5b3f1fc,contact-sheet-preview,baseline/review-sheet-08.jpg,18,keep-preview-reviewed,No selection-blocking visual defect identified at the inspected preview scale.
kenney-particles-trace-06-rotated,cc0-original,assets/kenney-particles/trace-06-rotated.webp,183466391b228609efcf4f265817c0eb0128b95898b4f6c1437fdc50283af245,contact-sheet-preview,baseline/review-sheet-08.jpg,19,keep-preview-reviewed,No selection-blocking visual defect identified at the inspected preview scale.
kenney-particles-trace-07-rotated,cc0-original,assets/kenney-particles/trace-07-rotated.webp,f18f710315cf00fb1c140ae0128e56a6cb411b8f6cd643dd28c05cf444645912,contact-sheet-preview,baseline/review-sheet-08.jpg,20,keep-preview-reviewed,No selection-blocking visual defect identified at the inspected preview scale.
kenney-particles-circle-01,cc0-original,assets/kenney-particles/circle-01.webp,4970a652a08eb311274b3718ba3c067c3ab63965f288cdf1858af2bcc0e0243a,contact-sheet-preview,baseline/review-sheet-08.jpg,21,keep-preview-reviewed,No selection-blocking visual defect identified at the inspected preview scale.
kenney-particles-circle-02,cc0-original,assets/kenney-particles/circle-02.webp,b4d8ca5e5b3186692a795ecdb6712a4e8daf8d16b9c3ab020c34efbd3082c494,contact-sheet-preview,baseline/review-sheet-08.jpg,22,keep-preview-reviewed,No selection-blocking visual defect identified at the inspected preview scale.
kenney-particles-circle-03,cc0-original,assets/kenney-particles/circle-03.webp,9dd476970de230132a0d4ec12590c750ec0e44259982a157b292afe9fca8d2f2,contact-sheet-preview,baseline/review-sheet-08.jpg,23,keep-preview-reviewed,No selection-blocking visual defect identified at the inspected preview scale.
kenney-particles-circle-04,cc0-original,assets/kenney-particles/circle-04.webp,12897e5fc8af5c5f46b68f6d32aea13830df7a21f83a5c0bc7d2aa78d1bcd7dc,contact-sheet-preview,baseline/review-sheet-08.jpg,24,keep-preview-reviewed,No selection-blocking visual defect identified at the inspected preview scale.
kenney-particles-circle-05,cc0-original,assets/kenney-particles/circle-05.webp,07ab3fcdd236ac43c632b0db1430894f1cfc0e2880387c66efe697b11e2504d1,contact-sheet-preview,baseline/review-sheet-08.jpg,25,keep-preview-reviewed,No selection-blocking visual defect identified at the inspected preview scale.
kenney-particles-dirt-01,cc0-original,assets/kenney-particles/dirt-01.webp,406d1eb703df20e7e3caf00ee12bbe38ecfcc578cb8b5332fd9c305ed3d69e87,contact-sheet-preview,baseline/review-sheet-08.jpg,26,keep-preview-reviewed,No selection-blocking visual defect identified at the inspected preview scale.
kenney-particles-dirt-02,cc0-original,assets/kenney-particles/dirt-02.webp,74d58006d1b3969959465c91f9ed4c9a61eb63d1e1bbf9b8a4710ef0fbbddee0,contact-sheet-preview,baseline/review-sheet-08.jpg,27,keep-preview-reviewed,No selection-blocking visual defect identified at the inspected preview scale.
kenney-particles-dirt-03,cc0-original,assets/kenney-particles/dirt-03.webp,f4700e8d001040fd1cda2c05856e859ae1d749d9fa9942967c532376988303ad,contact-sheet-preview,baseline/review-sheet-08.jpg,28,keep-preview-reviewed,No selection-blocking visual defect identified at the inspected preview scale.
kenney-particles-fire-01,cc0-original,assets/kenney-particles/fire-01.webp,6355a3975c4e7e4c496be4dbe10d19ee6d247c561245e65fdb138307af5754be,contact-sheet-preview,baseline/review-sheet-08.jpg,29,keep-preview-reviewed,No selection-blocking visual defect identified at the inspected preview scale.
kenney-particles-fire-02,cc0-original,assets/kenney-particles/fire-02.webp,133e711caa4c0ef2f1c2f5314aa4e1f2c0dd5c0b535259d90fd5d6131842c256,contact-sheet-preview,baseline/review-sheet-08.jpg,30,keep-preview-reviewed,No selection-blocking visual defect identified at the inspected preview scale.
kenney-particles-flame-01,cc0-original,assets/kenney-particles/flame-01.webp,a0055346d63f13fd84b9dd1e07bb9ed751e63b407ce2ed8fbf0d4837d9d1bd6c,contact-sheet-preview,baseline/review-sheet-08.jpg,31,keep-preview-reviewed,No selection-blocking visual defect identified at the inspected preview scale.
kenney-particles-flame-02,cc0-original,assets/kenney-particles/flame-02.webp,ed1b13785378e327ffcc9d704bb7e8db82463fa7bf68b1e9dc9cd08684abf074,contact-sheet-preview,baseline/review-sheet-08.jpg,32,keep-preview-reviewed,No selection-blocking visual defect identified at the inspected preview scale.
kenney-particles-flame-03,cc0-original,assets/kenney-particles/flame-03.webp,7cb80c9ec097bca898d6cbf65f7dd938c9091021bfcefa46a5c704348e0c84a3,contact-sheet-preview,baseline/review-sheet-08.jpg,33,keep-preview-reviewed,No selection-blocking visual defect identified at the inspected preview scale.
kenney-particles-flame-04,cc0-original,assets/kenney-particles/flame-04.webp,02270837081892d06b1c3d81c1150d2cae3943a5c2d914bc7c75f63968f352af,contact-sheet-preview,baseline/review-sheet-08.jpg,34,keep-preview-reviewed,No selection-blocking visual defect identified at the inspected preview scale.
kenney-particles-flame-05,cc0-original,assets/kenney-particles/flame-05.webp,097a7ae9e3182cfe032f4e306ccb2ab627d9eca4f0d5fc7719f3ee686bfc5cdd,contact-sheet-preview,baseline/review-sheet-08.jpg,35,keep-preview-reviewed,No selection-blocking visual defect identified at the inspected preview scale.
kenney-particles-flame-06,cc0-original,assets/kenney-particles/flame-06.webp,41977810b82e8cc60bb37982dad952e2eb5dc13b4bcb65a5c0e4afffa9555fba,contact-sheet-preview,baseline/review-sheet-08.jpg,36,keep-preview-reviewed,No selection-blocking visual defect identified at the inspected preview scale.
kenney-particles-flare-01,cc0-original,assets/kenney-particles/flare-01.webp,82e4af05ba6f22253ed7028e26d87fdfe4b34ff7b963a71dc816389cd1463219,contact-sheet-preview,baseline/review-sheet-08.jpg,37,keep-preview-reviewed,No selection-blocking visual defect identified at the inspected preview scale.
kenney-particles-light-01,cc0-original,assets/kenney-particles/light-01.webp,b9f1f024d9fa228788142136a81e5e9f15be8cbf3e4da0f21aaa5999cc5e88cf,contact-sheet-preview,baseline/review-sheet-08.jpg,38,keep-preview-reviewed,No selection-blocking visual defect identified at the inspected preview scale.
kenney-particles-light-02,cc0-original,assets/kenney-particles/light-02.webp,14719db1e7bae323a27c4f6f5eebb5957b7e3b89f38aff8ff9c21a4fbac220de,contact-sheet-preview,baseline/review-sheet-08.jpg,39,keep-preview-reviewed,No selection-blocking visual defect identified at the inspected preview scale.
kenney-particles-light-03,cc0-original,assets/kenney-particles/light-03.webp,da7df6093b1afb16ec575d13e33a001c3f47c1c810329bf49fa81682cea8f837,contact-sheet-preview,baseline/review-sheet-08.jpg,40,keep-preview-reviewed,No selection-blocking visual defect identified at the inspected preview scale.
kenney-particles-magic-01,cc0-original,assets/kenney-particles/magic-01.webp,59b88036abc3ace3a9f08c4047c98d7edcc7d5bf54ded9cec2fb0cefe808abce,contact-sheet-preview,baseline/review-sheet-08.jpg,41,keep-preview-reviewed,No selection-blocking visual defect identified at the inspected preview scale.
kenney-particles-magic-02,cc0-original,assets/kenney-particles/magic-02.webp,67e57a0537945f484c03fff2267e83446f39fe0f859822a62dbc5f1fa3a9f645,contact-sheet-preview,baseline/review-sheet-08.jpg,42,keep-preview-reviewed,No selection-blocking visual defect identified at the inspected preview scale.
kenney-particles-magic-03,cc0-original,assets/kenney-particles/magic-03.webp,d632f003c9e43f633be38d5e6d34dcc9041a25ed87e09989aaee273e9e45005d,contact-sheet-preview,baseline/review-sheet-08.jpg,43,keep-preview-reviewed,No selection-blocking visual defect identified at the inspected preview scale.
kenney-particles-magic-04,cc0-original,assets/kenney-particles/magic-04.webp,a88b44f63cfa251c0f109cf89154b60fe3a4674b4b7dae7c11c4e7b953d766f8,contact-sheet-preview,baseline/review-sheet-08.jpg,44,keep-preview-reviewed,No selection-blocking visual defect identified at the inspected preview scale.
kenney-particles-magic-05,cc0-original,assets/kenney-particles/magic-05.webp,5b2e7697bfa8895a654bbd835a9b310c3561bfbf2b64dbc6df6bdc2fefdd48cc,contact-sheet-preview,baseline/review-sheet-08.jpg,45,keep-preview-reviewed,No selection-blocking visual defect identified at the inspected preview scale.
kenney-particles-muzzle-01,cc0-original,assets/kenney-particles/muzzle-01.webp,dc9e66a22f5a4a097e33ecb8d38245167e980486520045c120fe095dc340ec9d,contact-sheet-preview,baseline/review-sheet-08.jpg,46,keep-preview-reviewed,No selection-blocking visual defect identified at the inspected preview scale.
kenney-particles-muzzle-02,cc0-original,assets/kenney-particles/muzzle-02.webp,2e460e99d1629be9deba439c1ab9a5a6970043107d632e7344fb757e54478032,contact-sheet-preview,baseline/review-sheet-08.jpg,47,keep-preview-reviewed,No selection-blocking visual defect identified at the inspected preview scale.
kenney-particles-muzzle-03,cc0-original,assets/kenney-particles/muzzle-03.webp,cefdf9656f3b5f91ad8baec9462cd8f97f2257a9ef9a5f6f63049795c65c6236,contact-sheet-preview,baseline/review-sheet-08.jpg,48,keep-preview-reviewed,No selection-blocking visual defect identified at the inspected preview scale.
kenney-particles-muzzle-04,cc0-original,assets/kenney-particles/muzzle-04.webp,c7b198f117699835efd4bf039687b62c032e2b8e039f809595d089dbcadb7851,contact-sheet-preview,baseline/review-sheet-09.jpg,1,keep-preview-reviewed,No selection-blocking visual defect identified at the inspected preview scale.
kenney-particles-muzzle-05,cc0-original,assets/kenney-particles/muzzle-05.webp,8a765fdf3298e281d0d41faf48f15eb39c5025f4c35c733f85d57fed7e209ab8,contact-sheet-preview,baseline/review-sheet-09.jpg,2,keep-preview-reviewed,No selection-blocking visual defect identified at the inspected preview scale.
kenney-particles-scorch-01,cc0-original,assets/kenney-particles/scorch-01.webp,78bcbd165c73a095224462d712ad9c3c23c347cf33a571b79aaf42df411bbc81,contact-sheet-preview,baseline/review-sheet-09.jpg,3,keep-preview-reviewed,No selection-blocking visual defect identified at the inspected preview scale.
kenney-particles-scorch-02,cc0-original,assets/kenney-particles/scorch-02.webp,4fa9d547869ec6d25eb33b4b291f0826ce048618547147273254b392d94a8ccf,contact-sheet-preview,baseline/review-sheet-09.jpg,4,keep-preview-reviewed,No selection-blocking visual defect identified at the inspected preview scale.
kenney-particles-scorch-03,cc0-original,assets/kenney-particles/scorch-03.webp,a12c04cbe6ac406827aa4bf017215ff2ddab57aee528b93d5b24f0b8bf8e7ee6,contact-sheet-preview,baseline/review-sheet-09.jpg,5,keep-preview-reviewed,No selection-blocking visual defect identified at the inspected preview scale.
kenney-particles-scratch-01,cc0-original,assets/kenney-particles/scratch-01.webp,2fbe97ecd430b399d0cc6b8154b751e13cf5b06af7a7a686b170f13687f0a6a9,contact-sheet-preview,baseline/review-sheet-09.jpg,6,keep-preview-reviewed,No selection-blocking visual defect identified at the inspected preview scale.
kenney-particles-slash-01,cc0-original,assets/kenney-particles/slash-01.webp,57458590838c272f19fe8efc31c756a556fc247676db0106a03fb8cfb5b13eee,contact-sheet-preview,baseline/review-sheet-09.jpg,7,keep-preview-reviewed,No selection-blocking visual defect identified at the inspected preview scale.
kenney-particles-slash-02,cc0-original,assets/kenney-particles/slash-02.webp,67d133771b66c50e9d095bf8a9ec17ab75054ef23ae55f93cb14f37bce11c7df,contact-sheet-preview,baseline/review-sheet-09.jpg,8,keep-preview-reviewed,No selection-blocking visual defect identified at the inspected preview scale.
kenney-particles-slash-03,cc0-original,assets/kenney-particles/slash-03.webp,0529861793d06896832e1f0ea834ee494f216547ec53de5967a7984fb3d2c0fa,contact-sheet-preview,baseline/review-sheet-09.jpg,9,keep-preview-reviewed,No selection-blocking visual defect identified at the inspected preview scale.
kenney-particles-slash-04,cc0-original,assets/kenney-particles/slash-04.webp,f4257dc8f441730313c134a60442e0f9a16cf5f1a640528871e6935bb392f2d3,contact-sheet-preview,baseline/review-sheet-09.jpg,10,keep-preview-reviewed,No selection-blocking visual defect identified at the inspected preview scale.
kenney-particles-smoke-01,cc0-original,assets/kenney-particles/smoke-01.webp,8ace529b1f95415ee5dd1b5714a0b239baf1cce49a61e07d722b4ebc98664580,contact-sheet-preview,baseline/review-sheet-09.jpg,11,keep-preview-reviewed,No selection-blocking visual defect identified at the inspected preview scale.
kenney-particles-smoke-02,cc0-original,assets/kenney-particles/smoke-02.webp,395d6ef0a5cd95d0225989d204739063f9531055cbd553693434fbdc18654303,contact-sheet-preview,baseline/review-sheet-09.jpg,12,keep-preview-reviewed,No selection-blocking visual defect identified at the inspected preview scale.
kenney-particles-smoke-03,cc0-original,assets/kenney-particles/smoke-03.webp,28c83794446d948f10745a7c8b03604a255902570d993ce94a8b931c15e7d0dc,contact-sheet-preview,baseline/review-sheet-09.jpg,13,keep-preview-reviewed,No selection-blocking visual defect identified at the inspected preview scale.
kenney-particles-smoke-04,cc0-original,assets/kenney-particles/smoke-04.webp,6c2ec910e32ad9b836fccb82c3c37781ea50b3dfa8ef325d48740a876c66537a,contact-sheet-preview,baseline/review-sheet-09.jpg,14,keep-preview-reviewed,No selection-blocking visual defect identified at the inspected preview scale.
kenney-particles-smoke-05,cc0-original,assets/kenney-particles/smoke-05.webp,f3e9be05cf27d71f34518ec14e3466950882d304fe92647046006f38deea6539,contact-sheet-preview,baseline/review-sheet-09.jpg,15,keep-preview-reviewed,No selection-blocking visual defect identified at the inspected preview scale.
kenney-particles-smoke-06,cc0-original,assets/kenney-particles/smoke-06.webp,ba7fcb14104246885501c43332d9ed32f812ba6e56d745e714fc87a807ec2561,contact-sheet-preview,baseline/review-sheet-09.jpg,16,keep-preview-reviewed,No selection-blocking visual defect identified at the inspected preview scale.
kenney-particles-smoke-07,cc0-original,assets/kenney-particles/smoke-07.webp,b8c7780fd13ba58824f622cf3b9b943156d7ac7eeb4470fa12b53602a338d1a0,contact-sheet-preview,baseline/review-sheet-09.jpg,17,keep-preview-reviewed,No selection-blocking visual defect identified at the inspected preview scale.
kenney-particles-smoke-08,cc0-original,assets/kenney-particles/smoke-08.webp,73ffbf11f7e357862314680829f5d5462c7c24849d8adbbd1468975df82a308a,contact-sheet-preview,baseline/review-sheet-09.jpg,18,keep-preview-reviewed,No selection-blocking visual defect identified at the inspected preview scale.
kenney-particles-smoke-09,cc0-original,assets/kenney-particles/smoke-09.webp,48464fb9c21d72c8cd3d9fc6de5257f68b2949a1c536c5af31bf0065d14f901e,contact-sheet-preview,baseline/review-sheet-09.jpg,19,keep-preview-reviewed,No selection-blocking visual defect identified at the inspected preview scale.
kenney-particles-smoke-10,cc0-original,assets/kenney-particles/smoke-10.webp,30c1d8546db4f9c4950164d8ba7ecb6a534718e26ef6033333879c79295f3e91,contact-sheet-preview,baseline/review-sheet-09.jpg,20,keep-preview-reviewed,No selection-blocking visual defect identified at the inspected preview scale.
kenney-particles-spark-01,cc0-original,assets/kenney-particles/spark-01.webp,515b55e2b9262cfa8e3b8f22bc6cf7b28b30c1176e4175afe9cf8ab3ea5277c8,contact-sheet-preview,baseline/review-sheet-09.jpg,21,keep-preview-reviewed,No selection-blocking visual defect identified at the inspected preview scale.
kenney-particles-spark-02,cc0-original,assets/kenney-particles/spark-02.webp,613b8f4d7630c834915acfb7f228bc1121e3be0d577adb6051cd547e32a3b45d,contact-sheet-preview,baseline/review-sheet-09.jpg,22,keep-preview-reviewed,No selection-blocking visual defect identified at the inspected preview scale.
kenney-particles-spark-03,cc0-original,assets/kenney-particles/spark-03.webp,224797d04c1c36e3f1a46360fdac0d2cc52cd64b1b3ab0e410b5bf5d565896ac,contact-sheet-preview,baseline/review-sheet-09.jpg,23,keep-preview-reviewed,No selection-blocking visual defect identified at the inspected preview scale.
kenney-particles-spark-04,cc0-original,assets/kenney-particles/spark-04.webp,86255500279da5985b057d72ef36b8be78f40d5d2309e171f4522bbe606f0e2f,contact-sheet-preview,baseline/review-sheet-09.jpg,24,keep-preview-reviewed,No selection-blocking visual defect identified at the inspected preview scale.
kenney-particles-spark-05,cc0-original,assets/kenney-particles/spark-05.webp,ba95017cd9fe35399ae8705cfe3e517792f7c1c7597badc4d75e6db5db37663a,contact-sheet-preview,baseline/review-sheet-09.jpg,25,keep-preview-reviewed,No selection-blocking visual defect identified at the inspected preview scale.
kenney-particles-spark-06,cc0-original,assets/kenney-particles/spark-06.webp,80ac70bcac278cffe6a71c6636df30e954fd90c9b44d3fc246e09e995a54d197,contact-sheet-preview,baseline/review-sheet-09.jpg,26,keep-preview-reviewed,No selection-blocking visual defect identified at the inspected preview scale.
kenney-particles-spark-07,cc0-original,assets/kenney-particles/spark-07.webp,13f3051c4883501888462db794958c4fbaef56020c1f4564cbdbf076b2ce0bee,contact-sheet-preview,baseline/review-sheet-09.jpg,27,keep-preview-reviewed,No selection-blocking visual defect identified at the inspected preview scale.
kenney-particles-star-01,cc0-original,assets/kenney-particles/star-01.webp,adca4d5c00d081a07c84cac95d8411ce074f9d9ccdd7b7325f73fb872700f989,contact-sheet-preview,baseline/review-sheet-09.jpg,28,keep-preview-reviewed,No selection-blocking visual defect identified at the inspected preview scale.
kenney-particles-star-02,cc0-original,assets/kenney-particles/star-02.webp,fc474f2bf8e7b66895cd56785f2e9d3e20919c8392cb6bc212d99b75b09e9181,contact-sheet-preview,baseline/review-sheet-09.jpg,29,keep-preview-reviewed,No selection-blocking visual defect identified at the inspected preview scale.
kenney-particles-star-03,cc0-original,assets/kenney-particles/star-03.webp,a692fd84a3126adfa307f2adb80bb0db2d6944f9e8ef80ba6d64a08a61302057,contact-sheet-preview,baseline/review-sheet-09.jpg,30,keep-preview-reviewed,No selection-blocking visual defect identified at the inspected preview scale.
kenney-particles-star-04,cc0-original,assets/kenney-particles/star-04.webp,bb84f012461f0c932835cac7bbeba2664f7983facdf16e6eaae2cb13a7a9d7b6,contact-sheet-preview,baseline/review-sheet-09.jpg,31,keep-preview-reviewed,No selection-blocking visual defect identified at the inspected preview scale.
kenney-particles-star-05,cc0-original,assets/kenney-particles/star-05.webp,cb73925225b1ead100ef6d4c0a3decba415dff3062437df2a5c79b630146073c,contact-sheet-preview,baseline/review-sheet-09.jpg,32,keep-preview-reviewed,No selection-blocking visual defect identified at the inspected preview scale.
kenney-particles-star-06,cc0-original,assets/kenney-particles/star-06.webp,cd41b9daf2e6c8d8ff5b5eac24f5191fbc68629a765d435fd6deb2b6ff4fd5a9,contact-sheet-preview,baseline/review-sheet-09.jpg,33,keep-preview-reviewed,No selection-blocking visual defect identified at the inspected preview scale.
kenney-particles-star-07,cc0-original,assets/kenney-particles/star-07.webp,513968416e3fa9d7d9f78775fb2c6d46b320257c820065512789b5440751a896,contact-sheet-preview,baseline/review-sheet-09.jpg,34,keep-preview-reviewed,No selection-blocking visual defect identified at the inspected preview scale.
kenney-particles-star-08,cc0-original,assets/kenney-particles/star-08.webp,c2c9c7811f4068555cd4b2d92419e05eec02367d2a03340cb413bb80d9928774,contact-sheet-preview,baseline/review-sheet-09.jpg,35,keep-preview-reviewed,No selection-blocking visual defect identified at the inspected preview scale.
kenney-particles-star-09,cc0-original,assets/kenney-particles/star-09.webp,4d9302da34cc3dace4ed000c9274808534f1a4b067f6b8c71fee0f34e13622d7,contact-sheet-preview,baseline/review-sheet-09.jpg,36,keep-preview-reviewed,No selection-blocking visual defect identified at the inspected preview scale.
kenney-particles-symbol-01,cc0-original,assets/kenney-particles/symbol-01.webp,2f77511681e9fbd008f963f9b3728eb9a2468fdd44c11724aa4976255ce20c2d,contact-sheet-preview,baseline/review-sheet-09.jpg,37,keep-preview-reviewed,No selection-blocking visual defect identified at the inspected preview scale.
kenney-particles-symbol-02,cc0-original,assets/kenney-particles/symbol-02.webp,8b3fa5f83ef6219fca81b094ab8d290cb0943276702d9230203496922fe5f589,contact-sheet-preview,baseline/review-sheet-09.jpg,38,keep-preview-reviewed,No selection-blocking visual defect identified at the inspected preview scale.
kenney-particles-trace-01,cc0-original,assets/kenney-particles/trace-01.webp,45fa61f14552c0c2c5dc46c79b22b4640ac503d74761c9edb4386051d1217b29,contact-sheet-preview,baseline/review-sheet-09.jpg,39,keep-preview-reviewed,No selection-blocking visual defect identified at the inspected preview scale.
kenney-particles-trace-02,cc0-original,assets/kenney-particles/trace-02.webp,6b5baad5f4d30b34bc03b686ac020473d1f49f0e171b3256972b1bc00e50db43,contact-sheet-preview,baseline/review-sheet-09.jpg,40,keep-preview-reviewed,No selection-blocking visual defect identified at the inspected preview scale.
kenney-particles-trace-03,cc0-original,assets/kenney-particles/trace-03.webp,d0e03790fbd761baf26cd6d1e24fc1947ccdb31eedcd52148b0b37c18f71cf5a,contact-sheet-preview,baseline/review-sheet-09.jpg,41,keep-preview-reviewed,No selection-blocking visual defect identified at the inspected preview scale.
kenney-particles-trace-04,cc0-original,assets/kenney-particles/trace-04.webp,15ea852c463c50338cea34f3308cb81dfbae7e386bbefce2d1a52ce7a9f37e18,contact-sheet-preview,baseline/review-sheet-09.jpg,42,keep-preview-reviewed,No selection-blocking visual defect identified at the inspected preview scale.
kenney-particles-trace-05,cc0-original,assets/kenney-particles/trace-05.webp,690ced72a39a9ad546c87a2b346e0ae8e6613e430eb200bf41352614527a5b3f,contact-sheet-preview,baseline/review-sheet-09.jpg,43,keep-preview-reviewed,No selection-blocking visual defect identified at the inspected preview scale.
kenney-particles-trace-06,cc0-original,assets/kenney-particles/trace-06.webp,5acd7b47298f4ff30c9e06ec1692ee709a336d78a5e82f2bc2ebc993844829aa,contact-sheet-preview,baseline/review-sheet-09.jpg,44,keep-preview-reviewed,No selection-blocking visual defect identified at the inspected preview scale.
kenney-particles-trace-07,cc0-original,assets/kenney-particles/trace-07.webp,52bd554807a647219adbac66bf475f6148d899df3958ee54b0da68590ee37407,contact-sheet-preview,baseline/review-sheet-09.jpg,45,keep-preview-reviewed,No selection-blocking visual defect identified at the inspected preview scale.
kenney-particles-twirl-01,cc0-original,assets/kenney-particles/twirl-01.webp,9e15076e0041d4a2ed8a883013b2277eebe9694ea1e4b369d96caadd153a9aab,contact-sheet-preview,baseline/review-sheet-09.jpg,46,keep-preview-reviewed,No selection-blocking visual defect identified at the inspected preview scale.
kenney-particles-twirl-02,cc0-original,assets/kenney-particles/twirl-02.webp,697f3705fdf0413deb6d84a0add68ec796f5e71307f3f87dc92e343e3747de74,contact-sheet-preview,baseline/review-sheet-09.jpg,47,keep-preview-reviewed,No selection-blocking visual defect identified at the inspected preview scale.
kenney-particles-twirl-03,cc0-original,assets/kenney-particles/twirl-03.webp,cd18026dce8f59c1b5cf9a3bbe90b4f96295b89c1204c0b9e57f8b1788012865,contact-sheet-preview,baseline/review-sheet-09.jpg,48,keep-preview-reviewed,No selection-blocking visual defect identified at the inspected preview scale.
kenney-particles-window-01,cc0-original,assets/kenney-particles/window-01.webp,0f2f6eb2be5d9555d349426af60d2213bf651684e1d515e525990cc6465c0495,contact-sheet-preview,baseline/review-sheet-10.jpg,1,keep-preview-reviewed,No selection-blocking visual defect identified at the inspected preview scale.
kenney-particles-window-02,cc0-original,assets/kenney-particles/window-02.webp,fc94d66c4d68c9426c417462c4abd4418dc4fc7b578a96a85bb6e9b42cc44592,contact-sheet-preview,baseline/review-sheet-10.jpg,2,keep-preview-reviewed,No selection-blocking visual defect identified at the inspected preview scale.
kenney-particles-window-03,cc0-original,assets/kenney-particles/window-03.webp,c6d8e5430a523235660bbd7a2da0bffd9a182852ae751dfcbd964bf3805745e3,contact-sheet-preview,baseline/review-sheet-10.jpg,3,keep-preview-reviewed,No selection-blocking visual defect identified at the inspected preview scale.
kenney-particles-window-04,cc0-original,assets/kenney-particles/window-04.webp,a8cb957176b394d32691bb46f997c180b6fca2d6251802333425e6c15976cae4,contact-sheet-preview,baseline/review-sheet-10.jpg,4,keep-preview-reviewed,No selection-blocking visual defect identified at the inspected preview scale.
ambientcg-wood095-wood095-2k-jpg-color,cc0-original,assets/ambientcg-wood095/wood095-2k-jpg-color.webp,b1889920175a61b71a99bd1030b3ed9db6894aa960e973ffb30b73bc73c0a769,contact-sheet-preview,baseline/review-sheet-10.jpg,5,keep-preview-reviewed,No selection-blocking visual defect identified at the inspected preview scale.
ambientcg-fabric066-fabric066-2k-jpg-color,cc0-original,assets/ambientcg-fabric066/fabric066-2k-jpg-color.webp,d3fe231a8b14dc8be5fbceb65dcdea606fc28db0f64eced52551f58ee0295767,contact-sheet-preview,baseline/review-sheet-10.jpg,6,keep-preview-reviewed,No selection-blocking visual defect identified at the inspected preview scale.
kenney-nature-bed,cc0-original,assets/kenney-nature/bed.glb,ed064d4d9e6cf0c87f9146cb38a652d0df5427b60d0486fed190ab74d9510df4,contact-sheet-preview,baseline/review-sheet-10.jpg,7,keep-preview-reviewed,No selection-blocking visual defect identified at the inspected preview scale.
kenney-nature-bed-floor,cc0-original,assets/kenney-nature/bed-floor.glb,a59c8878186ab180f43e55249184b5c8e6af7d6501f908898202ac14c474a05f,contact-sheet-preview,baseline/review-sheet-10.jpg,8,keep-preview-reviewed,No selection-blocking visual defect identified at the inspected preview scale.
kenney-nature-bridge-center-stone,cc0-original,assets/kenney-nature/bridge-center-stone.glb,f3681603a3d6523f8298da7d4c8d00e653c6028136c3427af07952fa3ca10519,contact-sheet-preview,baseline/review-sheet-10.jpg,9,keep-preview-reviewed,No selection-blocking visual defect identified at the inspected preview scale.
kenney-nature-bridge-center-stone-round,cc0-original,assets/kenney-nature/bridge-center-stone-round.glb,ec0e73f593a3230b9f10bfe69dec5e95c8c031f1a1a81e1a308501ef3a70e68c,contact-sheet-preview,baseline/review-sheet-10.jpg,10,keep-preview-reviewed,No selection-blocking visual defect identified at the inspected preview scale.
kenney-nature-bridge-center-wood,cc0-original,assets/kenney-nature/bridge-center-wood.glb,ed9ede934d5be5737863713f4648d8ffaca48038d299442a2ae2c3a2b6b79984,contact-sheet-preview,baseline/review-sheet-10.jpg,11,keep-preview-reviewed,No selection-blocking visual defect identified at the inspected preview scale.
kenney-nature-bridge-center-wood-round,cc0-original,assets/kenney-nature/bridge-center-wood-round.glb,382c95860d1805457a77e43ae1e47cc77d7a05cb5b1921e5e0f44f6627d0e11f,contact-sheet-preview,baseline/review-sheet-10.jpg,12,keep-preview-reviewed,No selection-blocking visual defect identified at the inspected preview scale.
kenney-nature-bridge-side-stone,cc0-original,assets/kenney-nature/bridge-side-stone.glb,2da6236082152f843a29393225be8bbbd28abacf597acc35704c0bb393bc4127,contact-sheet-preview,baseline/review-sheet-10.jpg,13,keep-preview-reviewed,No selection-blocking visual defect identified at the inspected preview scale.
kenney-nature-bridge-side-stone-round,cc0-original,assets/kenney-nature/bridge-side-stone-round.glb,26554af65f17af00b12246aa950f267fd940cd0b3973314ee767f6a458687005,contact-sheet-preview,baseline/review-sheet-10.jpg,14,keep-preview-reviewed,No selection-blocking visual defect identified at the inspected preview scale.
kenney-nature-bridge-side-wood,cc0-original,assets/kenney-nature/bridge-side-wood.glb,3857c2a286d236375dbae209897884eebc379d18e4af39ee8414f2d9511e2c49,contact-sheet-preview,baseline/review-sheet-10.jpg,15,keep-preview-reviewed,No selection-blocking visual defect identified at the inspected preview scale.
kenney-nature-bridge-side-wood-round,cc0-original,assets/kenney-nature/bridge-side-wood-round.glb,29a2bd3dc9cf5bf3c9354323a3551ad98a279ad785faa8e22152a313cc4f65cd,contact-sheet-preview,baseline/review-sheet-10.jpg,16,keep-preview-reviewed,No selection-blocking visual defect identified at the inspected preview scale.
kenney-nature-bridge-stone,cc0-original,assets/kenney-nature/bridge-stone.glb,b8b311f525ad616fcdebb6463db8b0c7710af58eb45308b54c08bcb290a2315e,contact-sheet-preview,baseline/review-sheet-10.jpg,17,keep-preview-reviewed,No selection-blocking visual defect identified at the inspected preview scale.
kenney-nature-bridge-stone-narrow,cc0-original,assets/kenney-nature/bridge-stone-narrow.glb,ea011dbaa2926013456c001ac93d24be07c2b1bed98fe5b24aae372f68c5ff24,contact-sheet-preview,baseline/review-sheet-10.jpg,18,keep-preview-reviewed,No selection-blocking visual defect identified at the inspected preview scale.
kenney-nature-bridge-stone-round,cc0-original,assets/kenney-nature/bridge-stone-round.glb,0b2254c5eb59a5fac2c7185cdc9af8efb941a31f0c0fb5a3fabaeb60c0108b41,contact-sheet-preview,baseline/review-sheet-10.jpg,19,keep-preview-reviewed,No selection-blocking visual defect identified at the inspected preview scale.
kenney-nature-bridge-stone-round-narrow,cc0-original,assets/kenney-nature/bridge-stone-round-narrow.glb,b29d3c2a235861651296e5fb4be6bde4f17b3206d452a83cdafe6e4d90dcffda,contact-sheet-preview,baseline/review-sheet-10.jpg,20,keep-preview-reviewed,No selection-blocking visual defect identified at the inspected preview scale.
kenney-nature-bridge-wood,cc0-original,assets/kenney-nature/bridge-wood.glb,3da4c208b0f72b7f2ba42db521b62ec4b0278050c75256a6982c40d21aab5701,contact-sheet-preview,baseline/review-sheet-10.jpg,21,keep-preview-reviewed,No selection-blocking visual defect identified at the inspected preview scale.
kenney-nature-bridge-wood-narrow,cc0-original,assets/kenney-nature/bridge-wood-narrow.glb,df46d1ba2ae557f3c69850c4faf03bcd16786fff305bce772f5b260e50def351,contact-sheet-preview,baseline/review-sheet-10.jpg,22,keep-preview-reviewed,No selection-blocking visual defect identified at the inspected preview scale.
kenney-nature-bridge-wood-round,cc0-original,assets/kenney-nature/bridge-wood-round.glb,3b8593e6f50ae78f0f3f5d51ef5ac4751808fd5cbd462f35d09bbde5388f1034,contact-sheet-preview,baseline/review-sheet-10.jpg,23,keep-preview-reviewed,No selection-blocking visual defect identified at the inspected preview scale.
kenney-nature-bridge-wood-round-narrow,cc0-original,assets/kenney-nature/bridge-wood-round-narrow.glb,fbd1bfc4601b7b195861ca85cc9d1e7a36f87d6178cdefb0aa887b1d2fe41c24,contact-sheet-preview,baseline/review-sheet-10.jpg,24,keep-preview-reviewed,No selection-blocking visual defect identified at the inspected preview scale.
kenney-nature-cactus-short,cc0-original,assets/kenney-nature/cactus-short.glb,81ac9fc4c66eacceaf4aebcb6df3468ea450a2f5081151bb11400282efbc51bd,contact-sheet-preview,baseline/review-sheet-10.jpg,25,keep-preview-reviewed,No selection-blocking visual defect identified at the inspected preview scale.
kenney-nature-cactus-tall,cc0-original,assets/kenney-nature/cactus-tall.glb,d43a1aca5952e1f8a104d64a0edfec09c39f15102ca6bdc531460dd5a2c53d25,contact-sheet-preview,baseline/review-sheet-10.jpg,26,keep-preview-reviewed,No selection-blocking visual defect identified at the inspected preview scale.
kenney-nature-campfire-bricks,cc0-original,assets/kenney-nature/campfire-bricks.glb,ecdca761c6c07ee417261140d5449872b7f51f3671df2d536e2a03b65480563f,contact-sheet-preview,baseline/review-sheet-10.jpg,27,keep-preview-reviewed,No selection-blocking visual defect identified at the inspected preview scale.
kenney-nature-campfire-logs,cc0-original,assets/kenney-nature/campfire-logs.glb,98d87cdcf9095b94fd348d0946e911dd4ca6c0956bac3318cfd2b0030b86055a,contact-sheet-preview,baseline/review-sheet-10.jpg,28,keep-preview-reviewed,No selection-blocking visual defect identified at the inspected preview scale.
kenney-nature-campfire-planks,cc0-original,assets/kenney-nature/campfire-planks.glb,0d26e842f7f5cb607ad37205e930822656b7c6ba570f9d0ba6b039cea90f8ab7,contact-sheet-preview,baseline/review-sheet-10.jpg,29,keep-preview-reviewed,No selection-blocking visual defect identified at the inspected preview scale.
kenney-nature-campfire-stones,cc0-original,assets/kenney-nature/campfire-stones.glb,54869db23243a3f4905bc00bd4cd93b1037b28556ab3ef93e7a893a093791e35,contact-sheet-preview,baseline/review-sheet-10.jpg,30,keep-preview-reviewed,No selection-blocking visual defect identified at the inspected preview scale.
kenney-nature-canoe,cc0-original,assets/kenney-nature/canoe.glb,ad9c7a315f55accbce8d1ee3dc853f919f01f97ab4e3096bb235d1815aed6941,contact-sheet-preview,baseline/review-sheet-10.jpg,31,keep-preview-reviewed,No selection-blocking visual defect identified at the inspected preview scale.
kenney-nature-canoe-paddle,cc0-original,assets/kenney-nature/canoe-paddle.glb,7f8e0bc5beacfa1e4ae12f942ab045b1f7a13a04b497859f749bf7999b99d0bd,contact-sheet-preview,baseline/review-sheet-10.jpg,32,keep-preview-reviewed,No selection-blocking visual defect identified at the inspected preview scale.
kenney-nature-cliff-block-cave-rock,cc0-original,assets/kenney-nature/cliff-block-cave-rock.glb,2c373a596840a4f3bffa1aba7a93d7da9d2aa1dded54f7a9966e4e4b3fce7d43,contact-sheet-preview,baseline/review-sheet-10.jpg,33,keep-preview-reviewed,No selection-blocking visual defect identified at the inspected preview scale.
kenney-nature-cliff-block-cave-stone,cc0-original,assets/kenney-nature/cliff-block-cave-stone.glb,f02a4190d8428722f00583dc751168c84fb1227bac35c517f2dcad58cb327c7a,contact-sheet-preview,baseline/review-sheet-10.jpg,34,keep-preview-reviewed,No selection-blocking visual defect identified at the inspected preview scale.
kenney-nature-cliff-block-diagonal-rock,cc0-original,assets/kenney-nature/cliff-block-diagonal-rock.glb,32b61e963ba99695624f213e4d893c5d2ac028dd831ba65bcd220ee5a6006114,contact-sheet-preview,baseline/review-sheet-10.jpg,35,keep-preview-reviewed,No selection-blocking visual defect identified at the inspected preview scale.
kenney-nature-cliff-block-half-rock,cc0-original,assets/kenney-nature/cliff-block-half-rock.glb,a3d29368524dd6968d5920f1aba2bdf6e6d189ccc60123f5d036c56653c31c5e,contact-sheet-preview,baseline/review-sheet-10.jpg,36,keep-preview-reviewed,No selection-blocking visual defect identified at the inspected preview scale.
kenney-nature-cliff-block-quarter-rock,cc0-original,assets/kenney-nature/cliff-block-quarter-rock.glb,748f3f4c8695e46567819f3ae73ba53bbc7db827254bc68f9fca27f01f481666,contact-sheet-preview,baseline/review-sheet-10.jpg,37,keep-preview-reviewed,No selection-blocking visual defect identified at the inspected preview scale.
kenney-nature-cliff-block-slope-half-walls-rock,cc0-original,assets/kenney-nature/cliff-block-slope-half-walls-rock.glb,95a25398990b978071d461998c442c034feb517ecea6538e88ed2ee957a2c3e6,contact-sheet-preview,baseline/review-sheet-10.jpg,38,keep-preview-reviewed,No selection-blocking visual defect identified at the inspected preview scale.
kenney-nature-cliff-block-slope-half-walls-stone,cc0-original,assets/kenney-nature/cliff-block-slope-half-walls-stone.glb,afc1db3ed3cde8d7bb5669f220ea4e6998b59414208bc046e6356829fac581a0,contact-sheet-preview,baseline/review-sheet-10.jpg,39,keep-preview-reviewed,No selection-blocking visual defect identified at the inspected preview scale.
kenney-nature-cliff-block-slope-walls-rock,cc0-original,assets/kenney-nature/cliff-block-slope-walls-rock.glb,055776add47ad3a13c53900a728ace7533c02f7afa27fdb57557ca117d44a55d,contact-sheet-preview,baseline/review-sheet-10.jpg,40,keep-preview-reviewed,No selection-blocking visual defect identified at the inspected preview scale.
kenney-nature-cliff-block-slope-walls-stone,cc0-original,assets/kenney-nature/cliff-block-slope-walls-stone.glb,cd2c3d5ce44db2705146b0992ba494ab5d625136ff4e10dab6b94f67f600e3a6,contact-sheet-preview,baseline/review-sheet-10.jpg,41,keep-preview-reviewed,No selection-blocking visual defect identified at the inspected preview scale.
kenney-nature-cliff-block-slope-rock,cc0-original,assets/kenney-nature/cliff-block-slope-rock.glb,82fe2e0477c7ce2c5994435f44074022cb2a36f56ff40bd34598cbfc87286885,contact-sheet-preview,baseline/review-sheet-10.jpg,42,keep-preview-reviewed,No selection-blocking visual defect identified at the inspected preview scale.
kenney-nature-cliff-block-slope-stone,cc0-original,assets/kenney-nature/cliff-block-slope-stone.glb,88fbc6e54df6bff3793dd4b296471173220e0f88800c7cb744ce9747150a4c5b,contact-sheet-preview,baseline/review-sheet-10.jpg,43,keep-preview-reviewed,No selection-blocking visual defect identified at the inspected preview scale.
kenney-nature-cliff-block-rock,cc0-original,assets/kenney-nature/cliff-block-rock.glb,2f31de8502288d6adcdae4d5605cfe65d4bcd4369dd0decd116c2615b9d3d01f,contact-sheet-preview,baseline/review-sheet-10.jpg,44,keep-preview-reviewed,No selection-blocking visual defect identified at the inspected preview scale.
kenney-nature-cliff-cave-rock,cc0-original,assets/kenney-nature/cliff-cave-rock.glb,2d83296b0166ad0e980152ad4f45b4e45349e932a6b6c2adbe7eb606a6472d8d,contact-sheet-preview,baseline/review-sheet-10.jpg,45,keep-preview-reviewed,No selection-blocking visual defect identified at the inspected preview scale.
kenney-nature-cliff-corner-inner-large-rock,cc0-original,assets/kenney-nature/cliff-corner-inner-large-rock.glb,03b7038dfc6449f646e789819014f3a26548a64ef42d028979c00df949c5d49f,contact-sheet-preview,baseline/review-sheet-10.jpg,46,keep-preview-reviewed,No selection-blocking visual defect identified at the inspected preview scale.
kenney-nature-cliff-corner-inner-large-stone,cc0-original,assets/kenney-nature/cliff-corner-inner-large-stone.glb,3f8956c7c3c9cad4a93d54f9fed1aac138e32767b3d1811ca0056331007237bf,contact-sheet-preview,baseline/review-sheet-10.jpg,47,keep-preview-reviewed,No selection-blocking visual defect identified at the inspected preview scale.
kenney-nature-cliff-corner-inner-top-rock,cc0-original,assets/kenney-nature/cliff-corner-inner-top-rock.glb,2eab4f506d45ee35da03da6ab222d90108c96b267edc8d969262a4c7a42008f9,contact-sheet-preview,baseline/review-sheet-10.jpg,48,keep-preview-reviewed,No selection-blocking visual defect identified at the inspected preview scale.
kenney-nature-cliff-corner-inner-rock,cc0-original,assets/kenney-nature/cliff-corner-inner-rock.glb,fd04f7428e961511dc3fba4ee5127f1a048b89dcbd65f88578579c2b134ac44c,contact-sheet-preview,baseline/review-sheet-11.jpg,1,keep-preview-reviewed,No selection-blocking visual defect identified at the inspected preview scale.
kenney-nature-cliff-corner-inner-stone,cc0-original,assets/kenney-nature/cliff-corner-inner-stone.glb,6b4cbd2f5d1de770ba862f9d7a405ea6ef382628da5593ea6fbf9ec3b8216f3d,contact-sheet-preview,baseline/review-sheet-11.jpg,2,keep-preview-reviewed,No selection-blocking visual defect identified at the inspected preview scale.
kenney-nature-cliff-corner-large-rock,cc0-original,assets/kenney-nature/cliff-corner-large-rock.glb,05a24065218db62977cc66032348213f6ab8e00ab6b7e359600f8c261e33704c,contact-sheet-preview,baseline/review-sheet-11.jpg,3,keep-preview-reviewed,No selection-blocking visual defect identified at the inspected preview scale.
kenney-nature-cliff-corner-large-stone,cc0-original,assets/kenney-nature/cliff-corner-large-stone.glb,14f4277abed51493896bbf223fbc9cda9d1813a6b34a6e6ccb859e00ac1dd38a,contact-sheet-preview,baseline/review-sheet-11.jpg,4,keep-preview-reviewed,No selection-blocking visual defect identified at the inspected preview scale.
kenney-nature-cliff-corner-top-rock,cc0-original,assets/kenney-nature/cliff-corner-top-rock.glb,1cebec53101f64332d911dfffb752b9d465224e7a2f91a25f8532fa749fee1b6,contact-sheet-preview,baseline/review-sheet-11.jpg,5,keep-preview-reviewed,No selection-blocking visual defect identified at the inspected preview scale.
kenney-nature-cliff-corner-rock,cc0-original,assets/kenney-nature/cliff-corner-rock.glb,4a22b80e18ac1798035867b7ff6e4d78161fa25b507112c903ad6f80765cf181,contact-sheet-preview,baseline/review-sheet-11.jpg,6,keep-preview-reviewed,No selection-blocking visual defect identified at the inspected preview scale.
kenney-nature-cliff-diagonal-rock,cc0-original,assets/kenney-nature/cliff-diagonal-rock.glb,648bdb3118cda8900bad55e281f56c245a1a0252cc1c0e1bf4fa085d8ef75a0b,contact-sheet-preview,baseline/review-sheet-11.jpg,7,keep-preview-reviewed,No selection-blocking visual defect identified at the inspected preview scale.
kenney-nature-cliff-diagonal-stone,cc0-original,assets/kenney-nature/cliff-diagonal-stone.glb,6c6f93c685053d2dc50e2befa45fc45e3c5beac1c35b693f277056a990e8850c,contact-sheet-preview,baseline/review-sheet-11.jpg,8,keep-preview-reviewed,No selection-blocking visual defect identified at the inspected preview scale.
kenney-nature-cliff-half-corner-inner-rock,cc0-original,assets/kenney-nature/cliff-half-corner-inner-rock.glb,aaa3e59a48e56547199c212037d0ee06fa5de3a58a9ac25355c8932bc7b096fe,contact-sheet-preview,baseline/review-sheet-11.jpg,9,keep-preview-reviewed,No selection-blocking visual defect identified at the inspected preview scale.
kenney-nature-cliff-half-corner-inner-stone,cc0-original,assets/kenney-nature/cliff-half-corner-inner-stone.glb,5fb3e4e213d082d829eb12486f5d28f373086fec74dce65056d4863f846c7fcf,contact-sheet-preview,baseline/review-sheet-11.jpg,10,keep-preview-reviewed,No selection-blocking visual defect identified at the inspected preview scale.
kenney-nature-cliff-half-corner-rock,cc0-original,assets/kenney-nature/cliff-half-corner-rock.glb,66bf0d002431f55e99aad464862c133420b3e4b78cf878091c7b5d94ed371ec9,contact-sheet-preview,baseline/review-sheet-11.jpg,11,keep-preview-reviewed,No selection-blocking visual defect identified at the inspected preview scale.
kenney-nature-cliff-half-rock,cc0-original,assets/kenney-nature/cliff-half-rock.glb,ceeb985b16171ac5b30794239de27779ad0b39f389f8b8a8b1e03f1f89961995,contact-sheet-preview,baseline/review-sheet-11.jpg,12,keep-preview-reviewed,No selection-blocking visual defect identified at the inspected preview scale.
kenney-nature-cliff-large-rock,cc0-original,assets/kenney-nature/cliff-large-rock.glb,f9bf79cd3a76bbe11f4887053655585e467e14f2528678215a820896669e4e8e,contact-sheet-preview,baseline/review-sheet-11.jpg,13,keep-preview-reviewed,No selection-blocking visual defect identified at the inspected preview scale.
kenney-nature-cliff-rock,cc0-original,assets/kenney-nature/cliff-rock.glb,64b555b394b4312938ccd389862d5c01beb3fc417100aa41bb1e5e96a9889de0,contact-sheet-preview,baseline/review-sheet-11.jpg,14,keep-preview-reviewed,No selection-blocking visual defect identified at the inspected preview scale.
kenney-nature-cliff-steps-corner-inner-rock,cc0-original,assets/kenney-nature/cliff-steps-corner-inner-rock.glb,e076973baeedd79dc24fe90610978cde5805d04bc629b9034b4bb34d80ded6af,contact-sheet-preview,baseline/review-sheet-11.jpg,15,keep-preview-reviewed,No selection-blocking visual defect identified at the inspected preview scale.
kenney-nature-cliff-steps-corner-rock,cc0-original,assets/kenney-nature/cliff-steps-corner-rock.glb,5a44b8d6be16b43e007818bb55e9558aac980caae30b6b3dfb20a24c6cc7d5d3,contact-sheet-preview,baseline/review-sheet-11.jpg,16,keep-preview-reviewed,No selection-blocking visual defect identified at the inspected preview scale.
kenney-nature-cliff-steps-rock,cc0-original,assets/kenney-nature/cliff-steps-rock.glb,f290e67a836ec459efcedb013f67258c2043fec128f07d6a16454e8505b7530f,contact-sheet-preview,baseline/review-sheet-11.jpg,17,keep-preview-reviewed,No selection-blocking visual defect identified at the inspected preview scale.
kenney-nature-cliff-top-diagonal-rock,cc0-original,assets/kenney-nature/cliff-top-diagonal-rock.glb,005c3bf817333dc2e5e6e1bc08439641a8340ebb93f637208b6c1b00878f3b2e,contact-sheet-preview,baseline/review-sheet-11.jpg,18,keep-preview-reviewed,No selection-blocking visual defect identified at the inspected preview scale.
kenney-nature-cliff-top-diagonal-stone,cc0-original,assets/kenney-nature/cliff-top-diagonal-stone.glb,866d18b509592e88cba8b0e9414727e17c3d615f1a8731a241258a70fde417f4,contact-sheet-preview,baseline/review-sheet-11.jpg,19,keep-preview-reviewed,No selection-blocking visual defect identified at the inspected preview scale.
kenney-nature-cliff-top-rock,cc0-original,assets/kenney-nature/cliff-top-rock.glb,8c3b4d37fad0bacf39d0315a51850dfe9c55eea03de74854e3d92ce4157bbebb,contact-sheet-preview,baseline/review-sheet-11.jpg,20,keep-preview-reviewed,No selection-blocking visual defect identified at the inspected preview scale.
kenney-nature-cliff-waterfall-top-rock,cc0-original,assets/kenney-nature/cliff-waterfall-top-rock.glb,c5f7b299f3a8ec16c138bd962eace461f06a882f3614c396d3ba8020f1a8bbe6,contact-sheet-preview,baseline/review-sheet-11.jpg,21,keep-preview-reviewed,No selection-blocking visual defect identified at the inspected preview scale.
kenney-nature-cliff-waterfall-top-stone,cc0-original,assets/kenney-nature/cliff-waterfall-top-stone.glb,92ea675e7d42f81f1b4e185e8caf3518e33a7ef5044198d6a02641a4bf19fad7,contact-sheet-preview,baseline/review-sheet-11.jpg,22,keep-preview-reviewed,No selection-blocking visual defect identified at the inspected preview scale.
kenney-nature-cliff-waterfall-rock,cc0-original,assets/kenney-nature/cliff-waterfall-rock.glb,08063b24498cae385c204e9038a72f0dd438fdfa29ecf106a0df5e656b7edff6,contact-sheet-preview,baseline/review-sheet-11.jpg,23,keep-preview-reviewed,No selection-blocking visual defect identified at the inspected preview scale.
kenney-nature-cliff-waterfall-stone,cc0-original,assets/kenney-nature/cliff-waterfall-stone.glb,a246a52a974b25cd530909c4a512693515aad5f3493983a4c1050050ce4a0093,contact-sheet-preview,baseline/review-sheet-11.jpg,24,keep-preview-reviewed,No selection-blocking visual defect identified at the inspected preview scale.
kenney-nature-crop-carrot,cc0-original,assets/kenney-nature/crop-carrot.glb,2a3641c609dd837a4feebb4f5c95d4cd43c3046e800acd416f4f6a3b923ba9d8,contact-sheet-preview,baseline/review-sheet-11.jpg,25,keep-preview-reviewed,No selection-blocking visual defect identified at the inspected preview scale.
kenney-nature-crop-melon,cc0-original,assets/kenney-nature/crop-melon.glb,4296c5fc07c4d0707ab11b9d97d2978132f4bf525a00ccd20e463fdcf04a5e5f,contact-sheet-preview,baseline/review-sheet-11.jpg,26,keep-preview-reviewed,No selection-blocking visual defect identified at the inspected preview scale.
kenney-nature-crop-pumpkin,cc0-original,assets/kenney-nature/crop-pumpkin.glb,5b4878c5996033629419c26ac32153ce8ac06bbbdac98e4fa8a5cbab98f78077,contact-sheet-preview,baseline/review-sheet-11.jpg,27,keep-preview-reviewed,No selection-blocking visual defect identified at the inspected preview scale.
kenney-nature-crop-turnip,cc0-original,assets/kenney-nature/crop-turnip.glb,5e121c6042742497ed02081a7c62fc80aec2191f04e22a57d81d02130689f71d,contact-sheet-preview,baseline/review-sheet-11.jpg,28,keep-preview-reviewed,No selection-blocking visual defect identified at the inspected preview scale.
kenney-nature-crops-bamboo-stage-a,cc0-original,assets/kenney-nature/crops-bamboo-stage-a.glb,7bafbd69c78b1f6b92fe72e8fd6d1b6ea4b25d6af141c0baa85c27b60aa34e41,contact-sheet-preview,baseline/review-sheet-11.jpg,29,keep-preview-reviewed,No selection-blocking visual defect identified at the inspected preview scale.
kenney-nature-crops-bamboo-stage-b,cc0-original,assets/kenney-nature/crops-bamboo-stage-b.glb,238c4cbeedf747dea96d579cf63301d35bb8709310f0405596c8f988dcc366e6,contact-sheet-preview,baseline/review-sheet-11.jpg,30,keep-preview-reviewed,No selection-blocking visual defect identified at the inspected preview scale.
kenney-nature-crops-corn-stage-a,cc0-original,assets/kenney-nature/crops-corn-stage-a.glb,085e2f0501f0f39acc10762cf46449fd962d9ac0630e7fd128cf9aa4a1edcfb5,contact-sheet-preview,baseline/review-sheet-11.jpg,31,keep-preview-reviewed,No selection-blocking visual defect identified at the inspected preview scale.
kenney-nature-crops-corn-stage-b,cc0-original,assets/kenney-nature/crops-corn-stage-b.glb,509cec80fa70356fd65cac01eaf227bc775261ed6f3af426c64eea9b20e7d05c,contact-sheet-preview,baseline/review-sheet-11.jpg,32,keep-preview-reviewed,No selection-blocking visual defect identified at the inspected preview scale.
kenney-nature-crops-corn-stage-c,cc0-original,assets/kenney-nature/crops-corn-stage-c.glb,deb8b4b74247fd8dc8834cf0a954c818c76c5da9564b244a6354ec4ab65da059,contact-sheet-preview,baseline/review-sheet-11.jpg,33,keep-preview-reviewed,No selection-blocking visual defect identified at the inspected preview scale.
kenney-nature-crops-corn-stage-d,cc0-original,assets/kenney-nature/crops-corn-stage-d.glb,d90d9cbba85e99526b254adee638495f914480831ab41d00807378c004c112c3,contact-sheet-preview,baseline/review-sheet-11.jpg,34,keep-preview-reviewed,No selection-blocking visual defect identified at the inspected preview scale.
kenney-nature-crops-dirt-double-row,cc0-original,assets/kenney-nature/crops-dirt-double-row.glb,b5c330d81a4efe0944caf5f1d1dd0c0d50227c93f2a4a57ec2425d2c9b7a2d84,contact-sheet-preview,baseline/review-sheet-11.jpg,35,keep-preview-reviewed,No selection-blocking visual defect identified at the inspected preview scale.
kenney-nature-crops-dirt-double-row-corner,cc0-original,assets/kenney-nature/crops-dirt-double-row-corner.glb,2262ded26251bba82bd056e83dec3c66931d6f90cc677fce2b8f8f50048a5591,contact-sheet-preview,baseline/review-sheet-11.jpg,36,keep-preview-reviewed,No selection-blocking visual defect identified at the inspected preview scale.
kenney-nature-crops-dirt-double-row-end,cc0-original,assets/kenney-nature/crops-dirt-double-row-end.glb,997b8cc31495742e1ab278bcbf4f49afb4167c2aa5d5cc18422bb044f9d3b27e,contact-sheet-preview,baseline/review-sheet-11.jpg,37,keep-preview-reviewed,No selection-blocking visual defect identified at the inspected preview scale.
kenney-nature-crops-dirt-row,cc0-original,assets/kenney-nature/crops-dirt-row.glb,a36752160e42703c0539386bf07260984796dd07674d322ae18c1fc5201b59b2,contact-sheet-preview,baseline/review-sheet-11.jpg,38,keep-preview-reviewed,No selection-blocking visual defect identified at the inspected preview scale.
kenney-nature-crops-dirt-row-corner,cc0-original,assets/kenney-nature/crops-dirt-row-corner.glb,e1fbad7df11b2e4120df8f4859c4a2278965451dc01bc91b4efd40d3c8c2f99b,contact-sheet-preview,baseline/review-sheet-11.jpg,39,keep-preview-reviewed,No selection-blocking visual defect identified at the inspected preview scale.
kenney-nature-crops-dirt-row-end,cc0-original,assets/kenney-nature/crops-dirt-row-end.glb,9c65aac1b350fa3bb7a05d651ef1e21961cda0b71706f4d6882c03ba892eb62d,contact-sheet-preview,baseline/review-sheet-11.jpg,40,keep-preview-reviewed,No selection-blocking visual defect identified at the inspected preview scale.
kenney-nature-crops-dirt-single,cc0-original,assets/kenney-nature/crops-dirt-single.glb,6d9df48fa8b691a949c053f56977e1134cd917ec7c8a936612d7fa1978dcce1d,contact-sheet-preview,baseline/review-sheet-11.jpg,41,keep-preview-reviewed,No selection-blocking visual defect identified at the inspected preview scale.
kenney-nature-crops-leafs-stage-a,cc0-original,assets/kenney-nature/crops-leafs-stage-a.glb,f30d55780aa6668316a272eac8ea908e981d16fea7dc4fd1de4e68aa8170cee2,contact-sheet-preview,baseline/review-sheet-11.jpg,42,keep-preview-reviewed,No selection-blocking visual defect identified at the inspected preview scale.
kenney-nature-crops-leafs-stage-b,cc0-original,assets/kenney-nature/crops-leafs-stage-b.glb,aea4fe9a7943e7b2b7df99dc4fa00b85e34d00ea9b8e1b144504cef25d77b98c,contact-sheet-preview,baseline/review-sheet-11.jpg,43,keep-preview-reviewed,No selection-blocking visual defect identified at the inspected preview scale.
kenney-nature-crops-wheat-stage-a,cc0-original,assets/kenney-nature/crops-wheat-stage-a.glb,d8c690d473a230741cf4d03fa6a69a405f0ae6a246847a2a72e7f50dd5bebc08,contact-sheet-preview,baseline/review-sheet-11.jpg,44,keep-preview-reviewed,No selection-blocking visual defect identified at the inspected preview scale.
kenney-nature-crops-wheat-stage-b,cc0-original,assets/kenney-nature/crops-wheat-stage-b.glb,589db4d6fe0bd7616c1f1c2f10a335704b2dad5d24638dc08a5b2e5334c68852,contact-sheet-preview,baseline/review-sheet-11.jpg,45,keep-preview-reviewed,No selection-blocking visual defect identified at the inspected preview scale.
kenney-nature-fence-bend,cc0-original,assets/kenney-nature/fence-bend.glb,3f46171bdfbc8878b59216102bf4ac67f7ca35e9b66420604199b3e305321fef,contact-sheet-preview,baseline/review-sheet-11.jpg,46,keep-preview-reviewed,No selection-blocking visual defect identified at the inspected preview scale.
kenney-nature-fence-bend-center,cc0-original,assets/kenney-nature/fence-bend-center.glb,07963bccfd2f69aafdeb5165cfb0b20937cb390b9770a38c9b469ffd0f0dd745,contact-sheet-preview,baseline/review-sheet-11.jpg,47,keep-preview-reviewed,No selection-blocking visual defect identified at the inspected preview scale.
kenney-nature-fence-corner,cc0-original,assets/kenney-nature/fence-corner.glb,f37060de68c5680e518183d44e7ac498e0bfe7b04f3fe71e355d8a4670ef83f1,contact-sheet-preview,baseline/review-sheet-11.jpg,48,keep-preview-reviewed,No selection-blocking visual defect identified at the inspected preview scale.
kenney-nature-fence-gate,cc0-original,assets/kenney-nature/fence-gate.glb,34d10d5620179b8a211a01eea837caa828c0782422f0b408e1a5838788888436,contact-sheet-preview,baseline/review-sheet-12.jpg,1,keep-preview-reviewed,No selection-blocking visual defect identified at the inspected preview scale.
kenney-nature-fence-planks,cc0-original,assets/kenney-nature/fence-planks.glb,2db68f60d24443dbeab05dedd92fcc665d0e21bd261c6a668ea9022a732a06a9,contact-sheet-preview,baseline/review-sheet-12.jpg,2,keep-preview-reviewed,No selection-blocking visual defect identified at the inspected preview scale.
kenney-nature-fence-planks-double,cc0-original,assets/kenney-nature/fence-planks-double.glb,0bbc8fe43f7a1d20de8ff2d687b5b08675beacb431e43ebbb0b1705b9c684f55,contact-sheet-preview,baseline/review-sheet-12.jpg,3,keep-preview-reviewed,No selection-blocking visual defect identified at the inspected preview scale.
kenney-nature-fence-simple,cc0-original,assets/kenney-nature/fence-simple.glb,ecaf6c29532aa9fd305a8ef71df769d60748bd797f2eb1c63bdefc4edb8062a7,contact-sheet-preview,baseline/review-sheet-12.jpg,4,keep-preview-reviewed,No selection-blocking visual defect identified at the inspected preview scale.
kenney-nature-fence-simple-center,cc0-original,assets/kenney-nature/fence-simple-center.glb,dd2eba4993ee8f3777685ce09a2652a7af4e592604002188f2440da4217c85b5,contact-sheet-preview,baseline/review-sheet-12.jpg,5,keep-preview-reviewed,No selection-blocking visual defect identified at the inspected preview scale.
kenney-nature-fence-simple-diagonal,cc0-original,assets/kenney-nature/fence-simple-diagonal.glb,47529aa3517e4d785e7e5635c1347ab551273a70d094656ebcfbda4fe5167c8a,contact-sheet-preview,baseline/review-sheet-12.jpg,6,keep-preview-reviewed,No selection-blocking visual defect identified at the inspected preview scale.
kenney-nature-fence-simple-diagonal-center,cc0-original,assets/kenney-nature/fence-simple-diagonal-center.glb,9b5cfd500250b7310f3cf94e1a395f6730d18bfa9239edc07ee44e12ef792ead,contact-sheet-preview,baseline/review-sheet-12.jpg,7,keep-preview-reviewed,No selection-blocking visual defect identified at the inspected preview scale.
kenney-nature-fence-simple-high,cc0-original,assets/kenney-nature/fence-simple-high.glb,12fec55c302bdcfc7d67946e8c4bed8d96bcb2a8d42817c3021cc94b7272891e,contact-sheet-preview,baseline/review-sheet-12.jpg,8,keep-preview-reviewed,No selection-blocking visual defect identified at the inspected preview scale.
kenney-nature-fence-simple-low,cc0-original,assets/kenney-nature/fence-simple-low.glb,f48ce73576b4976da6416f4b4c1e221cb4b617dba6f9f52affda283910f75755,contact-sheet-preview,baseline/review-sheet-12.jpg,9,keep-preview-reviewed,No selection-blocking visual defect identified at the inspected preview scale.
kenney-nature-flower-purple-a,cc0-original,assets/kenney-nature/flower-purple-a.glb,f6fc34c96a03420a74fe36d4c2d0ec88f15204fcad99cd1416c3c4ecb22e48c4,contact-sheet-preview,baseline/review-sheet-12.jpg,10,keep-preview-reviewed,No selection-blocking visual defect identified at the inspected preview scale.
kenney-nature-flower-purple-b,cc0-original,assets/kenney-nature/flower-purple-b.glb,2afb10cd68a9a7b185fc46110be0da550ea2aef86ef9ac6b7339f217eb4b636a,contact-sheet-preview,baseline/review-sheet-12.jpg,11,keep-preview-reviewed,No selection-blocking visual defect identified at the inspected preview scale.
kenney-nature-flower-purple-c,cc0-original,assets/kenney-nature/flower-purple-c.glb,beb85b66766c9943a89a5ee27114d3befe22569db9a6f0b5f8366b687f9c1e42,contact-sheet-preview,baseline/review-sheet-12.jpg,12,keep-preview-reviewed,No selection-blocking visual defect identified at the inspected preview scale.
kenney-nature-flower-red-a,cc0-original,assets/kenney-nature/flower-red-a.glb,171930b7789ddbf735af3745576b5393750beb9133b9ff4a444bb6bb2986c020,contact-sheet-preview,baseline/review-sheet-12.jpg,13,keep-preview-reviewed,No selection-blocking visual defect identified at the inspected preview scale.
kenney-nature-flower-red-b,cc0-original,assets/kenney-nature/flower-red-b.glb,1ed430a4ee2be9e86649e1ce22ec23162814a3f8c2ad133117315db19293fc16,contact-sheet-preview,baseline/review-sheet-12.jpg,14,keep-preview-reviewed,No selection-blocking visual defect identified at the inspected preview scale.
kenney-nature-flower-red-c,cc0-original,assets/kenney-nature/flower-red-c.glb,5a5c9c8572e8f56287ee1f5f836f98ac08e275f31325b4bc91d2832bc142ceb7,contact-sheet-preview,baseline/review-sheet-12.jpg,15,keep-preview-reviewed,No selection-blocking visual defect identified at the inspected preview scale.
kenney-nature-flower-yellow-a,cc0-original,assets/kenney-nature/flower-yellow-a.glb,8a3b08cd2ca411c21f9c581d5bda651d78b13c50cba45ad8fa0389398ead6d1d,contact-sheet-preview,baseline/review-sheet-12.jpg,16,keep-preview-reviewed,No selection-blocking visual defect identified at the inspected preview scale.
kenney-nature-flower-yellow-b,cc0-original,assets/kenney-nature/flower-yellow-b.glb,aaa8707779a5de59f881f80185bc507b35ec3fd5f23a39d6447ef61141dcd4f5,contact-sheet-preview,baseline/review-sheet-12.jpg,17,keep-preview-reviewed,No selection-blocking visual defect identified at the inspected preview scale.
kenney-nature-flower-yellow-c,cc0-original,assets/kenney-nature/flower-yellow-c.glb,4115c017390b3e157466a8719e9e2af6c5385505135e7012982b9410760ba9f3,contact-sheet-preview,baseline/review-sheet-12.jpg,18,keep-preview-reviewed,No selection-blocking visual defect identified at the inspected preview scale.
kenney-nature-grass,cc0-original,assets/kenney-nature/grass.glb,260e41d3e5f2472492ed7b475c5b92a30b13ce2bad408535b5ff50574d4575e7,contact-sheet-preview,baseline/review-sheet-12.jpg,19,keep-preview-reviewed,No selection-blocking visual defect identified at the inspected preview scale.
kenney-nature-grass-large,cc0-original,assets/kenney-nature/grass-large.glb,af49a595624abca7249824eeefb944d4baf974abeeb5b16110d175da3563d6cd,contact-sheet-preview,baseline/review-sheet-12.jpg,20,keep-preview-reviewed,No selection-blocking visual defect identified at the inspected preview scale.
kenney-nature-grass-leafs,cc0-original,assets/kenney-nature/grass-leafs.glb,8bc4c0b17c2e64c34e1acbf7c4a2fd8c04cfcd7155328e61767887b2ced112c7,contact-sheet-preview,baseline/review-sheet-12.jpg,21,keep-preview-reviewed,No selection-blocking visual defect identified at the inspected preview scale.
kenney-nature-grass-leafs-large,cc0-original,assets/kenney-nature/grass-leafs-large.glb,a68b9b3d9639afaeb4ace840d5a8e3f21ffc4e8afc1eab15566500fbb2bee3e3,contact-sheet-preview,baseline/review-sheet-12.jpg,22,keep-preview-reviewed,No selection-blocking visual defect identified at the inspected preview scale.
kenney-nature-ground-grass,cc0-original,assets/kenney-nature/ground-grass.glb,da741e8ab34ca70c0c85ccda21538558a798188db2f1e265885bcdd226a5cca2,contact-sheet-preview,baseline/review-sheet-12.jpg,23,keep-preview-reviewed,No selection-blocking visual defect identified at the inspected preview scale.
kenney-nature-ground-path-bend,cc0-original,assets/kenney-nature/ground-path-bend.glb,9a0009dc7a8389f12a76ba6f3b793d3fe21d31148d6b8ffde7c10b85a73a7a62,contact-sheet-preview,baseline/review-sheet-12.jpg,24,keep-preview-reviewed,No selection-blocking visual defect identified at the inspected preview scale.
kenney-nature-ground-path-bend-bank,cc0-original,assets/kenney-nature/ground-path-bend-bank.glb,9455bde3c36450d5b9cca2e7e9958c83d70c3f20f058e88ec13757d2624d9667,contact-sheet-preview,baseline/review-sheet-12.jpg,25,keep-preview-reviewed,No selection-blocking visual defect identified at the inspected preview scale.
kenney-nature-ground-path-corner,cc0-original,assets/kenney-nature/ground-path-corner.glb,704324699e7151e72d4d06bb782fbc4017c418a1c0d562c5d9bdc96c95e9c081,contact-sheet-preview,baseline/review-sheet-12.jpg,26,keep-preview-reviewed,No selection-blocking visual defect identified at the inspected preview scale.
kenney-nature-ground-path-corner-small,cc0-original,assets/kenney-nature/ground-path-corner-small.glb,d48127637fb555a2af23ef60928952de10c2adc67796dd8263c3a7e86a04706b,contact-sheet-preview,baseline/review-sheet-12.jpg,27,keep-preview-reviewed,No selection-blocking visual defect identified at the inspected preview scale.
kenney-nature-ground-path-cross,cc0-original,assets/kenney-nature/ground-path-cross.glb,6638d277b1fa06912d7fe2617f25507c14dfa7a39b16211d73bf4ae6ca79bb2f,contact-sheet-preview,baseline/review-sheet-12.jpg,28,keep-preview-reviewed,No selection-blocking visual defect identified at the inspected preview scale.
kenney-nature-ground-path-end,cc0-original,assets/kenney-nature/ground-path-end.glb,2682ba6e407dd86227550fe1c4f5f4940d033e532140787a5d5838c4e5eca610,contact-sheet-preview,baseline/review-sheet-12.jpg,29,keep-preview-reviewed,No selection-blocking visual defect identified at the inspected preview scale.
kenney-nature-ground-path-end-closed,cc0-original,assets/kenney-nature/ground-path-end-closed.glb,d260528d7bf288792f6e2dcb63be5eb25957cd92edd5dcb53e12295ea5e22358,contact-sheet-preview,baseline/review-sheet-12.jpg,30,keep-preview-reviewed,No selection-blocking visual defect identified at the inspected preview scale.
kenney-nature-ground-path-open,cc0-original,assets/kenney-nature/ground-path-open.glb,bfa52db11cb99d784e47f144816b8ded6ad0c083790e8dd781de14790ff5fb22,contact-sheet-preview,baseline/review-sheet-12.jpg,31,keep-preview-reviewed,No selection-blocking visual defect identified at the inspected preview scale.
kenney-nature-ground-path-rocks,cc0-original,assets/kenney-nature/ground-path-rocks.glb,2447aca8c95d4d3583111e696056b024cb42c43290f8b0e7731b6486fc85f234,contact-sheet-preview,baseline/review-sheet-12.jpg,32,keep-preview-reviewed,No selection-blocking visual defect identified at the inspected preview scale.
kenney-nature-ground-path-side,cc0-original,assets/kenney-nature/ground-path-side.glb,b2b71d110214958231ad3691ee491643b101b3329f83add48ce7c48d90be16d5,contact-sheet-preview,baseline/review-sheet-12.jpg,33,keep-preview-reviewed,No selection-blocking visual defect identified at the inspected preview scale.
kenney-nature-ground-path-side-open,cc0-original,assets/kenney-nature/ground-path-side-open.glb,4ae5f19361e3e8cacfe0940bd37802a85e46383a8f758ecae93e93b6542f67c1,contact-sheet-preview,baseline/review-sheet-12.jpg,34,keep-preview-reviewed,No selection-blocking visual defect identified at the inspected preview scale.
kenney-nature-ground-path-split,cc0-original,assets/kenney-nature/ground-path-split.glb,0b0aae1c5a4666f0dab57846349d5ff145d5c944ab4b2f4fbf44f232084d58c0,contact-sheet-preview,baseline/review-sheet-12.jpg,35,keep-preview-reviewed,No selection-blocking visual defect identified at the inspected preview scale.
kenney-nature-ground-path-straight,cc0-original,assets/kenney-nature/ground-path-straight.glb,86a1e88aaa028ccdfb98b6653c282c6aadb0fbccf9c4de00a834516b9bf79d37,contact-sheet-preview,baseline/review-sheet-12.jpg,36,keep-preview-reviewed,No selection-blocking visual defect identified at the inspected preview scale.
kenney-nature-ground-path-tile,cc0-original,assets/kenney-nature/ground-path-tile.glb,b169d96d4143d8dd00ef074b8beb5395d8743b73bbafb88506512c1270075b42,contact-sheet-preview,baseline/review-sheet-12.jpg,37,keep-preview-reviewed,No selection-blocking visual defect identified at the inspected preview scale.
kenney-nature-ground-river-bend,cc0-original,assets/kenney-nature/ground-river-bend.glb,26bc9c6cc1a9f6c0e9e6a430a92b655e53150dd6dea0085e76a3828d0fd92f86,contact-sheet-preview,baseline/review-sheet-12.jpg,38,keep-preview-reviewed,No selection-blocking visual defect identified at the inspected preview scale.
kenney-nature-ground-river-bend-bank,cc0-original,assets/kenney-nature/ground-river-bend-bank.glb,fe9a92785a74bf4c3b716a83b5bdddc2a28e4ca9266db8922d4d3f24ee3eaef1,contact-sheet-preview,baseline/review-sheet-12.jpg,39,keep-preview-reviewed,No selection-blocking visual defect identified at the inspected preview scale.
kenney-nature-ground-river-corner,cc0-original,assets/kenney-nature/ground-river-corner.glb,e6e1eece775ad0fd23bc60fe5d7094a792bef53de71e68790afac692f511edb9,contact-sheet-preview,baseline/review-sheet-12.jpg,40,keep-preview-reviewed,No selection-blocking visual defect identified at the inspected preview scale.
kenney-nature-ground-river-corner-small,cc0-original,assets/kenney-nature/ground-river-corner-small.glb,fcf19878a611b57364e9dd4e9fd8b9f55bd6f9dd6334ccbf9dc437b70c3dc6ee,contact-sheet-preview,baseline/review-sheet-12.jpg,41,keep-preview-reviewed,No selection-blocking visual defect identified at the inspected preview scale.
kenney-nature-ground-river-cross,cc0-original,assets/kenney-nature/ground-river-cross.glb,dcea9a91eb3117162ea70dd7f8718c1df7490d2eb27ed0a94e0f8f0d27f14033,contact-sheet-preview,baseline/review-sheet-12.jpg,42,keep-preview-reviewed,No selection-blocking visual defect identified at the inspected preview scale.
kenney-nature-ground-river-end,cc0-original,assets/kenney-nature/ground-river-end.glb,b04a26243915db0feb3037b3777396dcefc8377bf6fe7989277c4e278ec32d23,contact-sheet-preview,baseline/review-sheet-12.jpg,43,keep-preview-reviewed,No selection-blocking visual defect identified at the inspected preview scale.
kenney-nature-ground-river-end-closed,cc0-original,assets/kenney-nature/ground-river-end-closed.glb,402150e81fa7b0a8b92baa7bce5bab48518e4b34a9aa07c542d17e9e912a8862,contact-sheet-preview,baseline/review-sheet-12.jpg,44,keep-preview-reviewed,No selection-blocking visual defect identified at the inspected preview scale.
kenney-nature-ground-river-rocks,cc0-original,assets/kenney-nature/ground-river-rocks.glb,06e40c741da37f02070a9aca75e3ecb1051b3726dda4d5d4d1e3618abb4600de,contact-sheet-preview,baseline/review-sheet-12.jpg,45,keep-preview-reviewed,No selection-blocking visual defect identified at the inspected preview scale.
kenney-nature-ground-river-side,cc0-original,assets/kenney-nature/ground-river-side.glb,99d5d9f3d12fde4e34b7b341507dcb332bfc054351d4d01ccf35d8e9d0197155,contact-sheet-preview,baseline/review-sheet-12.jpg,46,keep-preview-reviewed,No selection-blocking visual defect identified at the inspected preview scale.
kenney-nature-ground-river-side-open,cc0-original,assets/kenney-nature/ground-river-side-open.glb,3ed902b9f4c9c82049fb9fc7965fc0b7e42cf477b183845eab18da4208879e62,contact-sheet-preview,baseline/review-sheet-12.jpg,47,keep-preview-reviewed,No selection-blocking visual defect identified at the inspected preview scale.
kenney-nature-ground-river-split,cc0-original,assets/kenney-nature/ground-river-split.glb,d91fdbc71e3ea97d33a011c36dc0e922319744041ea88e62504c736ac93e4e9c,contact-sheet-preview,baseline/review-sheet-12.jpg,48,keep-preview-reviewed,No selection-blocking visual defect identified at the inspected preview scale.
kenney-nature-ground-river-straight,cc0-original,assets/kenney-nature/ground-river-straight.glb,d1061c7ab8d883fb26177e7cc36b2564b0a437620465c24f1a29629423cda096,contact-sheet-preview,baseline/review-sheet-13.jpg,1,keep-preview-reviewed,No selection-blocking visual defect identified at the inspected preview scale.
kenney-nature-ground-river-tile,cc0-original,assets/kenney-nature/ground-river-tile.glb,371ea7754e2869a9d1ae57261ef52aebf54ae8bd49f9b9f05dd006bfba6a758c,contact-sheet-preview,baseline/review-sheet-13.jpg,2,keep-preview-reviewed,No selection-blocking visual defect identified at the inspected preview scale.
kenney-nature-hanging-moss,cc0-original,assets/kenney-nature/hanging-moss.glb,2124c2d038054f1ea89d470a6095d35c2fbdb2674916db93400ea6ed5f499cb0,contact-sheet-preview,baseline/review-sheet-13.jpg,3,keep-preview-reviewed,No selection-blocking visual defect identified at the inspected preview scale.
kenney-nature-lily-large,cc0-original,assets/kenney-nature/lily-large.glb,c8f7080df0ae3166e9d33f523b66360c2ac7556dff36cc9c8ee78b6a676c7db2,contact-sheet-preview,baseline/review-sheet-13.jpg,4,keep-preview-reviewed,No selection-blocking visual defect identified at the inspected preview scale.
kenney-nature-lily-small,cc0-original,assets/kenney-nature/lily-small.glb,38184c9eeb560acabd4d7f1d16852422df056edf0b318c97854c250e048cad3c,contact-sheet-preview,baseline/review-sheet-13.jpg,5,keep-preview-reviewed,No selection-blocking visual defect identified at the inspected preview scale.
kenney-nature-log,cc0-original,assets/kenney-nature/log.glb,8c8fe8f6adfc03a3c0cd6cb24961ff74be96c2da284d70322f05797d049972d6,contact-sheet-preview,baseline/review-sheet-13.jpg,6,keep-preview-reviewed,No selection-blocking visual defect identified at the inspected preview scale.
kenney-nature-log-large,cc0-original,assets/kenney-nature/log-large.glb,e7a92369062d491e5a31a163d390e07db04ee573605bbfa84c00660d18896b4c,contact-sheet-preview,baseline/review-sheet-13.jpg,7,keep-preview-reviewed,No selection-blocking visual defect identified at the inspected preview scale.
kenney-nature-log-stack,cc0-original,assets/kenney-nature/log-stack.glb,90eaae4a01ba1f25c2f0c6d83087e4a7a8fac684f2452615245333968d118d68,contact-sheet-preview,baseline/review-sheet-13.jpg,8,keep-preview-reviewed,No selection-blocking visual defect identified at the inspected preview scale.
kenney-nature-log-stack-large,cc0-original,assets/kenney-nature/log-stack-large.glb,58dc0ce3321b3b57f7b8c5aea47e1a212a5f462822af57a26f9ba5c4d48e65ab,contact-sheet-preview,baseline/review-sheet-13.jpg,9,keep-preview-reviewed,No selection-blocking visual defect identified at the inspected preview scale.
kenney-nature-mushroom-red,cc0-original,assets/kenney-nature/mushroom-red.glb,843e2de43dce78920a5675a67bac4b72f500e6220315e713fe08381642cfc571,contact-sheet-preview,baseline/review-sheet-13.jpg,10,keep-preview-reviewed,No selection-blocking visual defect identified at the inspected preview scale.
kenney-nature-mushroom-red-group,cc0-original,assets/kenney-nature/mushroom-red-group.glb,29f02df0589dd2b09e8d2aff6a4662394dac5cfcf1fec701640dcbd6127e0802,contact-sheet-preview,baseline/review-sheet-13.jpg,11,keep-preview-reviewed,No selection-blocking visual defect identified at the inspected preview scale.
kenney-nature-mushroom-red-tall,cc0-original,assets/kenney-nature/mushroom-red-tall.glb,d982f6c5dce9ca870132448034eced9e84573aeed87e9158e18a3a033124f810,contact-sheet-preview,baseline/review-sheet-13.jpg,12,keep-preview-reviewed,No selection-blocking visual defect identified at the inspected preview scale.
kenney-nature-mushroom-tan,cc0-original,assets/kenney-nature/mushroom-tan.glb,455cbacdcdac82cc20420c3f21eaba3ff2fbceadb2e13d35a39d52130dba5a80,contact-sheet-preview,baseline/review-sheet-13.jpg,13,keep-preview-reviewed,No selection-blocking visual defect identified at the inspected preview scale.
kenney-nature-path-stone,cc0-original,assets/kenney-nature/path-stone.glb,06f2eb4f914df4dd419b7fb33e81059bc0b1a5b941a193b7c9f8ffd8851146c5,contact-sheet-preview,baseline/review-sheet-13.jpg,14,keep-preview-reviewed,No selection-blocking visual defect identified at the inspected preview scale.
kenney-nature-path-stone-circle,cc0-original,assets/kenney-nature/path-stone-circle.glb,d3f2044acdaeb7100d82aca702207e9c2f198aa0f03b9aef79a714e3a4a563f5,contact-sheet-preview,baseline/review-sheet-13.jpg,15,keep-preview-reviewed,No selection-blocking visual defect identified at the inspected preview scale.
kenney-nature-path-stone-corner,cc0-original,assets/kenney-nature/path-stone-corner.glb,50f977934adfc20bb70dc647a618a9227516391ac40bfa26e07b4207c5ae222e,contact-sheet-preview,baseline/review-sheet-13.jpg,16,keep-preview-reviewed,No selection-blocking visual defect identified at the inspected preview scale.
kenney-nature-path-stone-end,cc0-original,assets/kenney-nature/path-stone-end.glb,0b07fd6ca7e5af705fa3c2e47e4a0453d8a8bdd8ca1d92ccbee8ccc9f5bfb22b,contact-sheet-preview,baseline/review-sheet-13.jpg,17,keep-preview-reviewed,No selection-blocking visual defect identified at the inspected preview scale.
kenney-nature-path-wood,cc0-original,assets/kenney-nature/path-wood.glb,395f1d5972484f0ba96ef27446cc986b02245b1166c8681e566a3697f6a97688,contact-sheet-preview,baseline/review-sheet-13.jpg,18,keep-preview-reviewed,No selection-blocking visual defect identified at the inspected preview scale.
kenney-nature-path-wood-corner,cc0-original,assets/kenney-nature/path-wood-corner.glb,0eeda5d33db00f64bab2f192379a5feaac116f9e9ced1b8e3c88a773f393e8c3,contact-sheet-preview,baseline/review-sheet-13.jpg,19,keep-preview-reviewed,No selection-blocking visual defect identified at the inspected preview scale.
kenney-nature-path-wood-end,cc0-original,assets/kenney-nature/path-wood-end.glb,eeab39b94ee4f25f20abeb3932493e9a44eb6e5c10b77121cb97d90b8a028325,contact-sheet-preview,baseline/review-sheet-13.jpg,20,keep-preview-reviewed,No selection-blocking visual defect identified at the inspected preview scale.
kenney-nature-plant-bush,cc0-original,assets/kenney-nature/plant-bush.glb,ae7b1beb39e242b13f5f29e3ec23ef21034b814f82297b8aa00a9bf4e1b09590,contact-sheet-preview,baseline/review-sheet-13.jpg,21,keep-preview-reviewed,No selection-blocking visual defect identified at the inspected preview scale.
kenney-nature-plant-bush-detailed,cc0-original,assets/kenney-nature/plant-bush-detailed.glb,2e0487020d68ccf664435db9d829c78ae00e6d2785ee3ec10b9f89cc70a10406,contact-sheet-preview,baseline/review-sheet-13.jpg,22,keep-preview-reviewed,No selection-blocking visual defect identified at the inspected preview scale.
kenney-nature-plant-bush-large,cc0-original,assets/kenney-nature/plant-bush-large.glb,10e1d9fbf29d96d1d1a56fb2ce25ae66537505101759229afe01ae22c6c45e02,contact-sheet-preview,baseline/review-sheet-13.jpg,23,keep-preview-reviewed,No selection-blocking visual defect identified at the inspected preview scale.
kenney-nature-plant-bush-large-triangle,cc0-original,assets/kenney-nature/plant-bush-large-triangle.glb,098af3618e20e5a2cb5f6e24a7c67c0a80663f989137d86430bc9e2b1b2d52e4,contact-sheet-preview,baseline/review-sheet-13.jpg,24,keep-preview-reviewed,No selection-blocking visual defect identified at the inspected preview scale.
kenney-nature-plant-bush-small,cc0-original,assets/kenney-nature/plant-bush-small.glb,a9620a7d1fb165ae68d323676f80dbb2a9e3aafb21110d18d18d90b07026b91d,contact-sheet-preview,baseline/review-sheet-13.jpg,25,keep-preview-reviewed,No selection-blocking visual defect identified at the inspected preview scale.
kenney-nature-plant-bush-triangle,cc0-original,assets/kenney-nature/plant-bush-triangle.glb,e944e19adda28436fdc63d77019aa490e6591358659a14abea8aa654181fc417,contact-sheet-preview,baseline/review-sheet-13.jpg,26,keep-preview-reviewed,No selection-blocking visual defect identified at the inspected preview scale.
kenney-nature-plant-flat-short,cc0-original,assets/kenney-nature/plant-flat-short.glb,5885f6bb6ce004eb7ccc887fd30b7671492a94be76ffeb1e64c07c47d6b7bae1,contact-sheet-preview,baseline/review-sheet-13.jpg,27,keep-preview-reviewed,No selection-blocking visual defect identified at the inspected preview scale.
kenney-nature-plant-flat-tall,cc0-original,assets/kenney-nature/plant-flat-tall.glb,b192523736f32754788de4dc7a5dcf30a58322b260ec8969120c91432a10b633,contact-sheet-preview,baseline/review-sheet-13.jpg,28,keep-preview-reviewed,No selection-blocking visual defect identified at the inspected preview scale.
kenney-nature-platform-beach,cc0-original,assets/kenney-nature/platform-beach.glb,4fa4a12535983be876098841c2114bfd755a590b0db84251f44a96cbd224bfe5,contact-sheet-preview,baseline/review-sheet-13.jpg,29,keep-preview-reviewed,No selection-blocking visual defect identified at the inspected preview scale.
kenney-nature-platform-grass,cc0-original,assets/kenney-nature/platform-grass.glb,74105fc9912c97e7809264dd69621863e0ddfd6ab92136f05918eda436ee898b,contact-sheet-preview,baseline/review-sheet-13.jpg,30,keep-preview-reviewed,No selection-blocking visual defect identified at the inspected preview scale.
kenney-nature-platform-stone,cc0-original,assets/kenney-nature/platform-stone.glb,bfa5a35bbdc94d5719c3e98b1c7688fa8777e2cb6599a3df579d428f4973dc70,contact-sheet-preview,baseline/review-sheet-13.jpg,31,keep-preview-reviewed,No selection-blocking visual defect identified at the inspected preview scale.
kenney-nature-pot-large,cc0-original,assets/kenney-nature/pot-large.glb,57e60214bc6ab1dc3764c9ffe80091ff45f2bfd49fbc313c1b68dcaab1537aef,contact-sheet-preview,baseline/review-sheet-13.jpg,32,keep-preview-reviewed,No selection-blocking visual defect identified at the inspected preview scale.
kenney-nature-pot-small,cc0-original,assets/kenney-nature/pot-small.glb,1141d9e16099c2103f1a177de0cae4ea979a3246439e33074923e4cfe3098df8,contact-sheet-preview,baseline/review-sheet-13.jpg,33,keep-preview-reviewed,No selection-blocking visual defect identified at the inspected preview scale.
kenney-nature-rock-large-a,cc0-original,assets/kenney-nature/rock-large-a.glb,6dd15390fd96501dcd1454765a17ba61dbbd8d47705dfe5149c8dd92b353ce25,contact-sheet-preview,baseline/review-sheet-13.jpg,34,keep-preview-reviewed,No selection-blocking visual defect identified at the inspected preview scale.
kenney-nature-rock-large-b,cc0-original,assets/kenney-nature/rock-large-b.glb,caa8b025833d4dabf6d98fe2e96cf2fbd886693ac990df0db75f9d827194374b,contact-sheet-preview,baseline/review-sheet-13.jpg,35,keep-preview-reviewed,No selection-blocking visual defect identified at the inspected preview scale.
kenney-nature-rock-large-c,cc0-original,assets/kenney-nature/rock-large-c.glb,23aee8b727adeaf260207af3e0615dc69aa766c6d87de1d44cbc8c2711d74dd1,contact-sheet-preview,baseline/review-sheet-13.jpg,36,keep-preview-reviewed,No selection-blocking visual defect identified at the inspected preview scale.
kenney-nature-rock-large-d,cc0-original,assets/kenney-nature/rock-large-d.glb,e4fefd8d8d7deab42be61bd222bcd088330012f0025789146b81f25a46095ffd,contact-sheet-preview,baseline/review-sheet-13.jpg,37,keep-preview-reviewed,No selection-blocking visual defect identified at the inspected preview scale.
kenney-nature-rock-large-e,cc0-original,assets/kenney-nature/rock-large-e.glb,8207ce8100b7c756e55e67bee030edadeb332d7d72220027b5818f1987039def,contact-sheet-preview,baseline/review-sheet-13.jpg,38,keep-preview-reviewed,No selection-blocking visual defect identified at the inspected preview scale.
kenney-nature-rock-large-f,cc0-original,assets/kenney-nature/rock-large-f.glb,4222107db4a47471494bdbf1eb2ad0ff297628afbcb7c392618e5742d831e0d4,contact-sheet-preview,baseline/review-sheet-13.jpg,39,keep-preview-reviewed,No selection-blocking visual defect identified at the inspected preview scale.
kenney-nature-rock-small-a,cc0-original,assets/kenney-nature/rock-small-a.glb,df9fff9d711e61370e8df0caa2514c89b8f8a8dc6c6fafaf4eb2ec79c5ae07c1,contact-sheet-preview,baseline/review-sheet-13.jpg,40,keep-preview-reviewed,No selection-blocking visual defect identified at the inspected preview scale.
kenney-nature-rock-small-b,cc0-original,assets/kenney-nature/rock-small-b.glb,11b26bc0a12e971a3b69df1401e530e24432d528c262df94b99c412e7f372763,contact-sheet-preview,baseline/review-sheet-13.jpg,41,keep-preview-reviewed,No selection-blocking visual defect identified at the inspected preview scale.
kenney-nature-rock-small-c,cc0-original,assets/kenney-nature/rock-small-c.glb,5cbc0a805f275771baf19165c7132288e4834ba97ec0fb16ce9cc37e1c2522e2,contact-sheet-preview,baseline/review-sheet-13.jpg,42,keep-preview-reviewed,No selection-blocking visual defect identified at the inspected preview scale.
kenney-nature-rock-small-d,cc0-original,assets/kenney-nature/rock-small-d.glb,d5a09ec917231fbaf5a0d6868e1c0320fd4cb139851dcefbe9e3794eec73ee6c,contact-sheet-preview,baseline/review-sheet-13.jpg,43,keep-preview-reviewed,No selection-blocking visual defect identified at the inspected preview scale.
kenney-nature-rock-small-e,cc0-original,assets/kenney-nature/rock-small-e.glb,e6e03586ca03316bab707ced869f5d4fa50dccc67dd056e94b667fc1e929c05c,contact-sheet-preview,baseline/review-sheet-13.jpg,44,keep-preview-reviewed,No selection-blocking visual defect identified at the inspected preview scale.
kenney-nature-rock-small-f,cc0-original,assets/kenney-nature/rock-small-f.glb,51099549e8dd6a68db2afe2e5c514a8601ee59e11766d5975c540314f9b7deb8,contact-sheet-preview,baseline/review-sheet-13.jpg,45,keep-preview-reviewed,No selection-blocking visual defect identified at the inspected preview scale.
kenney-nature-rock-small-flat-a,cc0-original,assets/kenney-nature/rock-small-flat-a.glb,40ceafacfaabb0f04f93688fd8696c1464c65512bef219e1459c1f238cbbbe21,contact-sheet-preview,baseline/review-sheet-13.jpg,46,keep-preview-reviewed,No selection-blocking visual defect identified at the inspected preview scale.
kenney-nature-rock-small-flat-b,cc0-original,assets/kenney-nature/rock-small-flat-b.glb,83e4af8ef8050974de45e255cb7a6959116d77174d6931fd95b219b74e23fb8d,contact-sheet-preview,baseline/review-sheet-13.jpg,47,keep-preview-reviewed,No selection-blocking visual defect identified at the inspected preview scale.
kenney-nature-rock-small-flat-c,cc0-original,assets/kenney-nature/rock-small-flat-c.glb,dc889263e79ab77a147d6b413e1d099de00c4dab10eb8fbe284e3c95ce715120,contact-sheet-preview,baseline/review-sheet-13.jpg,48,keep-preview-reviewed,No selection-blocking visual defect identified at the inspected preview scale.
kenney-nature-rock-small-g,cc0-original,assets/kenney-nature/rock-small-g.glb,d7135a8763b685dcc8c6c839c668d8e9efbfd25b203d878d66e0198dc28fa30f,contact-sheet-preview,baseline/review-sheet-14.jpg,1,keep-preview-reviewed,No selection-blocking visual defect identified at the inspected preview scale.
kenney-nature-rock-small-h,cc0-original,assets/kenney-nature/rock-small-h.glb,c798f7445350e8d79710a1d3e344b9ce4d4bcff5416a50268781d5121a353a7f,contact-sheet-preview,baseline/review-sheet-14.jpg,2,keep-preview-reviewed,No selection-blocking visual defect identified at the inspected preview scale.
kenney-nature-rock-small-i,cc0-original,assets/kenney-nature/rock-small-i.glb,f7bbf2f4efbfe63977c4c6520762143ede95c63bff6484b9719db5e666a618e4,contact-sheet-preview,baseline/review-sheet-14.jpg,3,keep-preview-reviewed,No selection-blocking visual defect identified at the inspected preview scale.
kenney-nature-rock-small-top-a,cc0-original,assets/kenney-nature/rock-small-top-a.glb,758063d1f535da58c6a0d40416b011b268e5f9f888bbb7eddef0a31ba37e30b5,contact-sheet-preview,baseline/review-sheet-14.jpg,4,keep-preview-reviewed,No selection-blocking visual defect identified at the inspected preview scale.
kenney-nature-rock-small-top-b,cc0-original,assets/kenney-nature/rock-small-top-b.glb,134e2a324190f6093b80c05fb3e1b6c46681d6462953de99bb54bf4c8a7665c6,contact-sheet-preview,baseline/review-sheet-14.jpg,5,keep-preview-reviewed,No selection-blocking visual defect identified at the inspected preview scale.
kenney-nature-rock-tall-a,cc0-original,assets/kenney-nature/rock-tall-a.glb,88250f236a3b75f8b55c1d8afb6af020f8a91b1e81f9fb51f7ef513420d45a2d,contact-sheet-preview,baseline/review-sheet-14.jpg,6,keep-preview-reviewed,No selection-blocking visual defect identified at the inspected preview scale.
kenney-nature-rock-tall-b,cc0-original,assets/kenney-nature/rock-tall-b.glb,b3fb7899c317a3b026fa6ced0e1eaaa596d9dd0d95efeacfb5e05d25322f19b9,contact-sheet-preview,baseline/review-sheet-14.jpg,7,keep-preview-reviewed,No selection-blocking visual defect identified at the inspected preview scale.
kenney-nature-rock-tall-c,cc0-original,assets/kenney-nature/rock-tall-c.glb,87943b8b0d244ec9832d5dca9bf3cee2ab62aaa81797749f21a972f85c1f3be4,contact-sheet-preview,baseline/review-sheet-14.jpg,8,keep-preview-reviewed,No selection-blocking visual defect identified at the inspected preview scale.
kenney-nature-rock-tall-d,cc0-original,assets/kenney-nature/rock-tall-d.glb,c0c6965e87e81cda1524110243f158aba8fbd0218af74432fb352fe4f647cb78,contact-sheet-preview,baseline/review-sheet-14.jpg,9,keep-preview-reviewed,No selection-blocking visual defect identified at the inspected preview scale.
kenney-nature-rock-tall-e,cc0-original,assets/kenney-nature/rock-tall-e.glb,21f135fa85c5fde5f1136ceefe7f9c9103f292109a5b1d77a6675e97d7a782fb,contact-sheet-preview,baseline/review-sheet-14.jpg,10,keep-preview-reviewed,No selection-blocking visual defect identified at the inspected preview scale.
kenney-nature-rock-tall-f,cc0-original,assets/kenney-nature/rock-tall-f.glb,823cecdfa45e9b23c608a4b3ade9e699e0dea0e0141dde4e757fe97ad5850c10,contact-sheet-preview,baseline/review-sheet-14.jpg,11,keep-preview-reviewed,No selection-blocking visual defect identified at the inspected preview scale.
kenney-nature-rock-tall-g,cc0-original,assets/kenney-nature/rock-tall-g.glb,831683e6f920d0d6156132f73a1078ed4d0470bc3e862eff4436763898c68a96,contact-sheet-preview,baseline/review-sheet-14.jpg,12,keep-preview-reviewed,No selection-blocking visual defect identified at the inspected preview scale.
kenney-nature-rock-tall-h,cc0-original,assets/kenney-nature/rock-tall-h.glb,bc1db23172176726c4f9fac55c1114a7619fb414e4ca62f242bc48a89d7a9300,contact-sheet-preview,baseline/review-sheet-14.jpg,13,keep-preview-reviewed,No selection-blocking visual defect identified at the inspected preview scale.
kenney-nature-rock-tall-i,cc0-original,assets/kenney-nature/rock-tall-i.glb,653ac732b440346ad7addd65e92caa54e34e150d78f0ea6fec8863a07cdb9e4c,contact-sheet-preview,baseline/review-sheet-14.jpg,14,keep-preview-reviewed,No selection-blocking visual defect identified at the inspected preview scale.
kenney-nature-rock-tall-j,cc0-original,assets/kenney-nature/rock-tall-j.glb,3ddaae3745f5f99b335c7888bc9ee9a8fc4da28ddb206ec61a518d90e618a051,contact-sheet-preview,baseline/review-sheet-14.jpg,15,keep-preview-reviewed,No selection-blocking visual defect identified at the inspected preview scale.
kenney-nature-sign,cc0-original,assets/kenney-nature/sign.glb,c658c21672ecd63c5d3e53f06f875d68e6509edb1ab7e3b75374df7c61e7dd0c,contact-sheet-preview,baseline/review-sheet-14.jpg,16,keep-preview-reviewed,No selection-blocking visual defect identified at the inspected preview scale.
kenney-nature-statue-block,cc0-original,assets/kenney-nature/statue-block.glb,5caa9f4d0ede962d36f78355b73e59c88e4c978ba4ef44e6df6e52d484c60bac,contact-sheet-preview,baseline/review-sheet-14.jpg,17,keep-preview-reviewed,No selection-blocking visual defect identified at the inspected preview scale.
kenney-nature-statue-column,cc0-original,assets/kenney-nature/statue-column.glb,5d7f6c8bce8d1dc7ee62b1841376cda331c4359acfa2b9a11dd7e78c14ea9dbb,contact-sheet-preview,baseline/review-sheet-14.jpg,18,keep-preview-reviewed,No selection-blocking visual defect identified at the inspected preview scale.
kenney-nature-statue-column-damaged,cc0-original,assets/kenney-nature/statue-column-damaged.glb,ce8f21c31ec16ad67759dd171860bd85fd57fc3857963610c4ed8a39c8d91b95,contact-sheet-preview,baseline/review-sheet-14.jpg,19,keep-preview-reviewed,No selection-blocking visual defect identified at the inspected preview scale.
kenney-nature-statue-head,cc0-original,assets/kenney-nature/statue-head.glb,02a0c58e713176004f9054f6a6181b965e2cc25ff7c77f5d17458b00c270b60e,contact-sheet-preview,baseline/review-sheet-14.jpg,20,keep-preview-reviewed,No selection-blocking visual defect identified at the inspected preview scale.
kenney-nature-statue-obelisk,cc0-original,assets/kenney-nature/statue-obelisk.glb,e18013044ad6453a1850226be29f63c37d67e0002141f5f6a4d14a46bde69e00,contact-sheet-preview,baseline/review-sheet-14.jpg,21,keep-preview-reviewed,No selection-blocking visual defect identified at the inspected preview scale.
kenney-nature-statue-ring,cc0-original,assets/kenney-nature/statue-ring.glb,5c62e4165f7a76436faa0b20e98b47d0a9e5021dcbf2a0eef0cdf0912180f02c,contact-sheet-preview,baseline/review-sheet-14.jpg,22,keep-preview-reviewed,No selection-blocking visual defect identified at the inspected preview scale.
kenney-nature-stone-large-a,cc0-original,assets/kenney-nature/stone-large-a.glb,fe486a13775e833b1aca99413a89e013f300841de80f42ecd44ceaf43720f17b,contact-sheet-preview,baseline/review-sheet-14.jpg,23,keep-preview-reviewed,No selection-blocking visual defect identified at the inspected preview scale.
kenney-nature-stone-large-b,cc0-original,assets/kenney-nature/stone-large-b.glb,2b6b96b701b42d96efaa92ad4aba0cc8d23417f1bc07f0e996ee1a5acd52b4b8,contact-sheet-preview,baseline/review-sheet-14.jpg,24,keep-preview-reviewed,No selection-blocking visual defect identified at the inspected preview scale.
kenney-nature-stone-large-c,cc0-original,assets/kenney-nature/stone-large-c.glb,f78e984f04f2c9d3a242d42b1c8f65b8a095b9ccf9f74ac55a97b7cdd1c4668c,contact-sheet-preview,baseline/review-sheet-14.jpg,25,keep-preview-reviewed,No selection-blocking visual defect identified at the inspected preview scale.
kenney-nature-stone-large-d,cc0-original,assets/kenney-nature/stone-large-d.glb,db945df5cc1fb3113777dc208bac3f46d3fb970aaf39f2c517612f99fbf3532b,contact-sheet-preview,baseline/review-sheet-14.jpg,26,keep-preview-reviewed,No selection-blocking visual defect identified at the inspected preview scale.
kenney-nature-stone-large-e,cc0-original,assets/kenney-nature/stone-large-e.glb,392cf28f85aa4b7b7c5e12b1a3b87fe2b3a7c5ec1797d5d1d0d58edca6da9de8,contact-sheet-preview,baseline/review-sheet-14.jpg,27,keep-preview-reviewed,No selection-blocking visual defect identified at the inspected preview scale.
kenney-nature-stone-large-f,cc0-original,assets/kenney-nature/stone-large-f.glb,6fd7761da24e492b9e763cfc8ebb5f3c2bb33aa68fb0f320a8769ab71fcc6c9e,contact-sheet-preview,baseline/review-sheet-14.jpg,28,keep-preview-reviewed,No selection-blocking visual defect identified at the inspected preview scale.
kenney-nature-stone-small-a,cc0-original,assets/kenney-nature/stone-small-a.glb,b48e731e6c4b453e8e5e8caace6edc18da40bc09874d831b7914e840fc853ae4,contact-sheet-preview,baseline/review-sheet-14.jpg,29,keep-preview-reviewed,No selection-blocking visual defect identified at the inspected preview scale.
kenney-nature-stone-small-b,cc0-original,assets/kenney-nature/stone-small-b.glb,27765cdf708ff130be161eeee22eb56c014cb23b6b0c657e2a7659d02dc25459,contact-sheet-preview,baseline/review-sheet-14.jpg,30,keep-preview-reviewed,No selection-blocking visual defect identified at the inspected preview scale.
kenney-nature-stone-small-c,cc0-original,assets/kenney-nature/stone-small-c.glb,dfc8129bc9290155c524aeaf3b845aa68eb72580afccd5b969d598294d147136,contact-sheet-preview,baseline/review-sheet-14.jpg,31,keep-preview-reviewed,No selection-blocking visual defect identified at the inspected preview scale.
kenney-nature-stone-small-d,cc0-original,assets/kenney-nature/stone-small-d.glb,0ef496ce0f17e18a12a66ba8ec69889fb5b5247fed04b58c0d417a0f5221f579,contact-sheet-preview,baseline/review-sheet-14.jpg,32,keep-preview-reviewed,No selection-blocking visual defect identified at the inspected preview scale.
kenney-nature-stone-small-e,cc0-original,assets/kenney-nature/stone-small-e.glb,17cb3e6f6c58f5fdc0bf4080bbfb7c72c4fe1ddfc65682637f4b335ff98fa291,contact-sheet-preview,baseline/review-sheet-14.jpg,33,keep-preview-reviewed,No selection-blocking visual defect identified at the inspected preview scale.
kenney-nature-stone-small-f,cc0-original,assets/kenney-nature/stone-small-f.glb,b845a25c9b92ede6aeb78c1c5d5264b721674be707576fe7b16a430af99b4bbc,contact-sheet-preview,baseline/review-sheet-14.jpg,34,keep-preview-reviewed,No selection-blocking visual defect identified at the inspected preview scale.
kenney-nature-stone-small-flat-a,cc0-original,assets/kenney-nature/stone-small-flat-a.glb,04f2d1bf9dba77426a5fa076a07d7b1319fb78021b7fe619a6ca3599d96d762a,contact-sheet-preview,baseline/review-sheet-14.jpg,35,keep-preview-reviewed,No selection-blocking visual defect identified at the inspected preview scale.
kenney-nature-stone-small-flat-b,cc0-original,assets/kenney-nature/stone-small-flat-b.glb,1a0b6363f66a31372656e40f83c9d604325a8bb91a7de3697400b92b1cdf6fae,contact-sheet-preview,baseline/review-sheet-14.jpg,36,keep-preview-reviewed,No selection-blocking visual defect identified at the inspected preview scale.
kenney-nature-stone-small-flat-c,cc0-original,assets/kenney-nature/stone-small-flat-c.glb,8c7069b5c9b9fee5afa8bb7949df82f43935f7d4b513852b0846da5bb8337d91,contact-sheet-preview,baseline/review-sheet-14.jpg,37,keep-preview-reviewed,No selection-blocking visual defect identified at the inspected preview scale.
kenney-nature-stone-small-g,cc0-original,assets/kenney-nature/stone-small-g.glb,07c24e47be85709a54beca6396c2252ce918039d8ef0ec7ffc2faa01e523b28d,contact-sheet-preview,baseline/review-sheet-14.jpg,38,keep-preview-reviewed,No selection-blocking visual defect identified at the inspected preview scale.
kenney-nature-stone-small-h,cc0-original,assets/kenney-nature/stone-small-h.glb,c13f8f724cb64f06df2fd7fa1b9964690f2f44f5f45c459874d6e9546c90613b,contact-sheet-preview,baseline/review-sheet-14.jpg,39,keep-preview-reviewed,No selection-blocking visual defect identified at the inspected preview scale.
kenney-nature-stone-small-i,cc0-original,assets/kenney-nature/stone-small-i.glb,f210ea4a4e60c3fa0b6d1601a33ef8efb6e1d0ea17121319c1c685ae72ac5a79,contact-sheet-preview,baseline/review-sheet-14.jpg,40,keep-preview-reviewed,No selection-blocking visual defect identified at the inspected preview scale.
kenney-nature-stone-small-top-a,cc0-original,assets/kenney-nature/stone-small-top-a.glb,544faf6690361eaa291b20be0c31787440dabc35548d130b9fb56d086c9ca0dc,contact-sheet-preview,baseline/review-sheet-14.jpg,41,keep-preview-reviewed,No selection-blocking visual defect identified at the inspected preview scale.
kenney-nature-stone-small-top-b,cc0-original,assets/kenney-nature/stone-small-top-b.glb,b9a2deeafdd2fa1e15cea0a9a37c5e1b70c74b58b21738202654aae5313a7fb0,contact-sheet-preview,baseline/review-sheet-14.jpg,42,keep-preview-reviewed,No selection-blocking visual defect identified at the inspected preview scale.
kenney-nature-stone-tall-a,cc0-original,assets/kenney-nature/stone-tall-a.glb,3070bd574104abce19f5e3c82c917cb7f52801720377beba7aad76058408d5db,contact-sheet-preview,baseline/review-sheet-14.jpg,43,keep-preview-reviewed,No selection-blocking visual defect identified at the inspected preview scale.
kenney-nature-stone-tall-b,cc0-original,assets/kenney-nature/stone-tall-b.glb,4dc2798870b56fe4028f47418994c8b7c336baf7045bf034fe8117cb7e635ba1,contact-sheet-preview,baseline/review-sheet-14.jpg,44,keep-preview-reviewed,No selection-blocking visual defect identified at the inspected preview scale.
kenney-nature-stone-tall-c,cc0-original,assets/kenney-nature/stone-tall-c.glb,5fe5c30a5afe1aba91d998e295c1a95c26901cb8bb3f44b68b29eb052b7e019d,contact-sheet-preview,baseline/review-sheet-14.jpg,45,keep-preview-reviewed,No selection-blocking visual defect identified at the inspected preview scale.
kenney-nature-stone-tall-d,cc0-original,assets/kenney-nature/stone-tall-d.glb,51c9337a482cc2c00e7c2861d99a29c9116e61be814949c95510516c54505c1c,contact-sheet-preview,baseline/review-sheet-14.jpg,46,keep-preview-reviewed,No selection-blocking visual defect identified at the inspected preview scale.
kenney-nature-stone-tall-e,cc0-original,assets/kenney-nature/stone-tall-e.glb,626eb1f842d8bdfe4c2be86dc7b469ebceadaed2402871c21a90324a0231a318,contact-sheet-preview,baseline/review-sheet-14.jpg,47,keep-preview-reviewed,No selection-blocking visual defect identified at the inspected preview scale.
kenney-nature-stone-tall-f,cc0-original,assets/kenney-nature/stone-tall-f.glb,2c7698f979742da434f0dd928706b7ee9fb1abd0e3ac13ca6651c624165f7992,contact-sheet-preview,baseline/review-sheet-14.jpg,48,keep-preview-reviewed,No selection-blocking visual defect identified at the inspected preview scale.
kenney-nature-stone-tall-g,cc0-original,assets/kenney-nature/stone-tall-g.glb,a686a7bde391b49822ab299aac00c18fa3422c8099585be12fd594ecb0580137,contact-sheet-preview,baseline/review-sheet-15.jpg,1,keep-preview-reviewed,No selection-blocking visual defect identified at the inspected preview scale.
kenney-nature-stone-tall-h,cc0-original,assets/kenney-nature/stone-tall-h.glb,e00d9e5219f8caed495eb1594fa6eb39c9c9df7d4950e5b1945a89e0375cda00,contact-sheet-preview,baseline/review-sheet-15.jpg,2,keep-preview-reviewed,No selection-blocking visual defect identified at the inspected preview scale.
kenney-nature-stone-tall-i,cc0-original,assets/kenney-nature/stone-tall-i.glb,5667332535676fd95d23ea9be0da8b70af196fff7b648cddd26a3e8e4e9bee65,contact-sheet-preview,baseline/review-sheet-15.jpg,3,keep-preview-reviewed,No selection-blocking visual defect identified at the inspected preview scale.
kenney-nature-stone-tall-j,cc0-original,assets/kenney-nature/stone-tall-j.glb,b7f50a935be4e98da74d665658b31c0b7039416ccf0d6f330c0a3fe230e72ab6,contact-sheet-preview,baseline/review-sheet-15.jpg,4,keep-preview-reviewed,No selection-blocking visual defect identified at the inspected preview scale.
kenney-nature-stump-old,cc0-original,assets/kenney-nature/stump-old.glb,4c2d2da34804c1662c6a776a9d60fe4449e6f6fdd50914bfec7d5cca3e9ceddb,contact-sheet-preview,baseline/review-sheet-15.jpg,5,keep-preview-reviewed,No selection-blocking visual defect identified at the inspected preview scale.
kenney-nature-stump-old-tall,cc0-original,assets/kenney-nature/stump-old-tall.glb,8606cbd41c2a11143f083e796668cc413d58ab90cf5e53450fd93e6fcfde48e0,contact-sheet-preview,baseline/review-sheet-15.jpg,6,keep-preview-reviewed,No selection-blocking visual defect identified at the inspected preview scale.
kenney-nature-stump-round,cc0-original,assets/kenney-nature/stump-round.glb,e9b0f385f0ef98493ef716a055aa51e0b99efb8445279be7bb8bd83329a4c4af,contact-sheet-preview,baseline/review-sheet-15.jpg,7,keep-preview-reviewed,No selection-blocking visual defect identified at the inspected preview scale.
kenney-nature-stump-round-detailed,cc0-original,assets/kenney-nature/stump-round-detailed.glb,3017359bd0bdf84fa137f8aca33b31b1a54c3a3f11d36e1d0995868dedd53768,contact-sheet-preview,baseline/review-sheet-15.jpg,8,keep-preview-reviewed,No selection-blocking visual defect identified at the inspected preview scale.
kenney-nature-stump-square,cc0-original,assets/kenney-nature/stump-square.glb,bf46b38e2899ee4f2046be166d1cedd157f021a771c4b3ef235aa7de4f56a873,contact-sheet-preview,baseline/review-sheet-15.jpg,9,keep-preview-reviewed,No selection-blocking visual defect identified at the inspected preview scale.
kenney-nature-stump-square-detailed,cc0-original,assets/kenney-nature/stump-square-detailed.glb,d84fa1d9c2e57d07669b9e0072f61fb12f83dc8a20786caf9e75818cd4dcbfcc,contact-sheet-preview,baseline/review-sheet-15.jpg,10,keep-preview-reviewed,No selection-blocking visual defect identified at the inspected preview scale.
kenney-nature-stump-square-detailed-wide,cc0-original,assets/kenney-nature/stump-square-detailed-wide.glb,fee070370d60a2d6cf5868c3b994b002b2772c35602f6d6b2396b9049d6256c0,contact-sheet-preview,baseline/review-sheet-15.jpg,11,keep-preview-reviewed,No selection-blocking visual defect identified at the inspected preview scale.
kenney-nature-tent-detailed-closed,cc0-original,assets/kenney-nature/tent-detailed-closed.glb,fe8a2f9033cc87f1ec01b6c18bae7c57b84e787b4b210328ed708a4a3f9bb994,contact-sheet-preview,baseline/review-sheet-15.jpg,12,keep-preview-reviewed,No selection-blocking visual defect identified at the inspected preview scale.
kenney-nature-tent-detailed-open,cc0-original,assets/kenney-nature/tent-detailed-open.glb,d54d9665d07e0ff9680e56731c9f5338fc25d93788504d63b8375f54e6444193,contact-sheet-preview,baseline/review-sheet-15.jpg,13,keep-preview-reviewed,No selection-blocking visual defect identified at the inspected preview scale.
kenney-nature-tent-small-closed,cc0-original,assets/kenney-nature/tent-small-closed.glb,326bb7909d67a587149be7f048f39257daadc899d80b5f956090571881b096e0,contact-sheet-preview,baseline/review-sheet-15.jpg,14,keep-preview-reviewed,No selection-blocking visual defect identified at the inspected preview scale.
kenney-nature-tent-small-open,cc0-original,assets/kenney-nature/tent-small-open.glb,d32c3f7a5926de03521a012774316d38e09c27bd6dbae7cefdb01debe003ecdd,contact-sheet-preview,baseline/review-sheet-15.jpg,15,keep-preview-reviewed,No selection-blocking visual defect identified at the inspected preview scale.
kenney-nature-tree-blocks,cc0-original,assets/kenney-nature/tree-blocks.glb,cb74bda3024bbe396c01b3d5b381a93e6d7c73241079868c19ac420ad52e475c,contact-sheet-preview,baseline/review-sheet-15.jpg,16,keep-preview-reviewed,No selection-blocking visual defect identified at the inspected preview scale.
kenney-nature-tree-blocks-fall,cc0-original,assets/kenney-nature/tree-blocks-fall.glb,0f79f7f11578cfb0e3669468f09c86f0953bceb1b2ced3cb8ed2a2bb4ff2021b,contact-sheet-preview,baseline/review-sheet-15.jpg,17,keep-preview-reviewed,No selection-blocking visual defect identified at the inspected preview scale.
kenney-nature-tree-cone,cc0-original,assets/kenney-nature/tree-cone.glb,90be4d214ee2cbf79d317677cb87fc11dac9873b73e446b75e8c12825a374272,contact-sheet-preview,baseline/review-sheet-15.jpg,18,keep-preview-reviewed,No selection-blocking visual defect identified at the inspected preview scale.
kenney-nature-tree-cone-dark,cc0-original,assets/kenney-nature/tree-cone-dark.glb,b5c22416b8b37cfa9af04b89657a95c10a1ca45ff8e84afff3a19ae5a01c1ade,contact-sheet-preview,baseline/review-sheet-15.jpg,19,keep-preview-reviewed,No selection-blocking visual defect identified at the inspected preview scale.
kenney-nature-tree-default,cc0-original,assets/kenney-nature/tree-default.glb,562d29638c902de3c7bee465d3a53bb77117efbc392ae04ed894faf6b5dc691d,contact-sheet-preview,baseline/review-sheet-15.jpg,20,keep-preview-reviewed,No selection-blocking visual defect identified at the inspected preview scale.
kenney-nature-tree-default-fall,cc0-original,assets/kenney-nature/tree-default-fall.glb,f8e90ed7f7771644998a7c361302213af04350150b3ea0631e8384d26506efa2,contact-sheet-preview,baseline/review-sheet-15.jpg,21,keep-preview-reviewed,No selection-blocking visual defect identified at the inspected preview scale.
kenney-nature-tree-detailed,cc0-original,assets/kenney-nature/tree-detailed.glb,c041daf2f0fb1d49e4325227cbcd58667adbe51e9b55e8c1f0a94b74cc521b3b,contact-sheet-preview,baseline/review-sheet-15.jpg,22,keep-preview-reviewed,No selection-blocking visual defect identified at the inspected preview scale.
kenney-nature-tree-fat,cc0-original,assets/kenney-nature/tree-fat.glb,84b262c5dda3a91ac6c95f9d8b23a0ebbb1951d678c0e1375d3e32623cc43ee2,contact-sheet-preview,baseline/review-sheet-15.jpg,23,keep-preview-reviewed,No selection-blocking visual defect identified at the inspected preview scale.
kenney-nature-tree-oak,cc0-original,assets/kenney-nature/tree-oak.glb,d7fd8773674928c50c11b66d12c636d49bdcc15a8b1c7fbb98e6f63a3439a3f3,contact-sheet-preview,baseline/review-sheet-15.jpg,24,keep-preview-reviewed,No selection-blocking visual defect identified at the inspected preview scale.
kenney-nature-tree-palm,cc0-original,assets/kenney-nature/tree-palm.glb,27bbb23d26ed788d84de6df2f7fab0acc3fe0ff16c7d08cdcfa1fffcb11de324,contact-sheet-preview,baseline/review-sheet-15.jpg,25,keep-preview-reviewed,No selection-blocking visual defect identified at the inspected preview scale.
kenney-nature-tree-palm-bend,cc0-original,assets/kenney-nature/tree-palm-bend.glb,8af9dae16ce3c03183f9457996ebdd135167199514e8f4f944ee2bd82828d5c9,contact-sheet-preview,baseline/review-sheet-15.jpg,26,keep-preview-reviewed,No selection-blocking visual defect identified at the inspected preview scale.
kenney-nature-tree-palm-detailed-short,cc0-original,assets/kenney-nature/tree-palm-detailed-short.glb,bc1013aaacca3bdd116ad1cded4f9499f008fe3056e760f3238be05aa21ff9f2,contact-sheet-preview,baseline/review-sheet-15.jpg,27,keep-preview-reviewed,No selection-blocking visual defect identified at the inspected preview scale.
kenney-nature-tree-palm-detailed-tall,cc0-original,assets/kenney-nature/tree-palm-detailed-tall.glb,2cbea0f9621cde884c63a7b4ad787bda1d051fa27ef3c66b9f2b65328dc53683,contact-sheet-preview,baseline/review-sheet-15.jpg,28,keep-preview-reviewed,No selection-blocking visual defect identified at the inspected preview scale.
kenney-nature-tree-palm-short,cc0-original,assets/kenney-nature/tree-palm-short.glb,d2526ca31c144a238820aa5c0f6183c5b9cf37fd3cc037932e637cf7c473ba27,contact-sheet-preview,baseline/review-sheet-15.jpg,29,keep-preview-reviewed,No selection-blocking visual defect identified at the inspected preview scale.
kenney-nature-tree-palm-tall,cc0-original,assets/kenney-nature/tree-palm-tall.glb,cbd2c2ea7d0316be7514d44699527c566ce91e0542e8b6c6bf431a155e5655f6,contact-sheet-preview,baseline/review-sheet-15.jpg,30,keep-preview-reviewed,No selection-blocking visual defect identified at the inspected preview scale.
kenney-nature-tree-pine-default-a,cc0-original,assets/kenney-nature/tree-pine-default-a.glb,60d8f352fa3659ed275e06cbddfecf8f92c8effe2977c2f2d7b29b6c9b582e46,contact-sheet-preview,baseline/review-sheet-15.jpg,31,keep-preview-reviewed,No selection-blocking visual defect identified at the inspected preview scale.
kenney-nature-tree-pine-default-b,cc0-original,assets/kenney-nature/tree-pine-default-b.glb,a752ea5775c6fb17513f764d57ead534f44dfdd85188b842995ac9ba0e7065c1,contact-sheet-preview,baseline/review-sheet-15.jpg,32,keep-preview-reviewed,No selection-blocking visual defect identified at the inspected preview scale.
kenney-nature-tree-pine-ground-a,cc0-original,assets/kenney-nature/tree-pine-ground-a.glb,dfffda4e4f0796076c502561cbf9527245656b7384b67657edc2a45205bbce51,contact-sheet-preview,baseline/review-sheet-15.jpg,33,keep-preview-reviewed,No selection-blocking visual defect identified at the inspected preview scale.
kenney-nature-tree-pine-ground-b,cc0-original,assets/kenney-nature/tree-pine-ground-b.glb,7af6719bfde2236210093d915e4eceff1e36c4c997259cb3565f149b270a4bfc,contact-sheet-preview,baseline/review-sheet-15.jpg,34,keep-preview-reviewed,No selection-blocking visual defect identified at the inspected preview scale.
kenney-nature-tree-pine-round-a,cc0-original,assets/kenney-nature/tree-pine-round-a.glb,7dc9711f31585eafdcb965d0649c30af5e19f2def1955f7a915081d30759ef8e,contact-sheet-preview,baseline/review-sheet-15.jpg,35,keep-preview-reviewed,No selection-blocking visual defect identified at the inspected preview scale.
kenney-nature-tree-pine-round-b,cc0-original,assets/kenney-nature/tree-pine-round-b.glb,d4b664a2ac27ffec4125d95dffebed23471595f3a86650a55bcb9ac6b7c54637,contact-sheet-preview,baseline/review-sheet-15.jpg,36,keep-preview-reviewed,No selection-blocking visual defect identified at the inspected preview scale.
kenney-nature-tree-pine-round-c,cc0-original,assets/kenney-nature/tree-pine-round-c.glb,29080a4935bae6b4ab29066f22c99c58f88b23ce4e2f79b4dcbb5e76de73f69d,contact-sheet-preview,baseline/review-sheet-15.jpg,37,keep-preview-reviewed,No selection-blocking visual defect identified at the inspected preview scale.
kenney-nature-tree-pine-round-d,cc0-original,assets/kenney-nature/tree-pine-round-d.glb,a5051944fbfae7900cef8314c4a5d977b6b29bcd4e4ae5dea9d80980e65a411a,contact-sheet-preview,baseline/review-sheet-15.jpg,38,keep-preview-reviewed,No selection-blocking visual defect identified at the inspected preview scale.
kenney-nature-tree-pine-round-e,cc0-original,assets/kenney-nature/tree-pine-round-e.glb,39178f614e1b4b2340a5db89cde410e897027a67e28f39ba95359c522d114f23,contact-sheet-preview,baseline/review-sheet-15.jpg,39,keep-preview-reviewed,No selection-blocking visual defect identified at the inspected preview scale.
kenney-nature-tree-pine-round-f,cc0-original,assets/kenney-nature/tree-pine-round-f.glb,fbeacc85c719a9e23e0d42f3ceb1cf44cf2537389e3d2141cb0716eefc40317d,contact-sheet-preview,baseline/review-sheet-15.jpg,40,keep-preview-reviewed,No selection-blocking visual defect identified at the inspected preview scale.
kenney-nature-tree-pine-small-a,cc0-original,assets/kenney-nature/tree-pine-small-a.glb,be1a438bbb2e157266c1fb093b775bff8ce3e29a4c8f04aaf9d44c7a4e1f1ff0,contact-sheet-preview,baseline/review-sheet-15.jpg,41,keep-preview-reviewed,No selection-blocking visual defect identified at the inspected preview scale.
kenney-nature-tree-pine-small-b,cc0-original,assets/kenney-nature/tree-pine-small-b.glb,59392aa6604adb9dccd4fb76df5ed12ae8ac7d7391eb7e04bc84fffe9f9b36c8,contact-sheet-preview,baseline/review-sheet-15.jpg,42,keep-preview-reviewed,No selection-blocking visual defect identified at the inspected preview scale.
kenney-nature-tree-pine-small-c,cc0-original,assets/kenney-nature/tree-pine-small-c.glb,c334c78379b2968b0c198a92b4e429e433c89e1685792b5c6ed730216c8512e3,contact-sheet-preview,baseline/review-sheet-15.jpg,43,keep-preview-reviewed,No selection-blocking visual defect identified at the inspected preview scale.
kenney-nature-tree-pine-small-d,cc0-original,assets/kenney-nature/tree-pine-small-d.glb,5128c47e7dc954b539245968d05fa518c9afa677d740fb11db0813aafadf17ef,contact-sheet-preview,baseline/review-sheet-15.jpg,44,keep-preview-reviewed,No selection-blocking visual defect identified at the inspected preview scale.
kenney-nature-tree-pine-tall-a,cc0-original,assets/kenney-nature/tree-pine-tall-a.glb,e0a56eb196d8a64ba86c7304d607136e17e6f9ad748dffcf86bd53b18b91b196,contact-sheet-preview,baseline/review-sheet-15.jpg,45,keep-preview-reviewed,No selection-blocking visual defect identified at the inspected preview scale.
kenney-nature-tree-pine-tall-a-detailed,cc0-original,assets/kenney-nature/tree-pine-tall-a-detailed.glb,9ba6337460e718b8baf165b23c02f39455e3d5757b1911505410c46bc88a86b5,contact-sheet-preview,baseline/review-sheet-15.jpg,46,keep-preview-reviewed,No selection-blocking visual defect identified at the inspected preview scale.
kenney-nature-tree-pine-tall-b,cc0-original,assets/kenney-nature/tree-pine-tall-b.glb,49b54146351e1e009e97ee592f997a90a16b10c5467baf734d352df1cddec5d1,contact-sheet-preview,baseline/review-sheet-15.jpg,47,keep-preview-reviewed,No selection-blocking visual defect identified at the inspected preview scale.
kenney-nature-tree-pine-tall-b-detailed,cc0-original,assets/kenney-nature/tree-pine-tall-b-detailed.glb,a26b4434e1592ec1a83f364a54688bb34c48d9521bfccbe63f0cc37b381c4696,contact-sheet-preview,baseline/review-sheet-15.jpg,48,keep-preview-reviewed,No selection-blocking visual defect identified at the inspected preview scale.
kenney-nature-tree-pine-tall-c,cc0-original,assets/kenney-nature/tree-pine-tall-c.glb,e8b97fa086e1ac9b2a2c84eeb02382df371703c23cfa414571d06e42d4dfea3d,contact-sheet-preview,baseline/review-sheet-16.jpg,1,keep-preview-reviewed,No selection-blocking visual defect identified at the inspected preview scale.
kenney-nature-tree-pine-tall-c-detailed,cc0-original,assets/kenney-nature/tree-pine-tall-c-detailed.glb,b538e229a9fb8cbbb579fa2a0df784d5354c8a70faa115fa80f8190f2e6bef47,contact-sheet-preview,baseline/review-sheet-16.jpg,2,keep-preview-reviewed,No selection-blocking visual defect identified at the inspected preview scale.
kenney-nature-tree-pine-tall-d,cc0-original,assets/kenney-nature/tree-pine-tall-d.glb,df5ffca50fc2e39a40bf8315077f6215b0b9fca0d9761b01945bfd59cca3bdd5,contact-sheet-preview,baseline/review-sheet-16.jpg,3,keep-preview-reviewed,No selection-blocking visual defect identified at the inspected preview scale.
kenney-nature-tree-pine-tall-d-detailed,cc0-original,assets/kenney-nature/tree-pine-tall-d-detailed.glb,a2fac08d7cb337e7b02c7d7f0d6911aa6fcef97b721da9cffb432b8dc3949e2d,contact-sheet-preview,baseline/review-sheet-16.jpg,4,keep-preview-reviewed,No selection-blocking visual defect identified at the inspected preview scale.
kenney-nature-tree-plateau,cc0-original,assets/kenney-nature/tree-plateau.glb,7f19e347ff28703dd9e5fcce89b920156e291fbdb19331a57cb31a95c73e1322,contact-sheet-preview,baseline/review-sheet-16.jpg,5,keep-preview-reviewed,No selection-blocking visual defect identified at the inspected preview scale.
kenney-nature-tree-simple,cc0-original,assets/kenney-nature/tree-simple.glb,93891ea740447634930de19c31a7c1c9f4add94122e6db03aca9f75aea32f9d6,contact-sheet-preview,baseline/review-sheet-16.jpg,6,keep-preview-reviewed,No selection-blocking visual defect identified at the inspected preview scale.
kenney-nature-tree-small,cc0-original,assets/kenney-nature/tree-small.glb,d26c0eeed65cc681667f50042ef23ec72ce47ae3b39837bfeec170b05ba6ab6a,contact-sheet-preview,baseline/review-sheet-16.jpg,7,keep-preview-reviewed,No selection-blocking visual defect identified at the inspected preview scale.
kenney-nature-tree-small-dark,cc0-original,assets/kenney-nature/tree-small-dark.glb,0b29837359378543e906a7d862ace523647c16083589abc120558f187412edca,contact-sheet-preview,baseline/review-sheet-16.jpg,8,keep-preview-reviewed,No selection-blocking visual defect identified at the inspected preview scale.
kenney-nature-tree-tall,cc0-original,assets/kenney-nature/tree-tall.glb,3515a8826044d91e84e011186c86878f62024a487a079b4e32c9ac2e71994411,contact-sheet-preview,baseline/review-sheet-16.jpg,9,keep-preview-reviewed,No selection-blocking visual defect identified at the inspected preview scale.
kenney-nature-tree-tall-fall,cc0-original,assets/kenney-nature/tree-tall-fall.glb,f6b975c90a0f7486aec70e683aa0dd180c070f94a9ccb8927066be26ea5774e0,contact-sheet-preview,baseline/review-sheet-16.jpg,10,keep-preview-reviewed,No selection-blocking visual defect identified at the inspected preview scale.
kenney-nature-tree-thin,cc0-original,assets/kenney-nature/tree-thin.glb,f0f1f6861fe0446963d3be216cc628324f538bb0841bc9a8e14140313f64e2f3,contact-sheet-preview,baseline/review-sheet-16.jpg,11,keep-preview-reviewed,No selection-blocking visual defect identified at the inspected preview scale.
kenney-nature-tree-thin-dark,cc0-original,assets/kenney-nature/tree-thin-dark.glb,8f12bf461e38c43866ddfeaa56f77fadaa56425642bcb2e71dcf3c5c74abab47,contact-sheet-preview,baseline/review-sheet-16.jpg,12,keep-preview-reviewed,No selection-blocking visual defect identified at the inspected preview scale.
kenney-city-commercial-building-a,cc0-original,assets/kenney-city-commercial/building-a.glb,155b8f243633ed482493da0f29b805a6c7748e43f121ef5d3ee7c743016f2e58,contact-sheet-preview,baseline/review-sheet-16.jpg,13,keep-preview-reviewed,No selection-blocking visual defect identified at the inspected preview scale.
kenney-city-commercial-building-b,cc0-original,assets/kenney-city-commercial/building-b.glb,968cd3170675970bde430e5b007ed70777059a25ede68671d0ab536f5c012773,contact-sheet-preview,baseline/review-sheet-16.jpg,14,keep-preview-reviewed,No selection-blocking visual defect identified at the inspected preview scale.
kenney-city-commercial-building-c,cc0-original,assets/kenney-city-commercial/building-c.glb,35ec81c361067c932eb0437e40a3d7ab528b66a84d51dd5a581acf2b5615ced0,contact-sheet-preview,baseline/review-sheet-16.jpg,15,keep-preview-reviewed,No selection-blocking visual defect identified at the inspected preview scale.
kenney-city-commercial-building-d,cc0-original,assets/kenney-city-commercial/building-d.glb,161feca856a6acce7e00704bceab543e8d75b92e6c0f69c1b44129889ab5d4c5,contact-sheet-preview,baseline/review-sheet-16.jpg,16,keep-preview-reviewed,No selection-blocking visual defect identified at the inspected preview scale.
kenney-city-commercial-building-e,cc0-original,assets/kenney-city-commercial/building-e.glb,ec55119fc76d83f4ecd70fb5e7180f42322c78722a575ffe8fd9af3b3a4e0eb9,contact-sheet-preview,baseline/review-sheet-16.jpg,17,keep-preview-reviewed,No selection-blocking visual defect identified at the inspected preview scale.
kenney-city-commercial-building-f,cc0-original,assets/kenney-city-commercial/building-f.glb,4d410982e08b0e17d89b7cb467df39e93541b7fb8a2619388c3902a2107875d1,contact-sheet-preview,baseline/review-sheet-16.jpg,18,keep-preview-reviewed,No selection-blocking visual defect identified at the inspected preview scale.
kenney-city-commercial-building-g,cc0-original,assets/kenney-city-commercial/building-g.glb,6e4b57f03d4c46b0ff06bca7da55ae84c87dcb7dfe471414dbcf968b12412624,contact-sheet-preview,baseline/review-sheet-16.jpg,19,keep-preview-reviewed,No selection-blocking visual defect identified at the inspected preview scale.
kenney-city-commercial-building-h,cc0-original,assets/kenney-city-commercial/building-h.glb,11442a83c08ad9370e0a5c9ff13f85ca1adcef3d40636badd8b008a93965c898,contact-sheet-preview,baseline/review-sheet-16.jpg,20,keep-preview-reviewed,No selection-blocking visual defect identified at the inspected preview scale.
kenney-city-commercial-building-i,cc0-original,assets/kenney-city-commercial/building-i.glb,1227d15ba7ed8f9bbf6808d6bbb70f000a4994cf410a207709ece33f252063ec,contact-sheet-preview,baseline/review-sheet-16.jpg,21,keep-preview-reviewed,No selection-blocking visual defect identified at the inspected preview scale.
kenney-city-commercial-building-j,cc0-original,assets/kenney-city-commercial/building-j.glb,12d9a5d4576111bff5580a10025a8bb2ebd7e29d51df1ea4487c826eef11b1cd,contact-sheet-preview,baseline/review-sheet-16.jpg,22,keep-preview-reviewed,No selection-blocking visual defect identified at the inspected preview scale.
kenney-city-commercial-building-k,cc0-original,assets/kenney-city-commercial/building-k.glb,9307de56ff08628967fcace766570e1ac77b4485ab335f925b8601d51ffc187c,contact-sheet-preview,baseline/review-sheet-16.jpg,23,keep-preview-reviewed,No selection-blocking visual defect identified at the inspected preview scale.
kenney-city-commercial-building-l,cc0-original,assets/kenney-city-commercial/building-l.glb,bdbb929dbf71569ed1b024d8f4d892491d81782d2c051ff6c941da21471ce478,contact-sheet-preview,baseline/review-sheet-16.jpg,24,keep-preview-reviewed,No selection-blocking visual defect identified at the inspected preview scale.
kenney-city-commercial-building-m,cc0-original,assets/kenney-city-commercial/building-m.glb,cb6185a1051f17049f80c784272883e6c236ea1a8492f0ef9b2a854ac0e5faad,contact-sheet-preview,baseline/review-sheet-16.jpg,25,keep-preview-reviewed,No selection-blocking visual defect identified at the inspected preview scale.
kenney-city-commercial-building-n,cc0-original,assets/kenney-city-commercial/building-n.glb,69c7c1781fa23833a71ecff279fe6320ca6e60ac17800a64aa045b3334c6434c,contact-sheet-preview,baseline/review-sheet-16.jpg,26,keep-preview-reviewed,No selection-blocking visual defect identified at the inspected preview scale.
kenney-city-commercial-building-skyscraper-a,cc0-original,assets/kenney-city-commercial/building-skyscraper-a.glb,758daca2d4eefecd8e688d08352d8e34f4ae10a2008477a01b7df4f5a35eea4a,contact-sheet-preview,baseline/review-sheet-16.jpg,27,keep-preview-reviewed,No selection-blocking visual defect identified at the inspected preview scale.
kenney-city-commercial-building-skyscraper-b,cc0-original,assets/kenney-city-commercial/building-skyscraper-b.glb,413af1ffb7625fd4bd8410836a8be70bb38c04931639b9b0e3ede757c4ea9eef,contact-sheet-preview,baseline/review-sheet-16.jpg,28,keep-preview-reviewed,No selection-blocking visual defect identified at the inspected preview scale.
kenney-city-commercial-building-skyscraper-c,cc0-original,assets/kenney-city-commercial/building-skyscraper-c.glb,5e72e945c2395849c87cce168b3de8d2c51b4a4c84e2ceaa6bf1e084d1778bf5,contact-sheet-preview,baseline/review-sheet-16.jpg,29,keep-preview-reviewed,No selection-blocking visual defect identified at the inspected preview scale.
kenney-city-commercial-building-skyscraper-d,cc0-original,assets/kenney-city-commercial/building-skyscraper-d.glb,a543a3e4f22cad3be915a94439722acf85e9a15ec34735ddf5ebcf7d5f6d81f0,contact-sheet-preview,baseline/review-sheet-16.jpg,30,keep-preview-reviewed,No selection-blocking visual defect identified at the inspected preview scale.
kenney-city-commercial-building-skyscraper-e,cc0-original,assets/kenney-city-commercial/building-skyscraper-e.glb,c1c6515bfe03e4508696036100ef5318eb2e3fbd39517649ee6f2db9bd4bbc47,contact-sheet-preview,baseline/review-sheet-16.jpg,31,keep-preview-reviewed,No selection-blocking visual defect identified at the inspected preview scale.
kenney-city-commercial-detail-awning-wide,cc0-original,assets/kenney-city-commercial/detail-awning-wide.glb,4a9a552ea53c7b608596c49674b4fa5b217e6cbed97980bafe8d366860635be7,contact-sheet-preview,baseline/review-sheet-16.jpg,32,keep-preview-reviewed,No selection-blocking visual defect identified at the inspected preview scale.
kenney-city-commercial-detail-awning,cc0-original,assets/kenney-city-commercial/detail-awning.glb,aecddbf33201da4e448642b9aa60bd56f8e06f61d13382ba6e1e89e583a87680,contact-sheet-preview,baseline/review-sheet-16.jpg,33,keep-preview-reviewed,No selection-blocking visual defect identified at the inspected preview scale.
kenney-city-commercial-detail-overhang-wide,cc0-original,assets/kenney-city-commercial/detail-overhang-wide.glb,16c3245aada0d59814e174cc388ff2cced670ab35da504de5b6af74c6db9ca66,contact-sheet-preview,baseline/review-sheet-16.jpg,34,keep-preview-reviewed,No selection-blocking visual defect identified at the inspected preview scale.
kenney-city-commercial-detail-overhang,cc0-original,assets/kenney-city-commercial/detail-overhang.glb,19e4bf7727a788fac615b66bd0d403c438932cba86294ba383da132e430b9aed,contact-sheet-preview,baseline/review-sheet-16.jpg,35,keep-preview-reviewed,No selection-blocking visual defect identified at the inspected preview scale.
kenney-city-commercial-detail-parasol-a,cc0-original,assets/kenney-city-commercial/detail-parasol-a.glb,1ddc04f16ad73cc9ba9913830f158699c1446b34cdf9e8e1d33bb6d6babfadb7,contact-sheet-preview,baseline/review-sheet-16.jpg,36,keep-preview-reviewed,No selection-blocking visual defect identified at the inspected preview scale.
kenney-city-commercial-detail-parasol-b,cc0-original,assets/kenney-city-commercial/detail-parasol-b.glb,26847d850d52e26532b0fa3fe589fcd216319abd30ef3c9302d81c221521ee89,contact-sheet-preview,baseline/review-sheet-16.jpg,37,keep-preview-reviewed,No selection-blocking visual defect identified at the inspected preview scale.
kenney-survival-barrel-open,cc0-original,assets/kenney-survival/barrel-open.glb,2fb48227cef9fa24215164459748f883665e0a368af37e2b58c37f1f5cdc5669,contact-sheet-preview,baseline/review-sheet-16.jpg,38,keep-preview-reviewed,No selection-blocking visual defect identified at the inspected preview scale.
kenney-survival-barrel,cc0-original,assets/kenney-survival/barrel.glb,5611211d7852c377317e69dad4bc74dee0da47314874c1b6881bc332230ad28c,contact-sheet-preview,baseline/review-sheet-16.jpg,39,keep-preview-reviewed,No selection-blocking visual defect identified at the inspected preview scale.
kenney-survival-bedroll-frame,cc0-original,assets/kenney-survival/bedroll-frame.glb,c185c5a4f6d0912fc95481bd681b7bdc241ecb9725b1c6f80d71b9a8074b7398,contact-sheet-preview,baseline/review-sheet-16.jpg,40,keep-preview-reviewed,No selection-blocking visual defect identified at the inspected preview scale.
kenney-survival-bedroll-packed,cc0-original,assets/kenney-survival/bedroll-packed.glb,00306a8172d38380e1c24e3cbff4f538773ea9c33bb931aa793ee18c2eb641f2,contact-sheet-preview,baseline/review-sheet-16.jpg,41,keep-preview-reviewed,No selection-blocking visual defect identified at the inspected preview scale.
kenney-survival-bedroll,cc0-original,assets/kenney-survival/bedroll.glb,7704c70f70ff25c8fa0043b5a11a6e42b8eb2a62713ad232fb9fafc38817c045,contact-sheet-preview,baseline/review-sheet-16.jpg,42,keep-preview-reviewed,No selection-blocking visual defect identified at the inspected preview scale.
kenney-survival-bottle-large,cc0-original,assets/kenney-survival/bottle-large.glb,648b7b8a42c102affe3ab259ee5a7be0753a2db6a2e25f5e9ad0b1ea1af58594,contact-sheet-preview,baseline/review-sheet-16.jpg,43,keep-preview-reviewed,No selection-blocking visual defect identified at the inspected preview scale.
kenney-survival-bottle,cc0-original,assets/kenney-survival/bottle.glb,f747d5034301be140bdb092d02109e404046309eee21ea66df59dad879de944a,contact-sheet-preview,baseline/review-sheet-16.jpg,44,keep-preview-reviewed,No selection-blocking visual defect identified at the inspected preview scale.
kenney-survival-box-large-open,cc0-original,assets/kenney-survival/box-large-open.glb,5df301bfefc795cc349cd2383b5961867c47afb1d8ddf753ae24a01b6ce0411c,contact-sheet-preview,baseline/review-sheet-16.jpg,45,keep-preview-reviewed,No selection-blocking visual defect identified at the inspected preview scale.
kenney-survival-box-large,cc0-original,assets/kenney-survival/box-large.glb,3ecefd87944c942aaf2324d65e7314a725e4203686c2f809800a21c9559d123f,contact-sheet-preview,baseline/review-sheet-16.jpg,46,keep-preview-reviewed,No selection-blocking visual defect identified at the inspected preview scale.
kenney-survival-box-open,cc0-original,assets/kenney-survival/box-open.glb,c1a3cba647095e173ac53390c130d98cf8f6b57aebc0f7f9e509253b1c24a97a,contact-sheet-preview,baseline/review-sheet-16.jpg,47,keep-preview-reviewed,No selection-blocking visual defect identified at the inspected preview scale.
kenney-survival-box,cc0-original,assets/kenney-survival/box.glb,5e9793aba236ee4271e024adb1554b2c2f03a0df6d913b4330511f68fd6f6645,contact-sheet-preview,baseline/review-sheet-16.jpg,48,keep-preview-reviewed,No selection-blocking visual defect identified at the inspected preview scale.
kenney-survival-bucket,cc0-original,assets/kenney-survival/bucket.glb,741bad3a6c108f74a4cb4e2297799dec5c660c1719aac4a4a5c25371505ee83d,contact-sheet-preview,baseline/review-sheet-17.jpg,1,keep-preview-reviewed,No selection-blocking visual defect identified at the inspected preview scale.
kenney-survival-campfire-fishing-stand,cc0-original,assets/kenney-survival/campfire-fishing-stand.glb,33b2df51c2089280de18c969b87405e91fa8f4c84583fc1a6e257606f3815fed,contact-sheet-preview,baseline/review-sheet-17.jpg,2,keep-preview-reviewed,No selection-blocking visual defect identified at the inspected preview scale.
kenney-survival-campfire-pit,cc0-original,assets/kenney-survival/campfire-pit.glb,904359f44b8eaded56d0fe9402f186253bb290db8429e4b81132a7340be65fed,contact-sheet-preview,baseline/review-sheet-17.jpg,3,keep-preview-reviewed,No selection-blocking visual defect identified at the inspected preview scale.
kenney-survival-campfire-stand,cc0-original,assets/kenney-survival/campfire-stand.glb,283e5c105c54a5febedcf4d195791fd9a3b2ed4cab2e58f247d5e7c8438aa03f,contact-sheet-preview,baseline/review-sheet-17.jpg,4,keep-preview-reviewed,No selection-blocking visual defect identified at the inspected preview scale.
kenney-survival-chest,cc0-original,assets/kenney-survival/chest.glb,ae2cca395eb1fb0263cf629940ffe0b1a3b267ed842f8d7ef3f9b8d341e0e4ea,contact-sheet-preview,baseline/review-sheet-17.jpg,5,keep-preview-reviewed,No selection-blocking visual defect identified at the inspected preview scale.
kenney-survival-fence-doorway,cc0-original,assets/kenney-survival/fence-doorway.glb,ba61471c24ea8b4931381b5c33c48d496113ba33c012abe9ec4605839ca4b391,contact-sheet-preview,baseline/review-sheet-17.jpg,6,keep-preview-reviewed,No selection-blocking visual defect identified at the inspected preview scale.
kenney-survival-fence-fortified,cc0-original,assets/kenney-survival/fence-fortified.glb,ba575df68529a1c6fa9fa0a76e8e302ad669de7a638d578e4bb3322a8b5eeb83,contact-sheet-preview,baseline/review-sheet-17.jpg,7,keep-preview-reviewed,No selection-blocking visual defect identified at the inspected preview scale.
kenney-survival-fence,cc0-original,assets/kenney-survival/fence.glb,21d63044a84cb8f7e1c51668faea654edcd7e8dcd5cd41472f1ae462ff157815,contact-sheet-preview,baseline/review-sheet-17.jpg,8,keep-preview-reviewed,No selection-blocking visual defect identified at the inspected preview scale.
kenney-survival-fish-large,cc0-original,assets/kenney-survival/fish-large.glb,265b2b8640e6c32edb3ff341d050e9fad3ecfbc886cc9478dafcd89e0d773030,contact-sheet-preview,baseline/review-sheet-17.jpg,9,keep-preview-reviewed,No selection-blocking visual defect identified at the inspected preview scale.
kenney-survival-fish,cc0-original,assets/kenney-survival/fish.glb,d5f959cbb3f309cefcf59a51d687b7ea3f36b9932713606343a4b6ca6fc1a01b,contact-sheet-preview,baseline/review-sheet-17.jpg,10,keep-preview-reviewed,No selection-blocking visual defect identified at the inspected preview scale.
kenney-survival-floor-hole,cc0-original,assets/kenney-survival/floor-hole.glb,265a72653830aa4aceb329f80cba6f98d96335a7c2e382d8345b641bc067b835,contact-sheet-preview,baseline/review-sheet-17.jpg,11,keep-preview-reviewed,No selection-blocking visual defect identified at the inspected preview scale.
kenney-survival-floor-old,cc0-original,assets/kenney-survival/floor-old.glb,89c5d015c4ee4790d07d8138d0e28f4c9b2de17a556c29b029f8086f2cc626f3,contact-sheet-preview,baseline/review-sheet-17.jpg,12,keep-preview-reviewed,No selection-blocking visual defect identified at the inspected preview scale.
kenney-survival-floor,cc0-original,assets/kenney-survival/floor.glb,ccd329573168f938a7c541979ce4a3bb752d876ebaa155d9438fb314c38b986d,contact-sheet-preview,baseline/review-sheet-17.jpg,13,keep-preview-reviewed,No selection-blocking visual defect identified at the inspected preview scale.
kenney-survival-grass-large,cc0-original,assets/kenney-survival/grass-large.glb,2b88e015ffb7fff9d4870e95862e5c2ee5a341b2240f8421c42b601b61f55f16,contact-sheet-preview,baseline/review-sheet-17.jpg,14,keep-preview-reviewed,No selection-blocking visual defect identified at the inspected preview scale.
kenney-survival-grass,cc0-original,assets/kenney-survival/grass.glb,416b5356181db054de48779c239181fdf6e41991c65186a916bbb789cf3b4acb,contact-sheet-preview,baseline/review-sheet-17.jpg,15,keep-preview-reviewed,No selection-blocking visual defect identified at the inspected preview scale.
kenney-survival-metal-panel-narrow,cc0-original,assets/kenney-survival/metal-panel-narrow.glb,27cd3616fbe174cf1aa39363e76be637082baf626aab7c7bc667d880b49887d1,contact-sheet-preview,baseline/review-sheet-17.jpg,16,keep-preview-reviewed,No selection-blocking visual defect identified at the inspected preview scale.
kenney-survival-metal-panel-screws-half,cc0-original,assets/kenney-survival/metal-panel-screws-half.glb,eb2f000a92b963c7a6949b5cecd2e7159643079781f56bc74365b38f534b379e,contact-sheet-preview,baseline/review-sheet-17.jpg,17,keep-preview-reviewed,No selection-blocking visual defect identified at the inspected preview scale.
kenney-survival-metal-panel-screws-narrow,cc0-original,assets/kenney-survival/metal-panel-screws-narrow.glb,888175421678f0cebb1a180f4b70d7a1a9cad7a09c9e1685a7387d2a901c3f1e,contact-sheet-preview,baseline/review-sheet-17.jpg,18,keep-preview-reviewed,No selection-blocking visual defect identified at the inspected preview scale.
kenney-survival-metal-panel-screws,cc0-original,assets/kenney-survival/metal-panel-screws.glb,6d901dc6601d03ea7687aa8703475825b033d73eeec843bf8d32a24dd5b17d85,contact-sheet-preview,baseline/review-sheet-17.jpg,19,keep-preview-reviewed,No selection-blocking visual defect identified at the inspected preview scale.
kenney-survival-metal-panel,cc0-original,assets/kenney-survival/metal-panel.glb,3428d49b19a8dc965c7c8519d63c389cd9fa4ea8b39a18cb89f0b975be6f0d4d,contact-sheet-preview,baseline/review-sheet-17.jpg,20,keep-preview-reviewed,No selection-blocking visual defect identified at the inspected preview scale.
kenney-survival-patch-grass-large,cc0-original,assets/kenney-survival/patch-grass-large.glb,1fd4cd161cca8484b0b57f5490ba5ed307f9feb39db02bb73bafa37f06968047,contact-sheet-preview,baseline/review-sheet-17.jpg,21,keep-preview-reviewed,No selection-blocking visual defect identified at the inspected preview scale.
kenney-survival-patch-grass,cc0-original,assets/kenney-survival/patch-grass.glb,d4c2c0279e8fbf79e8ad23da35ca245f3459b205a5b7ff22db788095a40af59c,contact-sheet-preview,baseline/review-sheet-17.jpg,22,keep-preview-reviewed,No selection-blocking visual defect identified at the inspected preview scale.
kenney-survival-resource-planks,cc0-original,assets/kenney-survival/resource-planks.glb,0605b3c34f5f4d6e02e60a48c575044a28611a06c24ce1fad7a9429c37492124,contact-sheet-preview,baseline/review-sheet-17.jpg,23,keep-preview-reviewed,No selection-blocking visual defect identified at the inspected preview scale.
kenney-survival-resource-stone-large,cc0-original,assets/kenney-survival/resource-stone-large.glb,2f5e7f0218a4145c5fac88ebbab8456ffb9d89d60b8b1d3c94ff9af45425df0c,contact-sheet-preview,baseline/review-sheet-17.jpg,24,keep-preview-reviewed,No selection-blocking visual defect identified at the inspected preview scale.
kenney-survival-resource-stone,cc0-original,assets/kenney-survival/resource-stone.glb,76e2e7412a5ccc726852dd74705c4070dbb8bce6768674a474bdde66e56f28aa,contact-sheet-preview,baseline/review-sheet-17.jpg,25,keep-preview-reviewed,No selection-blocking visual defect identified at the inspected preview scale.
kenney-survival-resource-wood,cc0-original,assets/kenney-survival/resource-wood.glb,a3a21bb5fda7f70c979166a4a9068d73e5e99c2f65740fc4d5c959aa7895f19d,contact-sheet-preview,baseline/review-sheet-17.jpg,26,keep-preview-reviewed,No selection-blocking visual defect identified at the inspected preview scale.
kenney-survival-rock-a,cc0-original,assets/kenney-survival/rock-a.glb,85ea1e55330af2350f61aa123682563671cb60bcea9c5c62ed6cf9c56f5e0d53,contact-sheet-preview,baseline/review-sheet-17.jpg,27,keep-preview-reviewed,No selection-blocking visual defect identified at the inspected preview scale.
kenney-survival-rock-b,cc0-original,assets/kenney-survival/rock-b.glb,39c97015bf4c3cc288642d5a90411fdd69843e908e5165521d3098b1f6d4509b,contact-sheet-preview,baseline/review-sheet-17.jpg,28,keep-preview-reviewed,No selection-blocking visual defect identified at the inspected preview scale.
kenney-survival-rock-c,cc0-original,assets/kenney-survival/rock-c.glb,109b9a51f92f21cf9d8a3f1c5682c70be6e4ddbcbf90c76ed6c752f52e9a0262,contact-sheet-preview,baseline/review-sheet-17.jpg,29,keep-preview-reviewed,No selection-blocking visual defect identified at the inspected preview scale.
kenney-survival-rock-flat-grass,cc0-original,assets/kenney-survival/rock-flat-grass.glb,15d13d33708f7a63a530c5ed3c916f884701ab0a202aba95020ceadac7774728,contact-sheet-preview,baseline/review-sheet-17.jpg,30,keep-preview-reviewed,No selection-blocking visual defect identified at the inspected preview scale.
kenney-survival-rock-flat,cc0-original,assets/kenney-survival/rock-flat.glb,0751c7f99488e1cda3a74972265def4259dadec7b2e317cd6096dec8ac841081,contact-sheet-preview,baseline/review-sheet-17.jpg,31,keep-preview-reviewed,No selection-blocking visual defect identified at the inspected preview scale.
kenney-survival-rock-sand-a,cc0-original,assets/kenney-survival/rock-sand-a.glb,a56c85d6f44c8c0dd1b69664d5a52bd3b7ff460cf6a2a2c1ba07ada3cc88f0c9,contact-sheet-preview,baseline/review-sheet-17.jpg,32,keep-preview-reviewed,No selection-blocking visual defect identified at the inspected preview scale.
kenney-survival-rock-sand-b,cc0-original,assets/kenney-survival/rock-sand-b.glb,d3c9172e3639aa910d3fe7f30088764b8546c3c17fa36430bee322937b365ad3,contact-sheet-preview,baseline/review-sheet-17.jpg,33,keep-preview-reviewed,No selection-blocking visual defect identified at the inspected preview scale.
kenney-survival-rock-sand-c,cc0-original,assets/kenney-survival/rock-sand-c.glb,8da0f96325cb94339f80969b07ccba9c4751075ac366df801c94c4dc3716731e,contact-sheet-preview,baseline/review-sheet-17.jpg,34,keep-preview-reviewed,No selection-blocking visual defect identified at the inspected preview scale.
kenney-survival-signpost-single,cc0-original,assets/kenney-survival/signpost-single.glb,c64ea0ae926ff48e741da55195b51b440ac06836f9c5f20de7bb04a362c0b103,contact-sheet-preview,baseline/review-sheet-17.jpg,35,keep-preview-reviewed,No selection-blocking visual defect identified at the inspected preview scale.
kenney-survival-signpost,cc0-original,assets/kenney-survival/signpost.glb,daf7a221a581ff9c838e9ec98a7a351278f1f16619696f8ea23ced475e99ddd1,contact-sheet-preview,baseline/review-sheet-17.jpg,36,keep-preview-reviewed,No selection-blocking visual defect identified at the inspected preview scale.
kenney-survival-structure-canvas,cc0-original,assets/kenney-survival/structure-canvas.glb,8b2a30a6fb3f4edbe5d4a69bda90fee59ea3abd3ea60787657098dfe25fd8613,contact-sheet-preview,baseline/review-sheet-17.jpg,37,keep-preview-reviewed,No selection-blocking visual defect identified at the inspected preview scale.
kenney-survival-structure-floor,cc0-original,assets/kenney-survival/structure-floor.glb,a3bbe2d945fe9f5ca61a9826f23c3aee801e1be80d246118eab4e2a54e066e6f,contact-sheet-preview,baseline/review-sheet-17.jpg,38,keep-preview-reviewed,No selection-blocking visual defect identified at the inspected preview scale.
kenney-survival-structure-metal-doorway,cc0-original,assets/kenney-survival/structure-metal-doorway.glb,9ad6111d9c0f191a5618fef22b2d6606b631fafda159b0aa9761e05856ff7ef8,contact-sheet-preview,baseline/review-sheet-17.jpg,39,keep-preview-reviewed,No selection-blocking visual defect identified at the inspected preview scale.
kenney-survival-structure-metal-floor,cc0-original,assets/kenney-survival/structure-metal-floor.glb,ce0c7c695bb0572c4c4544af8d5bd5ecca0c65cbfd543210dcbb24f50cb5c0c6,contact-sheet-preview,baseline/review-sheet-17.jpg,40,keep-preview-reviewed,No selection-blocking visual defect identified at the inspected preview scale.
kenney-survival-structure-metal-roof,cc0-original,assets/kenney-survival/structure-metal-roof.glb,bb4262cf49c94a0543e1a4b66d2ba118ea2289ceda93ecd58fdd3ae2578127ee,contact-sheet-preview,baseline/review-sheet-17.jpg,41,keep-preview-reviewed,No selection-blocking visual defect identified at the inspected preview scale.
kenney-survival-structure-metal-wall,cc0-original,assets/kenney-survival/structure-metal-wall.glb,30b3dfebac485ba340bc2404229f4a34437793afb79b8634e5c00b9fc92060bd,contact-sheet-preview,baseline/review-sheet-17.jpg,42,keep-preview-reviewed,No selection-blocking visual defect identified at the inspected preview scale.
kenney-survival-structure-metal,cc0-original,assets/kenney-survival/structure-metal.glb,30530c2148dc509976e98d4886b507c1e229a56aa1bfd6b49bfa8bf3b8375052,contact-sheet-preview,baseline/review-sheet-17.jpg,43,keep-preview-reviewed,No selection-blocking visual defect identified at the inspected preview scale.
kenney-survival-structure-roof,cc0-original,assets/kenney-survival/structure-roof.glb,dd25e8962e12f0a89120a7650ac585975ca1afc5bfe821b078b76630a28650d9,contact-sheet-preview,baseline/review-sheet-17.jpg,44,keep-preview-reviewed,No selection-blocking visual defect identified at the inspected preview scale.
kenney-survival-structure,cc0-original,assets/kenney-survival/structure.glb,29867eeb70f0e531431c1ce8e31340acdadcb34056209d78207dee15eee2c414,contact-sheet-preview,baseline/review-sheet-17.jpg,45,keep-preview-reviewed,No selection-blocking visual defect identified at the inspected preview scale.
kenney-survival-tent-canvas-half,cc0-original,assets/kenney-survival/tent-canvas-half.glb,70ecd5536b79755b77e186dbc8334a584963470abc8594d8023afcdf3af4f066,contact-sheet-preview,baseline/review-sheet-17.jpg,46,keep-preview-reviewed,No selection-blocking visual defect identified at the inspected preview scale.
kenney-survival-tent-canvas,cc0-original,assets/kenney-survival/tent-canvas.glb,654ab0f87ab57bd5d3c568dc9e9c02a8aac0892e4460d050824d3c4c84354311,contact-sheet-preview,baseline/review-sheet-17.jpg,47,keep-preview-reviewed,No selection-blocking visual defect identified at the inspected preview scale.
kenney-survival-tent,cc0-original,assets/kenney-survival/tent.glb,96e6d5a7d155c73002966ee8a81c4711b0a926835567d8ab5b9391e42077a3b9,contact-sheet-preview,baseline/review-sheet-17.jpg,48,keep-preview-reviewed,No selection-blocking visual defect identified at the inspected preview scale.
kenney-survival-tool-axe-upgraded,cc0-original,assets/kenney-survival/tool-axe-upgraded.glb,6e96c576045b859c47c3e0ecbf1a3d7cbc2e31664c1fa5f72c5bfc2d6695ba5b,contact-sheet-preview,baseline/review-sheet-18.jpg,1,keep-preview-reviewed,No selection-blocking visual defect identified at the inspected preview scale.
kenney-survival-tool-axe,cc0-original,assets/kenney-survival/tool-axe.glb,47bce09b26387d212dd1b62852c9452ce610bd0143364f9e7ffa5867b2e5dcea,contact-sheet-preview,baseline/review-sheet-18.jpg,2,keep-preview-reviewed,No selection-blocking visual defect identified at the inspected preview scale.
kenney-survival-tool-hammer-upgraded,cc0-original,assets/kenney-survival/tool-hammer-upgraded.glb,640fd3fce54ff8b46ffb7018a660862cfe67925393d8d4a9ab9d7e4e536227ab,contact-sheet-preview,baseline/review-sheet-18.jpg,3,keep-preview-reviewed,No selection-blocking visual defect identified at the inspected preview scale.
kenney-survival-tool-hammer,cc0-original,assets/kenney-survival/tool-hammer.glb,1c498b8c5ad420c2792e8a32f31bffdfe17d7a456673d9c66e8db880671d9e22,contact-sheet-preview,baseline/review-sheet-18.jpg,4,keep-preview-reviewed,No selection-blocking visual defect identified at the inspected preview scale.
kenney-survival-tool-hoe-upgraded,cc0-original,assets/kenney-survival/tool-hoe-upgraded.glb,7ec094ba2f3fe894c00cb44204e9372754a944bd2e5f63f8bbb3b16718539a6e,contact-sheet-preview,baseline/review-sheet-18.jpg,5,keep-preview-reviewed,No selection-blocking visual defect identified at the inspected preview scale.
kenney-survival-tool-hoe,cc0-original,assets/kenney-survival/tool-hoe.glb,e0592a3c974691b1f3186ad3243ff0cb18946804896067ebb11dc59c60027def,contact-sheet-preview,baseline/review-sheet-18.jpg,6,keep-preview-reviewed,No selection-blocking visual defect identified at the inspected preview scale.
kenney-survival-tool-pickaxe-upgraded,cc0-original,assets/kenney-survival/tool-pickaxe-upgraded.glb,6f2252a1c46033dcebfd65da5c2ec521af3df3d0a018f9776cf2f54a746cc549,contact-sheet-preview,baseline/review-sheet-18.jpg,7,keep-preview-reviewed,No selection-blocking visual defect identified at the inspected preview scale.
kenney-survival-tool-pickaxe,cc0-original,assets/kenney-survival/tool-pickaxe.glb,2b814e25ab3ce09efdf181aec50a3b44287a1e905d388d2c82723a3240236cda,contact-sheet-preview,baseline/review-sheet-18.jpg,8,keep-preview-reviewed,No selection-blocking visual defect identified at the inspected preview scale.
kenney-survival-tool-shovel-upgraded,cc0-original,assets/kenney-survival/tool-shovel-upgraded.glb,65af54566d77411f569e0f860d12c0214da0626177e1aa0d15ed715eec4f6412,contact-sheet-preview,baseline/review-sheet-18.jpg,9,keep-preview-reviewed,No selection-blocking visual defect identified at the inspected preview scale.
kenney-survival-tool-shovel,cc0-original,assets/kenney-survival/tool-shovel.glb,f19e1084040192f13ca29061fe348e2f201c0c29972418d0bf0cc0c7de435a55,contact-sheet-preview,baseline/review-sheet-18.jpg,10,keep-preview-reviewed,No selection-blocking visual defect identified at the inspected preview scale.
kenney-survival-tree-autumn-tall,cc0-original,assets/kenney-survival/tree-autumn-tall.glb,f473670a63bc0e1a9bc0b73306c306c8fc4634aff085e755a589ce8f0e837b22,contact-sheet-preview,baseline/review-sheet-18.jpg,11,keep-preview-reviewed,No selection-blocking visual defect identified at the inspected preview scale.
kenney-survival-tree-autumn-trunk,cc0-original,assets/kenney-survival/tree-autumn-trunk.glb,765ff673dd5ffbe467350d05946ed9b41b533c0c4f635c4933354be56ba0f764,contact-sheet-preview,baseline/review-sheet-18.jpg,12,keep-preview-reviewed,No selection-blocking visual defect identified at the inspected preview scale.
kenney-survival-tree-autumn,cc0-original,assets/kenney-survival/tree-autumn.glb,60b64fe9afd05fecfc19d0de5164501f800a9f7aa757509fb7ac4a3ff5ed4ede,contact-sheet-preview,baseline/review-sheet-18.jpg,13,keep-preview-reviewed,No selection-blocking visual defect identified at the inspected preview scale.
kenney-survival-tree-log-small,cc0-original,assets/kenney-survival/tree-log-small.glb,451c9f1ef72ade4a865852d8e556c15ac1fd2918d0590dd3f75455a205546c47,contact-sheet-preview,baseline/review-sheet-18.jpg,14,keep-preview-reviewed,No selection-blocking visual defect identified at the inspected preview scale.
kenney-survival-tree-log,cc0-original,assets/kenney-survival/tree-log.glb,cf394f50582c09e9c80e8f28a54305a399e047904da6b23735e9dc1a5be3b82b,contact-sheet-preview,baseline/review-sheet-18.jpg,15,keep-preview-reviewed,No selection-blocking visual defect identified at the inspected preview scale.
kenney-survival-tree-tall,cc0-original,assets/kenney-survival/tree-tall.glb,ab3f04a825f8a104e4f203307f684166cb840b27e8653871237aa66c46936065,contact-sheet-preview,baseline/review-sheet-18.jpg,16,keep-preview-reviewed,No selection-blocking visual defect identified at the inspected preview scale.
kenney-survival-tree-trunk,cc0-original,assets/kenney-survival/tree-trunk.glb,ce71dedecd0d2d82e3117c647364e95ac47c88c433ccf06384f5d751d16ce5fc,contact-sheet-preview,baseline/review-sheet-18.jpg,17,keep-preview-reviewed,No selection-blocking visual defect identified at the inspected preview scale.
kenney-survival-tree,cc0-original,assets/kenney-survival/tree.glb,0cd70c462d5aa24b59fc6b91f25f384dc54dd5b8edf4109fc994ff63501d3037,contact-sheet-preview,baseline/review-sheet-18.jpg,18,keep-preview-reviewed,No selection-blocking visual defect identified at the inspected preview scale.
kenney-survival-workbench-anvil,cc0-original,assets/kenney-survival/workbench-anvil.glb,b92fb534e0f6db92565529a8cc15753fb0ddbf35c3f5bcc718aaabb7d31e4a07,contact-sheet-preview,baseline/review-sheet-18.jpg,19,keep-preview-reviewed,No selection-blocking visual defect identified at the inspected preview scale.
kenney-survival-workbench-grind,cc0-original,assets/kenney-survival/workbench-grind.glb,6da609c418bba7ee8f8402d8f6783fa1d45c3c6391202c31cd4d25a710d37a20,contact-sheet-preview,baseline/review-sheet-18.jpg,20,keep-preview-reviewed,No selection-blocking visual defect identified at the inspected preview scale.
kenney-survival-workbench,cc0-original,assets/kenney-survival/workbench.glb,d67b19e8eef591ece643076b90bbb7a34627b486e13eec1f2f451b74d1380166,contact-sheet-preview,baseline/review-sheet-18.jpg,21,keep-preview-reviewed,No selection-blocking visual defect identified at the inspected preview scale.
kenney-building-barricade-doorway-a,cc0-original,assets/kenney-building/barricade-doorway-a.glb,fbd5f41a69e7003f72097b0eec4af381836f84cb6abf25a040e1076273ab734f,contact-sheet-preview,baseline/review-sheet-18.jpg,22,assembly-opt-in,"Valid construction component, separated from standalone props."
kenney-building-barricade-doorway-b,cc0-original,assets/kenney-building/barricade-doorway-b.glb,3fc0ea47243e92246de703cdc8221795e62473350b4ac1efba1a34124be2d506,contact-sheet-preview,baseline/review-sheet-18.jpg,23,assembly-opt-in,"Valid construction component, separated from standalone props."
kenney-building-barricade-doorway-c,cc0-original,assets/kenney-building/barricade-doorway-c.glb,d9b371e5edd6fe47956f556b02ccb3e3d22c5a1578415d13d17f052d59fececc,contact-sheet-preview,baseline/review-sheet-18.jpg,24,assembly-opt-in,"Valid construction component, separated from standalone props."
kenney-building-barricade-window-a,cc0-original,assets/kenney-building/barricade-window-a.glb,b4b0e30c3feb37de798566218780c684863976da5370e74fa9efdcd409bb0e2c,contact-sheet-preview,baseline/review-sheet-18.jpg,25,assembly-opt-in,"Valid construction component, separated from standalone props."
kenney-building-barricade-window-b,cc0-original,assets/kenney-building/barricade-window-b.glb,e6c4f032f1b4ce2c9b1c49628aaaffa16969b7add0124328825063901cad1e6f,contact-sheet-preview,baseline/review-sheet-18.jpg,26,assembly-opt-in,"Valid construction component, separated from standalone props."
kenney-building-barricade-window-c,cc0-original,assets/kenney-building/barricade-window-c.glb,4b02b0558a9c30a86a7b9bef16ddfd4274f8bae94ec8cf49dd68a3eec7692b87,contact-sheet-preview,baseline/review-sheet-18.jpg,27,assembly-opt-in,"Valid construction component, separated from standalone props."
kenney-building-border-corner-diagonal,cc0-original,assets/kenney-building/border-corner-diagonal.glb,9d8ba1b99c318d23a82486fe49fae0a1fa823da705b4916184d5742369506be5,contact-sheet-preview,baseline/review-sheet-18.jpg,28,assembly-opt-in,"Valid construction component, separated from standalone props."
kenney-building-border-corner-round,cc0-original,assets/kenney-building/border-corner-round.glb,295908a2f5e18be413d9d86164637e8f568440616207decf5a29e6929e7c7eeb,contact-sheet-preview,baseline/review-sheet-18.jpg,29,assembly-opt-in,"Valid construction component, separated from standalone props."
kenney-building-border-corner-small,cc0-original,assets/kenney-building/border-corner-small.glb,cf0700f9dd213e6aca857c964f45e103874336f84b92a0753ac8fdad2ad1f937,contact-sheet-preview,baseline/review-sheet-18.jpg,30,assembly-opt-in,"Valid construction component, separated from standalone props."
kenney-building-border-corner,cc0-original,assets/kenney-building/border-corner.glb,4d0a503a59b5ddcf4d7296e1f31001677bb4969bf647afc10bdceb14d02f91a1,contact-sheet-preview,baseline/review-sheet-18.jpg,31,assembly-opt-in,"Valid construction component, separated from standalone props."
kenney-building-border-high-corner-diagonal,cc0-original,assets/kenney-building/border-high-corner-diagonal.glb,738259e10d2776ad1f0006310127ca3e34b07aabf6fa3c7dd3e1d9595306b284,contact-sheet-preview,baseline/review-sheet-18.jpg,32,assembly-opt-in,"Valid construction component, separated from standalone props."
kenney-building-border-high-corner-round,cc0-original,assets/kenney-building/border-high-corner-round.glb,5f526b76ba7a772234f3215a0bdcfaf36f2e7c47d904bce7fb64140239909afc,contact-sheet-preview,baseline/review-sheet-18.jpg,33,assembly-opt-in,"Valid construction component, separated from standalone props."
kenney-building-border-high-corner-small,cc0-original,assets/kenney-building/border-high-corner-small.glb,899856e6eefe85c71182a9bf2d9f6ea30cb94ef447d70266c94c5a385314519c,contact-sheet-preview,baseline/review-sheet-18.jpg,34,assembly-opt-in,"Valid construction component, separated from standalone props."
kenney-building-border-high-corner,cc0-original,assets/kenney-building/border-high-corner.glb,e11f0f35e11002e851aa9dc19616b1c9646d28aceee959eee241ff9584bac2ec,contact-sheet-preview,baseline/review-sheet-18.jpg,35,assembly-opt-in,"Valid construction component, separated from standalone props."
kenney-building-border-high,cc0-original,assets/kenney-building/border-high.glb,af049bceb223a99f6398192c6723c7d0c602551e5a5bf7e53206478ed088f1fd,contact-sheet-preview,baseline/review-sheet-18.jpg,36,assembly-opt-in,"Valid construction component, separated from standalone props."
kenney-building-border,cc0-original,assets/kenney-building/border.glb,a96f61f498ddcb69fabbb6af4d51ca11d2b1d45894bb0577d79e4a2861ee412b,contact-sheet-preview,baseline/review-sheet-18.jpg,37,assembly-opt-in,"Valid construction component, separated from standalone props."
kenney-building-column-thin,cc0-original,assets/kenney-building/column-thin.glb,eb2030be248ef62efeba82f900879c33588aea988bbe225218aa7fe75c52ddb7,contact-sheet-preview,baseline/review-sheet-18.jpg,38,assembly-opt-in,"Valid construction component, separated from standalone props."
kenney-building-column-wide,cc0-original,assets/kenney-building/column-wide.glb,bec02b34705a7f4e7c4d511b64ae2bbdb2a00419397cd7affe4c1724b6bea607,contact-sheet-preview,baseline/review-sheet-18.jpg,39,assembly-opt-in,"Valid construction component, separated from standalone props."
kenney-building-column,cc0-original,assets/kenney-building/column.glb,071e18af9df4486b0c8d79391e42a0c8424ddfd64d24db92afa73c1f73881f01,contact-sheet-preview,baseline/review-sheet-18.jpg,40,assembly-opt-in,"Valid construction component, separated from standalone props."
kenney-building-detail-pipe,cc0-original,assets/kenney-building/detail-pipe.glb,751c17a0c7376a9c63cb30f9f4ea48c292572f8b5cd3e2b998f1c8f95bafc29c,contact-sheet-preview,baseline/review-sheet-18.jpg,41,assembly-opt-in,"Valid construction component, separated from standalone props."
kenney-building-door-rotate-round-a,cc0-original,assets/kenney-building/door-rotate-round-a.glb,b5cd5470169db8acdd7205b940d24323229fe08a7fb4c95440d356c5bc5aa779,contact-sheet-preview,baseline/review-sheet-18.jpg,42,assembly-opt-in,"Valid construction component, separated from standalone props."
kenney-building-door-rotate-round-b,cc0-original,assets/kenney-building/door-rotate-round-b.glb,e0e67592dc75ab6d1242531a8115c87e5c1ac7cf6877659eed994ef8ea26c6f9,contact-sheet-preview,baseline/review-sheet-18.jpg,43,assembly-opt-in,"Valid construction component, separated from standalone props."
kenney-building-door-rotate-round-c,cc0-original,assets/kenney-building/door-rotate-round-c.glb,b31a41b2a85eca80ac558e4176cfb7695672456bab3d43ed2710bba75577a1f7,contact-sheet-preview,baseline/review-sheet-18.jpg,44,assembly-opt-in,"Valid construction component, separated from standalone props."
kenney-building-door-rotate-round-d,cc0-original,assets/kenney-building/door-rotate-round-d.glb,68ca6b2995d57e5b98046ab7aa37cd8c111c73e4b99cc0812eef240360a51d12,contact-sheet-preview,baseline/review-sheet-18.jpg,45,assembly-opt-in,"Valid construction component, separated from standalone props."
kenney-building-door-rotate-square-a,cc0-original,assets/kenney-building/door-rotate-square-a.glb,2ca0a608da2d6e0548f658b357af3b29e40236aa7577d5f4d724557c492be95c,contact-sheet-preview,baseline/review-sheet-18.jpg,46,assembly-opt-in,"Valid construction component, separated from standalone props."
kenney-building-door-rotate-square-b,cc0-original,assets/kenney-building/door-rotate-square-b.glb,68ad8b4cb9c7320670195f3a5fff9419ddc4e6a810ba6970b3632d84a7ae1720,contact-sheet-preview,baseline/review-sheet-18.jpg,47,assembly-opt-in,"Valid construction component, separated from standalone props."
kenney-building-door-rotate-square-c,cc0-original,assets/kenney-building/door-rotate-square-c.glb,0085ee88ba35ed58f6b6a774103afb8e6ad03eae134769bc867bc9258403e9bc,contact-sheet-preview,baseline/review-sheet-18.jpg,48,assembly-opt-in,"Valid construction component, separated from standalone props."
kenney-building-door-rotate-square-d,cc0-original,assets/kenney-building/door-rotate-square-d.glb,fc8a553396fc65d8bae663032f77559942f9510b6025e38644c03d76f549b413,contact-sheet-preview,baseline/review-sheet-19.jpg,1,assembly-opt-in,"Valid construction component, separated from standalone props."
kenney-building-floor-corner-diagonal,cc0-original,assets/kenney-building/floor-corner-diagonal.glb,42e1fc9bf0ccb5dbf689bb05945e1794b492421ca0420025b9e66cbda5c9c6a0,contact-sheet-preview,baseline/review-sheet-19.jpg,2,assembly-opt-in,"Valid construction component, separated from standalone props."
kenney-building-floor-corner-round,cc0-original,assets/kenney-building/floor-corner-round.glb,cf368ccdbc48f38c5746668d466f1d6742805128fc6ab6676160b12e226635b4,contact-sheet-preview,baseline/review-sheet-19.jpg,3,assembly-opt-in,"Valid construction component, separated from standalone props."
kenney-building-floor-half,cc0-original,assets/kenney-building/floor-half.glb,52afb01855bee92a8b2c555a439540e5dc845616042e1bc2a381552949752f54,contact-sheet-preview,baseline/review-sheet-19.jpg,4,assembly-opt-in,"Valid construction component, separated from standalone props."
kenney-building-floor-quarter,cc0-original,assets/kenney-building/floor-quarter.glb,44ab1b0f9b245f750c4de6e7662a6c424b251bc69af5ccaf2c0b3c4e9c6dd707,contact-sheet-preview,baseline/review-sheet-19.jpg,5,assembly-opt-in,"Valid construction component, separated from standalone props."
kenney-building-floor,cc0-original,assets/kenney-building/floor.glb,e3d009e96a8904bc4e324e691c8d58d213fe488d07a80e25896ea2b07a79c6a7,contact-sheet-preview,baseline/review-sheet-19.jpg,6,assembly-opt-in,"Valid construction component, separated from standalone props."
kenney-building-gutter-vertical-bottom,cc0-original,assets/kenney-building/gutter-vertical-bottom.glb,43924e11f428c569d7705f5346ee17e155cb17dc1a2bbe7aa5070e9c50577c4b,contact-sheet-preview,baseline/review-sheet-19.jpg,7,assembly-opt-in,"Valid construction component, separated from standalone props."
kenney-building-gutter-vertical-short,cc0-original,assets/kenney-building/gutter-vertical-short.glb,279d453ce9cd3121c9a0b89257f282cf0f76e6b098658807f0d684dcbc64e052,contact-sheet-preview,baseline/review-sheet-19.jpg,8,assembly-opt-in,"Valid construction component, separated from standalone props."
kenney-building-gutter-vertical-top,cc0-original,assets/kenney-building/gutter-vertical-top.glb,53a793a7beff7b348ae6c1287c476a6f4ae4efb7c6812a1902b614a06420cf0d,contact-sheet-preview,baseline/review-sheet-19.jpg,9,assembly-opt-in,"Valid construction component, separated from standalone props."
kenney-building-gutter-vertical-wall,cc0-original,assets/kenney-building/gutter-vertical-wall.glb,41a717d905468d8c284f33d27525ff23a94bd7be099e82eadb32dc8057c7168c,contact-sheet-preview,baseline/review-sheet-19.jpg,10,assembly-opt-in,"Valid construction component, separated from standalone props."
kenney-building-gutter-vertical,cc0-original,assets/kenney-building/gutter-vertical.glb,b393ea15e6ccc5664fde0c7fa53cf2ab2874c478340fe5281dfd98f00aa05b2f,contact-sheet-preview,baseline/review-sheet-19.jpg,11,assembly-opt-in,"Valid construction component, separated from standalone props."
kenney-building-plating-detailed-wide,cc0-original,assets/kenney-building/plating-detailed-wide.glb,45a7fc9de995025061a54173d63fb5c0deeb078a4e5b9636b134ddb6e2be279d,contact-sheet-preview,baseline/review-sheet-19.jpg,12,assembly-opt-in,"Valid construction component, separated from standalone props."
kenney-building-plating-detailed,cc0-original,assets/kenney-building/plating-detailed.glb,88d46d4f18b07815db36668bab4ac28912f383bbb8d006bf728f2a9eed1a1106,contact-sheet-preview,baseline/review-sheet-19.jpg,13,assembly-opt-in,"Valid construction component, separated from standalone props."
kenney-building-plating-wide,cc0-original,assets/kenney-building/plating-wide.glb,6069bcd83096b5d18a091ce2df318a82afe113701e961ec484a7c8f3430562a4,contact-sheet-preview,baseline/review-sheet-19.jpg,14,assembly-opt-in,"Valid construction component, separated from standalone props."
kenney-building-plating,cc0-original,assets/kenney-building/plating.glb,67a4b7d8d51262e74bdf1d321dd386d00537236d78cf240d329691023b306bda,contact-sheet-preview,baseline/review-sheet-19.jpg,15,assembly-opt-in,"Valid construction component, separated from standalone props."
kenney-building-roof-flat-center,cc0-original,assets/kenney-building/roof-flat-center.glb,eab55e2f24c393c658eee18eceee30bb81d3a0c422bd24eb1c85d133a329f7bd,contact-sheet-preview,baseline/review-sheet-19.jpg,16,assembly-opt-in,"Valid construction component, separated from standalone props."
kenney-building-roof-flat-corner-inner,cc0-original,assets/kenney-building/roof-flat-corner-inner.glb,14c2bfdd49b9e20925b6dcfdd2e036ee8fd5c837335d87b6a4d047e3d6e095df,contact-sheet-preview,baseline/review-sheet-19.jpg,17,assembly-opt-in,"Valid construction component, separated from standalone props."
kenney-building-roof-flat-corner,cc0-original,assets/kenney-building/roof-flat-corner.glb,ce109e8e2971d867236da0dc7363a9bbe46346e6ac08482631ed1176a9870b95,contact-sheet-preview,baseline/review-sheet-19.jpg,18,assembly-opt-in,"Valid construction component, separated from standalone props."
kenney-building-roof-flat-patch-large,cc0-original,assets/kenney-building/roof-flat-patch-large.glb,1ceeaf982449e72b19da27c4c5540c5b19e22e4f2e0b0d8b405330c056c525c4,contact-sheet-preview,baseline/review-sheet-19.jpg,19,assembly-opt-in,"Valid construction component, separated from standalone props."
kenney-building-roof-flat-patch,cc0-original,assets/kenney-building/roof-flat-patch.glb,e6bb8ff289edc00131cbc4bfb7227b71d6908b18fb555bff327877ac49eeead5,contact-sheet-preview,baseline/review-sheet-19.jpg,20,assembly-opt-in,"Valid construction component, separated from standalone props."
kenney-building-roof-flat-side,cc0-original,assets/kenney-building/roof-flat-side.glb,cd52eec177e050365fca845fdac7face84690c31e5af32ad4380b51e9f34c9ee,contact-sheet-preview,baseline/review-sheet-19.jpg,21,assembly-opt-in,"Valid construction component, separated from standalone props."
kenney-building-roof-flat-square,cc0-original,assets/kenney-building/roof-flat-square.glb,c7558d6a9341b9fc2174c50cbd7c5341eed31df2a286fb10d57947c90a4ec869,contact-sheet-preview,baseline/review-sheet-19.jpg,22,assembly-opt-in,"Valid construction component, separated from standalone props."
kenney-building-stairs-center-short,cc0-original,assets/kenney-building/stairs-center-short.glb,19009dbeb7915da2436f3e9b9ec6482b626cddd85fe83856945ed91bf3c08269,contact-sheet-preview,baseline/review-sheet-19.jpg,23,assembly-opt-in,"Valid construction component, separated from standalone props."
kenney-building-stairs-center,cc0-original,assets/kenney-building/stairs-center.glb,69bee1b562c987fd06b95cac6285459747a697e86dc5186feb7314f853daa6d3,contact-sheet-preview,baseline/review-sheet-19.jpg,24,assembly-opt-in,"Valid construction component, separated from standalone props."
kenney-building-stairs-closed-short,cc0-original,assets/kenney-building/stairs-closed-short.glb,44b9a68e9877c1bd09d057a3c09d6ed416aaaca185f3c66b58739bf3ae801555,contact-sheet-preview,baseline/review-sheet-19.jpg,25,assembly-opt-in,"Valid construction component, separated from standalone props."
kenney-building-stairs-closed,cc0-original,assets/kenney-building/stairs-closed.glb,ea3d310100b8aa58cbd29e165bbbf259fcdf91750e32ef0c28b52104bbd0792c,contact-sheet-preview,baseline/review-sheet-19.jpg,26,assembly-opt-in,"Valid construction component, separated from standalone props."
kenney-building-stairs-open-short,cc0-original,assets/kenney-building/stairs-open-short.glb,72dd74c50fbaf319c031e6c6507f5742466972d9fd0506770414a411d6f77ffa,contact-sheet-preview,baseline/review-sheet-19.jpg,27,assembly-opt-in,"Valid construction component, separated from standalone props."
kenney-building-stairs-open,cc0-original,assets/kenney-building/stairs-open.glb,7a09d66ba87532805f53a7a15846ac3b59fee3befec3b67094bbeb3b1d82c1c2,contact-sheet-preview,baseline/review-sheet-19.jpg,28,assembly-opt-in,"Valid construction component, separated from standalone props."
kenney-building-stairs-sides-short,cc0-original,assets/kenney-building/stairs-sides-short.glb,12e9c3292a31b8e0744f9ce6ba7bd6338b63b9427c9946740ce7f2b00881ee68,contact-sheet-preview,baseline/review-sheet-19.jpg,29,assembly-opt-in,"Valid construction component, separated from standalone props."
kenney-building-stairs-sides,cc0-original,assets/kenney-building/stairs-sides.glb,be623628902a8e6790b9be77f539a4f2489c0ad7209e3bb1fd407e31ec944c48,contact-sheet-preview,baseline/review-sheet-19.jpg,30,assembly-opt-in,"Valid construction component, separated from standalone props."
kenney-building-wall-corner-column-bottom,cc0-original,assets/kenney-building/wall-corner-column-bottom.glb,2ecb773fce02ab6a74bc940234252d460bb2a64732f1dacbc8b595813278a1b0,contact-sheet-preview,baseline/review-sheet-19.jpg,31,assembly-opt-in,"Valid construction component, separated from standalone props."
kenney-building-wall-corner-column-small-bottom,cc0-original,assets/kenney-building/wall-corner-column-small-bottom.glb,7a998e520dc58047baeaf1f66fbcb3222f0be20c124dc43e4ff9e32265838e61,contact-sheet-preview,baseline/review-sheet-19.jpg,32,assembly-opt-in,"Valid construction component, separated from standalone props."
kenney-building-wall-corner-column-small,cc0-original,assets/kenney-building/wall-corner-column-small.glb,05594912879e4d04c69adec996551d47cca232466e3e432037c84b7a900576d8,contact-sheet-preview,baseline/review-sheet-19.jpg,33,assembly-opt-in,"Valid construction component, separated from standalone props."
kenney-building-wall-corner-column,cc0-original,assets/kenney-building/wall-corner-column.glb,72a752c6ad1e5e2494a0d702cb9b798cf0228e9a2dd593d8fe729664eb5f0a0e,contact-sheet-preview,baseline/review-sheet-19.jpg,34,assembly-opt-in,"Valid construction component, separated from standalone props."
kenney-building-wall-corner-diagonal,cc0-original,assets/kenney-building/wall-corner-diagonal.glb,39ab6e668c56dacc76170934878e4ef6acaffab18bfdd8656208e68318aa4a73,contact-sheet-preview,baseline/review-sheet-19.jpg,35,assembly-opt-in,"Valid construction component, separated from standalone props."
kenney-building-wall-corner-round,cc0-original,assets/kenney-building/wall-corner-round.glb,e43a2c44a9351283fc48a57213d760730fd410bb338299d4a9cc77a422a03791,contact-sheet-preview,baseline/review-sheet-19.jpg,36,assembly-opt-in,"Valid construction component, separated from standalone props."
kenney-building-wall-corner,cc0-original,assets/kenney-building/wall-corner.glb,ba587208e4b2387e556e2c84292b23bcf30667660bdb2846dd9a9216f31e41d6,contact-sheet-preview,baseline/review-sheet-19.jpg,37,assembly-opt-in,"Valid construction component, separated from standalone props."
kenney-building-wall-doorway-round,cc0-original,assets/kenney-building/wall-doorway-round.glb,a8fd8262e35df53fd22710485bd6d9006e7928314d6fd5ca2bd618e2bd8ac3fc,contact-sheet-preview,baseline/review-sheet-19.jpg,38,assembly-opt-in,"Valid construction component, separated from standalone props."
kenney-building-wall-doorway-square,cc0-original,assets/kenney-building/wall-doorway-square.glb,ae1b9aaea59318a0e16e4a7535a5dfca71ee1a006183cec0c4f428c43b919aa3,contact-sheet-preview,baseline/review-sheet-19.jpg,39,assembly-opt-in,"Valid construction component, separated from standalone props."
kenney-building-wall-doorway-wide-round,cc0-original,assets/kenney-building/wall-doorway-wide-round.glb,927110af060112db1b46db603e1bb063138b78dbc19da5cc9ddf8bd4c1cd00d5,contact-sheet-preview,baseline/review-sheet-19.jpg,40,assembly-opt-in,"Valid construction component, separated from standalone props."
kenney-building-wall-doorway-wide-square,cc0-original,assets/kenney-building/wall-doorway-wide-square.glb,817d856f65eb17d71f357c5d3cbc4a3e5ae853b9f2c9474ab737abd1e6c33770,contact-sheet-preview,baseline/review-sheet-19.jpg,41,assembly-opt-in,"Valid construction component, separated from standalone props."
kenney-building-wall-half,cc0-original,assets/kenney-building/wall-half.glb,5c07713d78b3702a659cd8068c68cc89c0f104ac18b132e1d22d3c4c155f64d5,contact-sheet-preview,baseline/review-sheet-19.jpg,42,assembly-opt-in,"Valid construction component, separated from standalone props."
kenney-building-wall-low,cc0-original,assets/kenney-building/wall-low.glb,e00243691f293b7579cff8a7a4ba64c415833f41739eca9c08954889627e627b,contact-sheet-preview,baseline/review-sheet-19.jpg,43,assembly-opt-in,"Valid construction component, separated from standalone props."
kenney-building-wall-window-round-detailed,cc0-original,assets/kenney-building/wall-window-round-detailed.glb,12067f43ecee88805fc9b4c2295edf9429d9f214d3deab8a409989b8bd1f777e,contact-sheet-preview,baseline/review-sheet-19.jpg,44,assembly-opt-in,"Valid construction component, separated from standalone props."
kenney-building-wall-window-round,cc0-original,assets/kenney-building/wall-window-round.glb,b65a36438ee9d281341a7bfe59f8979676c68d6143f65fc5be17f81705ba086f,contact-sheet-preview,baseline/review-sheet-19.jpg,45,assembly-opt-in,"Valid construction component, separated from standalone props."
kenney-building-wall-window-square-detailed,cc0-original,assets/kenney-building/wall-window-square-detailed.glb,7bd9056e6ba299a92fe471571f36eb7be960d5e4efe7a5cd8059e92dc4f00305,contact-sheet-preview,baseline/review-sheet-19.jpg,46,assembly-opt-in,"Valid construction component, separated from standalone props."
kenney-building-wall-window-square,cc0-original,assets/kenney-building/wall-window-square.glb,8042854aea11d054dafbf196b14f1ae8aaabdf53996303894dd39acc9d80ddfa,contact-sheet-preview,baseline/review-sheet-19.jpg,47,assembly-opt-in,"Valid construction component, separated from standalone props."
kenney-building-wall-window-wide-round-detailed,cc0-original,assets/kenney-building/wall-window-wide-round-detailed.glb,9b61a1becfc791a9f9dc281019da0f5839308e29785b55272c03438a4b489bdd,contact-sheet-preview,baseline/review-sheet-19.jpg,48,assembly-opt-in,"Valid construction component, separated from standalone props."
kenney-building-wall-window-wide-round,cc0-original,assets/kenney-building/wall-window-wide-round.glb,a63bec1ee8723b2d14b75d48ae8161d51ac77b6995651ce9ffa0d5bf3353f736,contact-sheet-preview,baseline/review-sheet-20.jpg,1,assembly-opt-in,"Valid construction component, separated from standalone props."
kenney-building-wall-window-wide-square-detailed,cc0-original,assets/kenney-building/wall-window-wide-square-detailed.glb,395bd64c333840cb4cab5ec16531f25b637e34803fbec71440f9fc5d53e61cd0,contact-sheet-preview,baseline/review-sheet-20.jpg,2,assembly-opt-in,"Valid construction component, separated from standalone props."
kenney-building-wall-window-wide-square,cc0-original,assets/kenney-building/wall-window-wide-square.glb,deb487f5b23d8e9e6f25af6872e4d415c5cdf4dfe725049d0f09e298f5bc87a5,contact-sheet-preview,baseline/review-sheet-20.jpg,3,assembly-opt-in,"Valid construction component, separated from standalone props."
kenney-building-wall,cc0-original,assets/kenney-building/wall.glb,d5680f05da58211309990d0eff18416251919b5bf7d22c15127f4705a89ec728,contact-sheet-preview,baseline/review-sheet-20.jpg,4,assembly-opt-in,"Valid construction component, separated from standalone props."
kenney-watercraft-arrow-standing,cc0-original,assets/kenney-watercraft/arrow-standing.glb,7a3c5ad2b988abf592d078b3c83fe404340862e27a8c74e7a099aba4633abc60,contact-sheet-preview,baseline/review-sheet-20.jpg,5,keep-preview-reviewed,No selection-blocking visual defect identified at the inspected preview scale.
kenney-watercraft-arrow,cc0-original,assets/kenney-watercraft/arrow.glb,cc3c6f2b462237c897148b8c2807fd2b70b71836834bcd5f0054dc735ac91b3f,contact-sheet-preview,baseline/review-sheet-20.jpg,6,keep-preview-reviewed,No selection-blocking visual defect identified at the inspected preview scale.
kenney-watercraft-boat-fan,cc0-original,assets/kenney-watercraft/boat-fan.glb,7d84a1f01be34ad8de63b133784a4ccd8e576e080eb7920ee9bee577956a21af,contact-sheet-preview,baseline/review-sheet-20.jpg,7,keep-preview-reviewed,No selection-blocking visual defect identified at the inspected preview scale.
kenney-watercraft-boat-fishing-small,cc0-original,assets/kenney-watercraft/boat-fishing-small.glb,b4238f6b78d4c0f7a1bb5eeb98645ffc47019f8fcf5a61380aea34c02639ec3a,contact-sheet-preview,baseline/review-sheet-20.jpg,8,keep-preview-reviewed,No selection-blocking visual defect identified at the inspected preview scale.
kenney-watercraft-boat-house-a,cc0-original,assets/kenney-watercraft/boat-house-a.glb,12bd414282d15ca4ea27761effd9a9c36cc452965146bd7b178fda11f4f2dfd5,contact-sheet-preview,baseline/review-sheet-20.jpg,9,keep-preview-reviewed,No selection-blocking visual defect identified at the inspected preview scale.
kenney-watercraft-boat-house-b,cc0-original,assets/kenney-watercraft/boat-house-b.glb,2ede12092f920d508c6565c0d08c55eef223d3a2bca2f0c302f5566c33e88c45,contact-sheet-preview,baseline/review-sheet-20.jpg,10,keep-preview-reviewed,No selection-blocking visual defect identified at the inspected preview scale.
kenney-watercraft-boat-house-c,cc0-original,assets/kenney-watercraft/boat-house-c.glb,165adc6a57ccbdc370dcff19ef0b0cd2a5711c2e5e93ee83b4494105c19f1666,contact-sheet-preview,baseline/review-sheet-20.jpg,11,keep-preview-reviewed,No selection-blocking visual defect identified at the inspected preview scale.
kenney-watercraft-boat-house-d,cc0-original,assets/kenney-watercraft/boat-house-d.glb,55321a0cac57d89a4e4ad9f4bdb62acdd8b2cbb48a0bee29c7c3765f732aed83,contact-sheet-preview,baseline/review-sheet-20.jpg,12,keep-preview-reviewed,No selection-blocking visual defect identified at the inspected preview scale.
kenney-watercraft-boat-row-large,cc0-original,assets/kenney-watercraft/boat-row-large.glb,e95f3140f9f92c1dbee19169c49a54f9ce5252870382fe3dd8105681558f6cf5,contact-sheet-preview,baseline/review-sheet-20.jpg,13,keep-preview-reviewed,No selection-blocking visual defect identified at the inspected preview scale.
kenney-watercraft-boat-row-small,cc0-original,assets/kenney-watercraft/boat-row-small.glb,f4ca31831de6c77531c36c5ef52f7c2d50488501e7827faba4c8fc97e164a30e,contact-sheet-preview,baseline/review-sheet-20.jpg,14,keep-preview-reviewed,No selection-blocking visual defect identified at the inspected preview scale.
kenney-watercraft-boat-sail-a,cc0-original,assets/kenney-watercraft/boat-sail-a.glb,fcd853ffc993bea966d1229f30f5e8db14d3147ff042b00f7b2e5519f86f4be6,contact-sheet-preview,baseline/review-sheet-20.jpg,15,keep-preview-reviewed,No selection-blocking visual defect identified at the inspected preview scale.
kenney-watercraft-boat-sail-b,cc0-original,assets/kenney-watercraft/boat-sail-b.glb,7dfce4fa3bbb70447156bf849d9325a71e3b9d0e5de891892babb7606ff330cd,contact-sheet-preview,baseline/review-sheet-20.jpg,16,keep-preview-reviewed,No selection-blocking visual defect identified at the inspected preview scale.
kenney-watercraft-boat-speed-a,cc0-original,assets/kenney-watercraft/boat-speed-a.glb,ea12b0a4807955eb84260eaeb9f92f4d6267cdee824cce8c9903ba2a14786d46,contact-sheet-preview,baseline/review-sheet-20.jpg,17,keep-preview-reviewed,No selection-blocking visual defect identified at the inspected preview scale.
kenney-watercraft-boat-speed-b,cc0-original,assets/kenney-watercraft/boat-speed-b.glb,59199755f7f8f4d07f9e18f6431195de3ce149749ca1af7a3df888f9e0038b02,contact-sheet-preview,baseline/review-sheet-20.jpg,18,keep-preview-reviewed,No selection-blocking visual defect identified at the inspected preview scale.
kenney-watercraft-boat-speed-c,cc0-original,assets/kenney-watercraft/boat-speed-c.glb,c3ce4165f2f55cb7da851991bbee0942c7eccf17ef0d76388177a871182fd4af,contact-sheet-preview,baseline/review-sheet-20.jpg,19,keep-preview-reviewed,No selection-blocking visual defect identified at the inspected preview scale.
kenney-watercraft-boat-speed-d,cc0-original,assets/kenney-watercraft/boat-speed-d.glb,48a9fa00c834dc0e9840a357dc72d3be540612ebf02c5771a40e32c936a65712,contact-sheet-preview,baseline/review-sheet-20.jpg,20,keep-preview-reviewed,No selection-blocking visual defect identified at the inspected preview scale.
kenney-watercraft-boat-speed-e,cc0-original,assets/kenney-watercraft/boat-speed-e.glb,a4dcedafca565f18c62f0e8cccd7270e88ccb972f3fc93a3430d6347ce277bea,contact-sheet-preview,baseline/review-sheet-20.jpg,21,keep-preview-reviewed,No selection-blocking visual defect identified at the inspected preview scale.
kenney-watercraft-boat-speed-f,cc0-original,assets/kenney-watercraft/boat-speed-f.glb,769adc250e142a73a43f908e1da0d3ac7f34d3a21e5733a214f3b285587e5175,contact-sheet-preview,baseline/review-sheet-20.jpg,22,keep-preview-reviewed,No selection-blocking visual defect identified at the inspected preview scale.
kenney-watercraft-boat-speed-g,cc0-original,assets/kenney-watercraft/boat-speed-g.glb,890ee2fe65fac22bc477f73fb1e5a2339306da82f3bc2f390ec83ac2fc7398f3,contact-sheet-preview,baseline/review-sheet-20.jpg,23,keep-preview-reviewed,No selection-blocking visual defect identified at the inspected preview scale.
kenney-watercraft-boat-speed-h,cc0-original,assets/kenney-watercraft/boat-speed-h.glb,4008efd0373b727d99f113e6f58413a517219300827ca3399c8098aef7ad0a78,contact-sheet-preview,baseline/review-sheet-20.jpg,24,keep-preview-reviewed,No selection-blocking visual defect identified at the inspected preview scale.
kenney-watercraft-boat-speed-i,cc0-original,assets/kenney-watercraft/boat-speed-i.glb,45562303147ad37d54866f464521f7edff9e04b6ddc20493167102c8206b5914,contact-sheet-preview,baseline/review-sheet-20.jpg,25,keep-preview-reviewed,No selection-blocking visual defect identified at the inspected preview scale.
kenney-watercraft-boat-speed-j,cc0-original,assets/kenney-watercraft/boat-speed-j.glb,6faffdf8acac6d7e05ff785befe7e89cba41d943564e284bc9062d6761ff208b,contact-sheet-preview,baseline/review-sheet-20.jpg,26,keep-preview-reviewed,No selection-blocking visual defect identified at the inspected preview scale.
kenney-watercraft-boat-tow-a,cc0-original,assets/kenney-watercraft/boat-tow-a.glb,d213fb16b776021e54215b2f243e14d63a16f3f3a588dfa77459242f3ba7484a,contact-sheet-preview,baseline/review-sheet-20.jpg,27,keep-preview-reviewed,No selection-blocking visual defect identified at the inspected preview scale.
kenney-watercraft-boat-tow-b,cc0-original,assets/kenney-watercraft/boat-tow-b.glb,e3ff3cc6a5b044447d5ad991610e3acc4dbd290ea3dfbfafc5daeac891506908,contact-sheet-preview,baseline/review-sheet-20.jpg,28,keep-preview-reviewed,No selection-blocking visual defect identified at the inspected preview scale.
kenney-watercraft-boat-tug-a,cc0-original,assets/kenney-watercraft/boat-tug-a.glb,9f03b5cb29705a7b9c852629623fe2d92bdb69a3d9ef3b30896cf8c38428ab1e,contact-sheet-preview,baseline/review-sheet-20.jpg,29,keep-preview-reviewed,No selection-blocking visual defect identified at the inspected preview scale.
kenney-watercraft-boat-tug-b,cc0-original,assets/kenney-watercraft/boat-tug-b.glb,82fd1d2ce39ae5d82d6adb405cd66ba218442d9a8d7d01d0e675f71b95985283,contact-sheet-preview,baseline/review-sheet-20.jpg,30,keep-preview-reviewed,No selection-blocking visual defect identified at the inspected preview scale.
kenney-watercraft-boat-tug-c,cc0-original,assets/kenney-watercraft/boat-tug-c.glb,52bae3800501d526cacb3a70a8b3ff1aa742d343a14072038ee214648895cc0a,contact-sheet-preview,baseline/review-sheet-20.jpg,31,keep-preview-reviewed,No selection-blocking visual defect identified at the inspected preview scale.
kenney-watercraft-buoy-flag,cc0-original,assets/kenney-watercraft/buoy-flag.glb,9577d1586889c96e3a9c446f473124e8236824dc73fc53eb9dac86429d31dc5e,contact-sheet-preview,baseline/review-sheet-20.jpg,32,keep-preview-reviewed,No selection-blocking visual defect identified at the inspected preview scale.
kenney-watercraft-buoy,cc0-original,assets/kenney-watercraft/buoy.glb,18e95928508f1b22f8dbee8895d33ab3ee5bc3971dd40a6ce7e851ce0c93027b,contact-sheet-preview,baseline/review-sheet-20.jpg,33,keep-preview-reviewed,No selection-blocking visual defect identified at the inspected preview scale.
kenney-watercraft-cargo-container-a,cc0-original,assets/kenney-watercraft/cargo-container-a.glb,2738982b224dc8eb294e4b6423fa0f390e5d7deb9057770b68d113e8bb344fa6,contact-sheet-preview,baseline/review-sheet-20.jpg,34,keep-preview-reviewed,No selection-blocking visual defect identified at the inspected preview scale.
kenney-watercraft-cargo-container-b,cc0-original,assets/kenney-watercraft/cargo-container-b.glb,3cddb635928ccbfa3a1ff46012a5f696720541ab81e113d24faa1cc960b0c914,contact-sheet-preview,baseline/review-sheet-20.jpg,35,keep-preview-reviewed,No selection-blocking visual defect identified at the inspected preview scale.
kenney-watercraft-cargo-container-c,cc0-original,assets/kenney-watercraft/cargo-container-c.glb,3a18de33b16bd676f414f6a7bd81a86e8dbe939777fd6b30c2b7b4aa48e6f35a,contact-sheet-preview,baseline/review-sheet-20.jpg,36,keep-preview-reviewed,No selection-blocking visual defect identified at the inspected preview scale.
kenney-watercraft-cargo-pile-a,cc0-original,assets/kenney-watercraft/cargo-pile-a.glb,7acc2001e534b0e5e703554193c4ed3f8e9cd477ef77b5dbd7a7a57d01b466d6,contact-sheet-preview,baseline/review-sheet-20.jpg,37,keep-preview-reviewed,No selection-blocking visual defect identified at the inspected preview scale.
kenney-watercraft-cargo-pile-b,cc0-original,assets/kenney-watercraft/cargo-pile-b.glb,7ad4665b6dc7e49fe5c447f08e8b5e6da380d671e5013ec86a0dc4957128833d,contact-sheet-preview,baseline/review-sheet-20.jpg,38,keep-preview-reviewed,No selection-blocking visual defect identified at the inspected preview scale.
kenney-watercraft-gate-finish,cc0-original,assets/kenney-watercraft/gate-finish.glb,19860b4f42e8ae019c0ffa7ebf1cc4ce0654a71e2b8bb01133e75f94962855b5,contact-sheet-preview,baseline/review-sheet-20.jpg,39,keep-preview-reviewed,No selection-blocking visual defect identified at the inspected preview scale.
kenney-watercraft-gate,cc0-original,assets/kenney-watercraft/gate.glb,42aab35056ca7ec4509191a296d67a6b77ee9d3956a29bbc49db4d6efbe44115,contact-sheet-preview,baseline/review-sheet-20.jpg,40,keep-preview-reviewed,No selection-blocking visual defect identified at the inspected preview scale.
kenney-watercraft-ramp-wide,cc0-original,assets/kenney-watercraft/ramp-wide.glb,4e6e97902dc2dda0e661ed2d3111aa59828327978b2055c80257204ba23cf74e,contact-sheet-preview,baseline/review-sheet-20.jpg,41,keep-preview-reviewed,No selection-blocking visual defect identified at the inspected preview scale.
kenney-watercraft-ramp,cc0-original,assets/kenney-watercraft/ramp.glb,bafd314c7c955991863edb99dbe5d3662ee42210435c7ac30f32d3fd9da24bb2,contact-sheet-preview,baseline/review-sheet-20.jpg,42,keep-preview-reviewed,No selection-blocking visual defect identified at the inspected preview scale.
kenney-watercraft-ship-cargo-a,cc0-original,assets/kenney-watercraft/ship-cargo-a.glb,898fd151e1e9a4ce7767ce6f8ee77bb281fb9c08070be7d49c0c498cdf74a0af,contact-sheet-preview,baseline/review-sheet-20.jpg,43,keep-preview-reviewed,No selection-blocking visual defect identified at the inspected preview scale.
kenney-watercraft-ship-cargo-b,cc0-original,assets/kenney-watercraft/ship-cargo-b.glb,d324baf6ee6ec5f2381cfe72d8000ebede3395efd6ccf36fdb4948283904fd2f,contact-sheet-preview,baseline/review-sheet-20.jpg,44,keep-preview-reviewed,No selection-blocking visual defect identified at the inspected preview scale.
kenney-watercraft-ship-cargo-c,cc0-original,assets/kenney-watercraft/ship-cargo-c.glb,81087508a21d522b6561b08939d0fdfff7479a68e8c33115e261f884f7535d32,contact-sheet-preview,baseline/review-sheet-20.jpg,45,keep-preview-reviewed,No selection-blocking visual defect identified at the inspected preview scale.
kenney-watercraft-ship-large,cc0-original,assets/kenney-watercraft/ship-large.glb,e4d69c8c3e5da99ea0203e16044683e79672544d2e9f486ae215dd0795c2f88f,contact-sheet-preview,baseline/review-sheet-20.jpg,46,keep-preview-reviewed,No selection-blocking visual defect identified at the inspected preview scale.
kenney-watercraft-ship-ocean-liner-small,cc0-original,assets/kenney-watercraft/ship-ocean-liner-small.glb,b4e7ae989f00a62d6cf9077b43d37f3ae6d21fa28facc8c9317a41930208d9c6,contact-sheet-preview,baseline/review-sheet-20.jpg,47,keep-preview-reviewed,No selection-blocking visual defect identified at the inspected preview scale.
kenney-watercraft-ship-ocean-liner,cc0-original,assets/kenney-watercraft/ship-ocean-liner.glb,6b715d5c1bc42134323ef0b9d4259582b24ec42b11aff4fc476a0b8f9daa7631,contact-sheet-preview,baseline/review-sheet-20.jpg,48,keep-preview-reviewed,No selection-blocking visual defect identified at the inspected preview scale.
kenney-watercraft-ship-small-ghost,cc0-original,assets/kenney-watercraft/ship-small-ghost.glb,804189e90caa74b61a48e18f9f828f38d849a4e0eb83ba69d1088971e7dfc5ef,contact-sheet-preview,baseline/review-sheet-21.jpg,1,keep-preview-reviewed,No selection-blocking visual defect identified at the inspected preview scale.
kenney-watercraft-ship-small,cc0-original,assets/kenney-watercraft/ship-small.glb,cf6e7d42bd1e04c3c67b3f063723cbc92e2606f8a7de9b21150babe4ef0ece61,contact-sheet-preview,baseline/review-sheet-21.jpg,2,keep-preview-reviewed,No selection-blocking visual defect identified at the inspected preview scale.
kenney-suburban-building-type-a,cc0-original,assets/kenney-suburban/building-type-a.glb,c9a2751a753d178577580f5ccc62944ad8f9252564e758e31e3fb9e5ed15c72b,contact-sheet-preview,baseline/review-sheet-21.jpg,3,keep-preview-reviewed,No selection-blocking visual defect identified at the inspected preview scale.
kenney-suburban-building-type-b,cc0-original,assets/kenney-suburban/building-type-b.glb,f9afd0f5b44f371b08dd515c5a1cdcbfcf8c8b7181feaed040cd8f4f45fbd89c,contact-sheet-preview,baseline/review-sheet-21.jpg,4,keep-preview-reviewed,No selection-blocking visual defect identified at the inspected preview scale.
kenney-suburban-building-type-c,cc0-original,assets/kenney-suburban/building-type-c.glb,554f82156171a20eb17703b5507e9d37c6120d0aa13aa32be1ceb341180b213b,contact-sheet-preview,baseline/review-sheet-21.jpg,5,keep-preview-reviewed,No selection-blocking visual defect identified at the inspected preview scale.
kenney-suburban-building-type-d,cc0-original,assets/kenney-suburban/building-type-d.glb,5177ec032795b47bef9c506284265941a55a13906cfd14e681c63e2f2afbee00,contact-sheet-preview,baseline/review-sheet-21.jpg,6,keep-preview-reviewed,No selection-blocking visual defect identified at the inspected preview scale.
kenney-suburban-building-type-e,cc0-original,assets/kenney-suburban/building-type-e.glb,31e6a3c89998e0f4b6f9cacd305cf97b40b8bd68e19adfe07c032306081b64ca,contact-sheet-preview,baseline/review-sheet-21.jpg,7,keep-preview-reviewed,No selection-blocking visual defect identified at the inspected preview scale.
kenney-suburban-building-type-f,cc0-original,assets/kenney-suburban/building-type-f.glb,489997574f13e06302fc15200f5f208f3f7aad41b085ac6b46a2bd1b9147943c,contact-sheet-preview,baseline/review-sheet-21.jpg,8,keep-preview-reviewed,No selection-blocking visual defect identified at the inspected preview scale.
kenney-suburban-building-type-g,cc0-original,assets/kenney-suburban/building-type-g.glb,030ac7d0992a172f97cb831fb7895f624b2b1cf7307b51962917e901f7fa18b5,contact-sheet-preview,baseline/review-sheet-21.jpg,9,keep-preview-reviewed,No selection-blocking visual defect identified at the inspected preview scale.
kenney-suburban-building-type-h,cc0-original,assets/kenney-suburban/building-type-h.glb,1b2573dd4164efeaa1225fe6b0d563e726e8a2d0b65bc718321602324bfd246e,contact-sheet-preview,baseline/review-sheet-21.jpg,10,keep-preview-reviewed,No selection-blocking visual defect identified at the inspected preview scale.
kenney-suburban-building-type-i,cc0-original,assets/kenney-suburban/building-type-i.glb,31df9b255d10094a45df26c601f53c6cf77154bbc63d330d0a956cf09d13461c,contact-sheet-preview,baseline/review-sheet-21.jpg,11,keep-preview-reviewed,No selection-blocking visual defect identified at the inspected preview scale.
kenney-suburban-building-type-j,cc0-original,assets/kenney-suburban/building-type-j.glb,cd0abeb22d22f27fa5a6ac22367d0c83d77dcba24b50654096248de2e64ff841,contact-sheet-preview,baseline/review-sheet-21.jpg,12,keep-preview-reviewed,No selection-blocking visual defect identified at the inspected preview scale.
kenney-suburban-building-type-k,cc0-original,assets/kenney-suburban/building-type-k.glb,a6f7e201bb91351b0928cc6e103d21220804ff36f077726b214f1f49c82edaaf,contact-sheet-preview,baseline/review-sheet-21.jpg,13,keep-preview-reviewed,No selection-blocking visual defect identified at the inspected preview scale.
kenney-suburban-building-type-l,cc0-original,assets/kenney-suburban/building-type-l.glb,8f0230d1d7e2ac28117fd8e43ded27d23021301a16576581d5ec894e1d5aaca7,contact-sheet-preview,baseline/review-sheet-21.jpg,14,keep-preview-reviewed,No selection-blocking visual defect identified at the inspected preview scale.
kenney-suburban-building-type-m,cc0-original,assets/kenney-suburban/building-type-m.glb,f75d75024794ffbddcc997708e575c7fdab9efe00edf3900de978dfe01cbb52c,contact-sheet-preview,baseline/review-sheet-21.jpg,15,keep-preview-reviewed,No selection-blocking visual defect identified at the inspected preview scale.
kenney-suburban-building-type-n,cc0-original,assets/kenney-suburban/building-type-n.glb,ad736d94c879fd50d98b86622be82cde69e4c6c344567244f270b2a05f50d6d2,contact-sheet-preview,baseline/review-sheet-21.jpg,16,keep-preview-reviewed,No selection-blocking visual defect identified at the inspected preview scale.
kenney-suburban-building-type-o,cc0-original,assets/kenney-suburban/building-type-o.glb,1850c754a3ae23484542056436c6bc13a007b7467b11547a6f27cbc76e24ec44,contact-sheet-preview,baseline/review-sheet-21.jpg,17,keep-preview-reviewed,No selection-blocking visual defect identified at the inspected preview scale.
kenney-suburban-building-type-p,cc0-original,assets/kenney-suburban/building-type-p.glb,6ddc09b4ff9f70e379aaeeb870bb7f41cc17311ca3a21a3c1e03e16112b33f6f,contact-sheet-preview,baseline/review-sheet-21.jpg,18,keep-preview-reviewed,No selection-blocking visual defect identified at the inspected preview scale.
kenney-suburban-building-type-q,cc0-original,assets/kenney-suburban/building-type-q.glb,6f7e4042f57312cc21e8f90a49a07a09ce0cfa2f7cb88d9b13130ee4f62d6850,contact-sheet-preview,baseline/review-sheet-21.jpg,19,keep-preview-reviewed,No selection-blocking visual defect identified at the inspected preview scale.
kenney-suburban-building-type-r,cc0-original,assets/kenney-suburban/building-type-r.glb,a07305762ec229219a6c872702166c3760f744329ae300d1c527a68cd29807e3,contact-sheet-preview,baseline/review-sheet-21.jpg,20,keep-preview-reviewed,No selection-blocking visual defect identified at the inspected preview scale.
kenney-suburban-building-type-s,cc0-original,assets/kenney-suburban/building-type-s.glb,3462034ddbc53535f4a73ff3c6a305a9dcd4b0cd61666d922987e6af309e26d7,contact-sheet-preview,baseline/review-sheet-21.jpg,21,keep-preview-reviewed,No selection-blocking visual defect identified at the inspected preview scale.
kenney-suburban-building-type-t,cc0-original,assets/kenney-suburban/building-type-t.glb,96ec67836bbbe3f0185635a52630d8b7b0c240ecabcaacb8198ec9c79417c585,contact-sheet-preview,baseline/review-sheet-21.jpg,22,keep-preview-reviewed,No selection-blocking visual defect identified at the inspected preview scale.
kenney-suburban-building-type-u,cc0-original,assets/kenney-suburban/building-type-u.glb,92626382f20a7f025ac4688ee6350b9adb1eb9a8bd51efead13965357337e52e,contact-sheet-preview,baseline/review-sheet-21.jpg,23,keep-preview-reviewed,No selection-blocking visual defect identified at the inspected preview scale.
kenney-suburban-driveway-long,cc0-original,assets/kenney-suburban/driveway-long.glb,70f85bcf9dbe64bb676cba37a331a88740b214cbf64b38b56bd092d41bf5da9c,contact-sheet-preview,baseline/review-sheet-21.jpg,24,keep-preview-reviewed,No selection-blocking visual defect identified at the inspected preview scale.
kenney-suburban-driveway-short,cc0-original,assets/kenney-suburban/driveway-short.glb,64a74893956b698e8c3465d8b9a66297303cd2355d0be3840c9148d419699a37,contact-sheet-preview,baseline/review-sheet-21.jpg,25,keep-preview-reviewed,No selection-blocking visual defect identified at the inspected preview scale.
kenney-suburban-fence-1x2,cc0-original,assets/kenney-suburban/fence-1x2.glb,0562e15c7eae182b345bfb3b03507c35a6b717cf7980f97141e819c09ad7dbff,contact-sheet-preview,baseline/review-sheet-21.jpg,26,keep-preview-reviewed,No selection-blocking visual defect identified at the inspected preview scale.
kenney-suburban-fence-1x3,cc0-original,assets/kenney-suburban/fence-1x3.glb,3f3bb9084f1dc037a506d5a1bcf77ab23e3b8b32f8cb9732acd4356ec09a538f,contact-sheet-preview,baseline/review-sheet-21.jpg,27,keep-preview-reviewed,No selection-blocking visual defect identified at the inspected preview scale.
kenney-suburban-fence-1x4,cc0-original,assets/kenney-suburban/fence-1x4.glb,55cedf608905eb5db45a6759ddaa91f290d9a54e684ef22c9437f40b395e5797,contact-sheet-preview,baseline/review-sheet-21.jpg,28,keep-preview-reviewed,No selection-blocking visual defect identified at the inspected preview scale.
kenney-suburban-fence-2x2,cc0-original,assets/kenney-suburban/fence-2x2.glb,56acb85eba2358a4e2f5337b881fcd83e302d12f226c17d80dbbdb100abe7fde,contact-sheet-preview,baseline/review-sheet-21.jpg,29,keep-preview-reviewed,No selection-blocking visual defect identified at the inspected preview scale.
kenney-suburban-fence-2x3,cc0-original,assets/kenney-suburban/fence-2x3.glb,a17da2c9c980dbdeaf062404652a8da1ab82c4c146f1002dd2981fc4c896dccb,contact-sheet-preview,baseline/review-sheet-21.jpg,30,keep-preview-reviewed,No selection-blocking visual defect identified at the inspected preview scale.
kenney-suburban-fence-3x2,cc0-original,assets/kenney-suburban/fence-3x2.glb,cbb7237a2131c841572170dd8b7e639198aeda5ecfa2798ce1dee2aa081d457e,contact-sheet-preview,baseline/review-sheet-21.jpg,31,keep-preview-reviewed,No selection-blocking visual defect identified at the inspected preview scale.
kenney-suburban-fence-3x3,cc0-original,assets/kenney-suburban/fence-3x3.glb,285b75dea673692da1412fa7fd53bca69fdbd0c5393617762eb9ccf19d764d5e,contact-sheet-preview,baseline/review-sheet-21.jpg,32,keep-preview-reviewed,No selection-blocking visual defect identified at the inspected preview scale.
kenney-suburban-fence-low,cc0-original,assets/kenney-suburban/fence-low.glb,989a16cd8c1ff842d07e05ac46157279960e0dd33c34ac8d4e8aa5cc782578e5,contact-sheet-preview,baseline/review-sheet-21.jpg,33,keep-preview-reviewed,No selection-blocking visual defect identified at the inspected preview scale.
kenney-suburban-fence,cc0-original,assets/kenney-suburban/fence.glb,80ad048268c3fb16de80b9adf756e91f937731d0a0e848c3e436d56b64befeb7,contact-sheet-preview,baseline/review-sheet-21.jpg,34,keep-preview-reviewed,No selection-blocking visual defect identified at the inspected preview scale.
kenney-suburban-path-long,cc0-original,assets/kenney-suburban/path-long.glb,13cd2509e8ae1db1d0c408abcd107709f3256a52673aa538bffa49d961e65490,contact-sheet-preview,baseline/review-sheet-21.jpg,35,keep-preview-reviewed,No selection-blocking visual defect identified at the inspected preview scale.
kenney-suburban-path-short,cc0-original,assets/kenney-suburban/path-short.glb,57af70789785ee4c7c2817af9da7e2c998ff5d8247a1316de63cbe3995b5cc6c,contact-sheet-preview,baseline/review-sheet-21.jpg,36,keep-preview-reviewed,No selection-blocking visual defect identified at the inspected preview scale.
kenney-suburban-path-stones-long,cc0-original,assets/kenney-suburban/path-stones-long.glb,609b34dc6f1d85e7e2bd3d7e82b72c2e995421fec529e3782a91a6608ee15f5d,contact-sheet-preview,baseline/review-sheet-21.jpg,37,keep-preview-reviewed,No selection-blocking visual defect identified at the inspected preview scale.
kenney-suburban-path-stones-messy,cc0-original,assets/kenney-suburban/path-stones-messy.glb,be9488110bb0abf946aa6612e6059f52de0c8b0f5596af3c2704d7cacd43127a,contact-sheet-preview,baseline/review-sheet-21.jpg,38,keep-preview-reviewed,No selection-blocking visual defect identified at the inspected preview scale.
kenney-suburban-path-stones-short,cc0-original,assets/kenney-suburban/path-stones-short.glb,f2923e3f1f72e94c0b5205a09feebe8cfaafad59970f792a4146c2fe7da1061b,contact-sheet-preview,baseline/review-sheet-21.jpg,39,keep-preview-reviewed,No selection-blocking visual defect identified at the inspected preview scale.
kenney-suburban-planter,cc0-original,assets/kenney-suburban/planter.glb,eab85fd04e2b8ed0b6fca072dfa621fc337a80ea5397ebd3a39afa660b71ba1d,contact-sheet-preview,baseline/review-sheet-21.jpg,40,keep-preview-reviewed,No selection-blocking visual defect identified at the inspected preview scale.
kenney-suburban-tree-large,cc0-original,assets/kenney-suburban/tree-large.glb,79a3571badd86d9fdc60d77e1be5162c9b6aea285217851e16d7048d0a62f082,contact-sheet-preview,baseline/review-sheet-21.jpg,41,keep-preview-reviewed,No selection-blocking visual defect identified at the inspected preview scale.
kenney-suburban-tree-small,cc0-original,assets/kenney-suburban/tree-small.glb,7693c25b69980f9ecaa959bddd57e12aea85e7b705bdad29d18fc969b4a2f969,contact-sheet-preview,baseline/review-sheet-21.jpg,42,keep-preview-reviewed,No selection-blocking visual defect identified at the inspected preview scale.
kenney-roads-bridge-pillar-wide,cc0-original,assets/kenney-roads/bridge-pillar-wide.glb,cfadd61f0c12a0ffed47d6d709266c14d1980ef52dfff38949ee33373c4ba078,contact-sheet-preview,baseline/review-sheet-21.jpg,43,assembly-opt-in,"Valid construction component, separated from standalone props."
kenney-roads-bridge-pillar,cc0-original,assets/kenney-roads/bridge-pillar.glb,03339f66efbed343bd739a96da66575676464cff28d604f741d832d5ea286cd1,contact-sheet-preview,baseline/review-sheet-21.jpg,44,assembly-opt-in,"Valid construction component, separated from standalone props."
kenney-roads-construction-barrier,cc0-original,assets/kenney-roads/construction-barrier.glb,67d40cf1d24420f7c0aa29cee34988affc98119d06ce57ca904e11d9d0cb712b,contact-sheet-preview,baseline/review-sheet-21.jpg,45,assembly-opt-in,"Valid construction component, separated from standalone props."
kenney-roads-construction-cone,cc0-original,assets/kenney-roads/construction-cone.glb,c5af65555d55d50a66e4d06fb16e8e1e06cde9b56637e20f29c79600124d9ea5,contact-sheet-preview,baseline/review-sheet-21.jpg,46,assembly-opt-in,"Valid construction component, separated from standalone props."
kenney-roads-construction-fence,cc0-original,assets/kenney-roads/construction-fence.glb,90e3907dab8756208d946e40fbcf3fe0bb307e492a027e663beffc8a90869936,contact-sheet-preview,baseline/review-sheet-21.jpg,47,assembly-opt-in,"Valid construction component, separated from standalone props."
kenney-roads-construction-light,cc0-original,assets/kenney-roads/construction-light.glb,ff63c4eae16d8dab3f50448bb52dbb1dfdcd01e28bdb2f543eaee389352554bc,contact-sheet-preview,baseline/review-sheet-21.jpg,48,assembly-opt-in,"Valid construction component, separated from standalone props."
kenney-roads-dumpster,cc0-original,assets/kenney-roads/dumpster.glb,e91bab521c73bb568fafab05e35a438c9017dedb341af1162d47226affd0c993,contact-sheet-preview,baseline/review-sheet-22.jpg,1,assembly-opt-in,"Valid construction component, separated from standalone props."
kenney-roads-electricity-pole-single,cc0-original,assets/kenney-roads/electricity-pole-single.glb,a52190eed114ab2695161c8a51b90e4a0ffc70fb1d5de5273c8c194c81b32976,contact-sheet-preview,baseline/review-sheet-22.jpg,2,assembly-opt-in,"Valid construction component, separated from standalone props."
kenney-roads-electricity-pole-wide,cc0-original,assets/kenney-roads/electricity-pole-wide.glb,bd04ff222a02d84141d91ef301c4b87011a141ae65bdcb546b2b9c93c5a069c9,contact-sheet-preview,baseline/review-sheet-22.jpg,3,assembly-opt-in,"Valid construction component, separated from standalone props."
kenney-roads-electricity-pole,cc0-original,assets/kenney-roads/electricity-pole.glb,8a2a394d969fcd1172d47c8de5017e1ab633cce677ec18c1c859c090dd8ed22f,contact-sheet-preview,baseline/review-sheet-22.jpg,4,assembly-opt-in,"Valid construction component, separated from standalone props."
kenney-roads-electricity-side-single,cc0-original,assets/kenney-roads/electricity-side-single.glb,7fb3bb54a5003b5d407da45bf2d615905db4eb1df0d7e99801f78df9568ef3c1,contact-sheet-preview,baseline/review-sheet-22.jpg,5,assembly-opt-in,"Valid construction component, separated from standalone props."
kenney-roads-electricity-side-wide,cc0-original,assets/kenney-roads/electricity-side-wide.glb,9d2e2f20a54b26c20c6550f6a9806b7646a49f5531481f5b62bd1751928c4274,contact-sheet-preview,baseline/review-sheet-22.jpg,6,assembly-opt-in,"Valid construction component, separated from standalone props."
kenney-roads-electricity-side,cc0-original,assets/kenney-roads/electricity-side.glb,72e95e4a9fa308a1c4493a6ada11d8212f0fe31bab1f5c8ea431804930ac38ef,contact-sheet-preview,baseline/review-sheet-22.jpg,7,assembly-opt-in,"Valid construction component, separated from standalone props."
kenney-roads-electricity-wires-wide,cc0-original,assets/kenney-roads/electricity-wires-wide.glb,388b96972c5629735faa12da8e61e4a5ec14bd60d39dca1030beeff64063f382,contact-sheet-preview,baseline/review-sheet-22.jpg,8,assembly-opt-in,"Valid construction component, separated from standalone props."
kenney-roads-electricity-wires,cc0-original,assets/kenney-roads/electricity-wires.glb,ab44eb96422f2fcff55011aa7dda2f87be46e05655d6d20b377aee8488e46e15,contact-sheet-preview,baseline/review-sheet-22.jpg,9,assembly-opt-in,"Valid construction component, separated from standalone props."
kenney-roads-light-curved-cross,cc0-original,assets/kenney-roads/light-curved-cross.glb,552fb1d8d20d29671ab2d40446ca5c848c89f3733cfafacb6c988413a4a1a713,contact-sheet-preview,baseline/review-sheet-22.jpg,10,assembly-opt-in,"Valid construction component, separated from standalone props."
kenney-roads-light-curved-double,cc0-original,assets/kenney-roads/light-curved-double.glb,4bc58a9216529c77ce886b3528228062d9b695655475074c284a1738228e7f6b,contact-sheet-preview,baseline/review-sheet-22.jpg,11,assembly-opt-in,"Valid construction component, separated from standalone props."
kenney-roads-light-curved,cc0-original,assets/kenney-roads/light-curved.glb,814f69221e157ffaf7980dbf615a3f4fca309057ab78d8102b9a8714338984f0,contact-sheet-preview,baseline/review-sheet-22.jpg,12,assembly-opt-in,"Valid construction component, separated from standalone props."
kenney-roads-light-square-cross,cc0-original,assets/kenney-roads/light-square-cross.glb,98f5cd495898482ff91d805987ca6e49c0ac566293e7d4ceb3d4f65ec5ce0ec8,contact-sheet-preview,baseline/review-sheet-22.jpg,13,assembly-opt-in,"Valid construction component, separated from standalone props."
kenney-roads-light-square-double,cc0-original,assets/kenney-roads/light-square-double.glb,b7bc372aaf67f56940af270934e6011e66a3efa699e989b8d5ae56815eb61f61,contact-sheet-preview,baseline/review-sheet-22.jpg,14,assembly-opt-in,"Valid construction component, separated from standalone props."
kenney-roads-light-square,cc0-original,assets/kenney-roads/light-square.glb,5effdad8289bde574a5ff3030c1073970a9b1c5a03baa39c6c6c5e6b991bacf6,contact-sheet-preview,baseline/review-sheet-22.jpg,15,assembly-opt-in,"Valid construction component, separated from standalone props."
kenney-roads-road-bend-barrier,cc0-original,assets/kenney-roads/road-bend-barrier.glb,9346b65f8b958065c8ac48d9abef5a4d128336cedbedf149eb685ae8b502c9b4,contact-sheet-preview,baseline/review-sheet-22.jpg,16,assembly-opt-in,"Valid construction component, separated from standalone props."
kenney-roads-road-bend-sidewalk,cc0-original,assets/kenney-roads/road-bend-sidewalk.glb,f26ce5c155d510260b706c5313a80c5c4674b86a81aeb3a92ca9283c12a2be78,contact-sheet-preview,baseline/review-sheet-22.jpg,17,assembly-opt-in,"Valid construction component, separated from standalone props."
kenney-roads-road-bend-square-barrier,cc0-original,assets/kenney-roads/road-bend-square-barrier.glb,37abb9e138533b70ed8ee0b4373790a8a9d3c45f470d1be3b226f1dbeaa517dd,contact-sheet-preview,baseline/review-sheet-22.jpg,18,assembly-opt-in,"Valid construction component, separated from standalone props."
kenney-roads-road-bend-square,cc0-original,assets/kenney-roads/road-bend-square.glb,6a7f6912246b49cd4f4be909e08cb0f32225804d6dae097c0412375dc210be42,contact-sheet-preview,baseline/review-sheet-22.jpg,19,assembly-opt-in,"Valid construction component, separated from standalone props."
kenney-roads-road-bend,cc0-original,assets/kenney-roads/road-bend.glb,861c6b492d2e837f98d198cfb32010873460b5bea0a00dd96b1d746b3a5bddd4,contact-sheet-preview,baseline/review-sheet-22.jpg,20,assembly-opt-in,"Valid construction component, separated from standalone props."
kenney-roads-road-bridge,cc0-original,assets/kenney-roads/road-bridge.glb,db5383e3f90552e53fddf176e7b01f06bd76808fbe5cf00e0984fbcc8c3c81f5,contact-sheet-preview,baseline/review-sheet-22.jpg,21,assembly-opt-in,"Valid construction component, separated from standalone props."
kenney-roads-road-crossing,cc0-original,assets/kenney-roads/road-crossing.glb,7db257a74ce8a1e2090cb0073e30ad34621ffb2347643faa7e38520bcee31d3a,contact-sheet-preview,baseline/review-sheet-22.jpg,22,assembly-opt-in,"Valid construction component, separated from standalone props."
kenney-roads-road-crossroad-barrier,cc0-original,assets/kenney-roads/road-crossroad-barrier.glb,aefe59cf3f68a4a976abd85da28e291e566be20074fecda74de20651f7a3edce,contact-sheet-preview,baseline/review-sheet-22.jpg,23,assembly-opt-in,"Valid construction component, separated from standalone props."
kenney-roads-road-crossroad-line,cc0-original,assets/kenney-roads/road-crossroad-line.glb,f328cbacd3efc4fcfba6384a79f2dc8cdaaae7720bb2d78bcddece109f1f2bad,contact-sheet-preview,baseline/review-sheet-22.jpg,24,assembly-opt-in,"Valid construction component, separated from standalone props."
kenney-roads-road-crossroad-path,cc0-original,assets/kenney-roads/road-crossroad-path.glb,97e16583f9d0f623c34ba0a9fb381ab8a34778615843e750e7aff5c0d1ccb1d5,contact-sheet-preview,baseline/review-sheet-22.jpg,25,assembly-opt-in,"Valid construction component, separated from standalone props."
kenney-roads-road-crossroad,cc0-original,assets/kenney-roads/road-crossroad.glb,f44badbd46862c10bddf6a2039d0e345af3794fd21b2e129b51eff7947bfe806,contact-sheet-preview,baseline/review-sheet-22.jpg,26,assembly-opt-in,"Valid construction component, separated from standalone props."
kenney-roads-road-curve-barrier,cc0-original,assets/kenney-roads/road-curve-barrier.glb,bd96a65a3840c1133d15921f6dec652f0c696a39c15383ed32a082cbfa611865,contact-sheet-preview,baseline/review-sheet-22.jpg,27,assembly-opt-in,"Valid construction component, separated from standalone props."
kenney-roads-road-curve-intersection-barrier,cc0-original,assets/kenney-roads/road-curve-intersection-barrier.glb,89a9eba5d9d8790f572b630608d2bac0683d1808565b6fbec2651fd420d98eb0,contact-sheet-preview,baseline/review-sheet-22.jpg,28,assembly-opt-in,"Valid construction component, separated from standalone props."
kenney-roads-road-curve-intersection,cc0-original,assets/kenney-roads/road-curve-intersection.glb,5409b754c25ef0d198be31a9007f16b3014e537f6bd388fcf14f7f59a98fc250,contact-sheet-preview,baseline/review-sheet-22.jpg,29,assembly-opt-in,"Valid construction component, separated from standalone props."
kenney-roads-road-curve-pavement,cc0-original,assets/kenney-roads/road-curve-pavement.glb,a3ac4e451e5c11b86669d22dd88231e45c937eaef559d646d3f3c4a8cf804828,contact-sheet-preview,baseline/review-sheet-22.jpg,30,assembly-opt-in,"Valid construction component, separated from standalone props."
kenney-roads-road-curve,cc0-original,assets/kenney-roads/road-curve.glb,57a93c601655b049cb5984a1ac67b510fbe7f8f97b9dec84f43cddf0b8258b13,contact-sheet-preview,baseline/review-sheet-22.jpg,31,assembly-opt-in,"Valid construction component, separated from standalone props."
kenney-roads-road-driveway-double-barrier,cc0-original,assets/kenney-roads/road-driveway-double-barrier.glb,4e53a9631673a0134d5dd21e2dff15fe120e8ab89c92da8068ebc4dddc068c92,contact-sheet-preview,baseline/review-sheet-22.jpg,32,assembly-opt-in,"Valid construction component, separated from standalone props."
kenney-roads-road-driveway-double,cc0-original,assets/kenney-roads/road-driveway-double.glb,2272052c83624d6d6599a2f9cbc907635aeda9b3172bfcd314e2fd0dc84aa38e,contact-sheet-preview,baseline/review-sheet-22.jpg,33,assembly-opt-in,"Valid construction component, separated from standalone props."
kenney-roads-road-driveway-single-barrier,cc0-original,assets/kenney-roads/road-driveway-single-barrier.glb,756661d64c28a1676ecd3cc4c098dd587a9bb27051293f55925b0554625df6e0,contact-sheet-preview,baseline/review-sheet-22.jpg,34,assembly-opt-in,"Valid construction component, separated from standalone props."
kenney-roads-road-driveway-single,cc0-original,assets/kenney-roads/road-driveway-single.glb,6c6771e52f82f0def4d69130581a6c79c7c0f5ff03bb263f57c5f08bbbc2958f,contact-sheet-preview,baseline/review-sheet-22.jpg,35,assembly-opt-in,"Valid construction component, separated from standalone props."
kenney-roads-road-end-barrier,cc0-original,assets/kenney-roads/road-end-barrier.glb,d7a0573cbba60132e5df1122cc3800177b23bd06da7bb8e11576484059cb80af,contact-sheet-preview,baseline/review-sheet-22.jpg,36,assembly-opt-in,"Valid construction component, separated from standalone props."
kenney-roads-road-end-round-barrier,cc0-original,assets/kenney-roads/road-end-round-barrier.glb,1748004458e11089c26d98a50564245543570475646411795098c57e8c50dc75,contact-sheet-preview,baseline/review-sheet-22.jpg,37,assembly-opt-in,"Valid construction component, separated from standalone props."
kenney-roads-road-end-round,cc0-original,assets/kenney-roads/road-end-round.glb,ed12f1741199fee69328fa23f2099ee1eb5cc373edba9845bc97c8268245a593,contact-sheet-preview,baseline/review-sheet-22.jpg,38,assembly-opt-in,"Valid construction component, separated from standalone props."
kenney-roads-road-end,cc0-original,assets/kenney-roads/road-end.glb,a3a5a5347cadae6e2ac51ee63429d12b3c3e5eeddd82826f58342c4f7285841b,contact-sheet-preview,baseline/review-sheet-22.jpg,39,assembly-opt-in,"Valid construction component, separated from standalone props."
kenney-roads-road-intersection-barrier,cc0-original,assets/kenney-roads/road-intersection-barrier.glb,e343051f3390251d5ec2d83dd3572c56e4551841fdff2a799644aa12d4f3336c,contact-sheet-preview,baseline/review-sheet-22.jpg,40,assembly-opt-in,"Valid construction component, separated from standalone props."
kenney-roads-road-intersection-line,cc0-original,assets/kenney-roads/road-intersection-line.glb,7437421def9c7dd090287142570c6d0c008a3b75cac5c9ebc5778371191c5b38,contact-sheet-preview,baseline/review-sheet-22.jpg,41,assembly-opt-in,"Valid construction component, separated from standalone props."
kenney-roads-road-intersection-path,cc0-original,assets/kenney-roads/road-intersection-path.glb,f5e7512bfde25bbc4251c4c75ea994a85a67a406dc74414fdd0986d4aee6de04,contact-sheet-preview,baseline/review-sheet-22.jpg,42,assembly-opt-in,"Valid construction component, separated from standalone props."
kenney-roads-road-intersection,cc0-original,assets/kenney-roads/road-intersection.glb,264ed185c197ce410189199a5de1872234cef13ec9c555b5fa8ba6b772e82c87,contact-sheet-preview,baseline/review-sheet-22.jpg,43,assembly-opt-in,"Valid construction component, separated from standalone props."
kenney-roads-road-roundabout-barrier,cc0-original,assets/kenney-roads/road-roundabout-barrier.glb,ffa7e55e4b07b9fd8f92387acad767fc98ced609e5b62122f65d79e4184ad58f,contact-sheet-preview,baseline/review-sheet-22.jpg,44,assembly-opt-in,"Valid construction component, separated from standalone props."
kenney-roads-road-roundabout,cc0-original,assets/kenney-roads/road-roundabout.glb,75827b8f4ff12adf67421cfbeaa315b74a093fa7fda2237846db87442eb4576f,contact-sheet-preview,baseline/review-sheet-22.jpg,45,assembly-opt-in,"Valid construction component, separated from standalone props."
kenney-roads-road-side-barrier,cc0-original,assets/kenney-roads/road-side-barrier.glb,3584a4571abf908ccb3dda6680865fc9250b0bd06bfc1083560104e1bda0f21f,contact-sheet-preview,baseline/review-sheet-22.jpg,46,assembly-opt-in,"Valid construction component, separated from standalone props."
kenney-roads-road-side-entry-barrier,cc0-original,assets/kenney-roads/road-side-entry-barrier.glb,e1bbb838a13f14a0abb64dba65e0d7b61a17180edfce213da32d9ed314730b66,contact-sheet-preview,baseline/review-sheet-22.jpg,47,assembly-opt-in,"Valid construction component, separated from standalone props."
kenney-roads-road-side-entry,cc0-original,assets/kenney-roads/road-side-entry.glb,e1897133a2d9011e31f5ffd415702a60a4ddf369a848e7a3cd7171c4f1e8f0d1,contact-sheet-preview,baseline/review-sheet-22.jpg,48,assembly-opt-in,"Valid construction component, separated from standalone props."
kenney-roads-road-side-exit-barrier,cc0-original,assets/kenney-roads/road-side-exit-barrier.glb,f557aee14b70fa4aca106052b1ee25cb3922fca0fff8322522fb5ade5445c10b,contact-sheet-preview,baseline/review-sheet-23.jpg,1,assembly-opt-in,"Valid construction component, separated from standalone props."
kenney-roads-road-side-exit,cc0-original,assets/kenney-roads/road-side-exit.glb,1fe2929fd8614108cf6e39f63b1fd487026cb59288837650fb6e9a5e395f26ff,contact-sheet-preview,baseline/review-sheet-23.jpg,2,assembly-opt-in,"Valid construction component, separated from standalone props."
kenney-roads-road-side,cc0-original,assets/kenney-roads/road-side.glb,a4a8961e5d5806eb07b886fa4c09d7cbd9d5e43ce0a4340c2c8507279b15f68c,contact-sheet-preview,baseline/review-sheet-23.jpg,3,assembly-opt-in,"Valid construction component, separated from standalone props."
kenney-roads-road-sign-empty-hanging,cc0-original,assets/kenney-roads/road-sign-empty-hanging.glb,f32839f38500e9308af17ef851b5bc0665824efb8819e98ab216866598aa741c,contact-sheet-preview,baseline/review-sheet-23.jpg,4,assembly-opt-in,"Valid construction component, separated from standalone props."
kenney-roads-road-sign-empty,cc0-original,assets/kenney-roads/road-sign-empty.glb,06c28b5f830a2e1a3b656ef786c86c494f5449bd3e96effd1beb0e433cd5a07b,contact-sheet-preview,baseline/review-sheet-23.jpg,5,assembly-opt-in,"Valid construction component, separated from standalone props."
kenney-roads-road-sign-object-stop,cc0-original,assets/kenney-roads/road-sign-object-stop.glb,ab6faf9716320561785a84c2eb49bced4a8604e84559553258abdedcedaca400,contact-sheet-preview,baseline/review-sheet-23.jpg,6,assembly-opt-in,"Valid construction component, separated from standalone props."
kenney-roads-road-sign-object-street,cc0-original,assets/kenney-roads/road-sign-object-street.glb,ff56d4eb3b16bb2799b33521d4b0cc196ac989b33e0a8450604f73e378ed1d14,contact-sheet-preview,baseline/review-sheet-23.jpg,7,assembly-opt-in,"Valid construction component, separated from standalone props."
kenney-roads-road-sign-object-warning,cc0-original,assets/kenney-roads/road-sign-object-warning.glb,c94107ae5fcc37e0826e529a7ad736eab597f1de3e589ab0981cf68b5170dac4,contact-sheet-preview,baseline/review-sheet-23.jpg,8,assembly-opt-in,"Valid construction component, separated from standalone props."
kenney-roads-road-sign-stop,cc0-original,assets/kenney-roads/road-sign-stop.glb,4816718235c1d4f9ac40ffa237054b4c6d5e1f2b33ca4d1cd1d4615a319022a1,contact-sheet-preview,baseline/review-sheet-23.jpg,9,assembly-opt-in,"Valid construction component, separated from standalone props."
kenney-roads-road-sign-street,cc0-original,assets/kenney-roads/road-sign-street.glb,46dafb28839d0e0b3c58e17f1014094d8b77685d0efb8fd6bf64688657564d29,contact-sheet-preview,baseline/review-sheet-23.jpg,10,assembly-opt-in,"Valid construction component, separated from standalone props."
kenney-roads-road-sign-warning,cc0-original,assets/kenney-roads/road-sign-warning.glb,5e75bfeb300b149481018176617263f0df32bfdd5a502224c612bced081062dc,contact-sheet-preview,baseline/review-sheet-23.jpg,11,assembly-opt-in,"Valid construction component, separated from standalone props."
kenney-roads-road-slant-barrier,cc0-original,assets/kenney-roads/road-slant-barrier.glb,9b5fa19510b7358b41b3aae7ce3d188372487e121ad5925dd8450f422696b19e,contact-sheet-preview,baseline/review-sheet-23.jpg,12,assembly-opt-in,"Valid construction component, separated from standalone props."
kenney-roads-road-slant-curve-barrier,cc0-original,assets/kenney-roads/road-slant-curve-barrier.glb,ebeb75896cb76794c4a1488e76c3206d3d785500e969e8f9d66bffa79ea3aef6,contact-sheet-preview,baseline/review-sheet-23.jpg,13,assembly-opt-in,"Valid construction component, separated from standalone props."
kenney-roads-road-slant-curve,cc0-original,assets/kenney-roads/road-slant-curve.glb,ef8bf851ce3e442712be303daab20f8471bb87a21bff92efb3f2fc36f593f7ac,contact-sheet-preview,baseline/review-sheet-23.jpg,14,assembly-opt-in,"Valid construction component, separated from standalone props."
kenney-roads-road-slant-flat-curve,cc0-original,assets/kenney-roads/road-slant-flat-curve.glb,f86450e3df0ea48b52b2e7c915993c22d668da2e0d65ae3abbd713140e3fbde8,contact-sheet-preview,baseline/review-sheet-23.jpg,15,assembly-opt-in,"Valid construction component, separated from standalone props."
kenney-roads-road-slant-flat-high,cc0-original,assets/kenney-roads/road-slant-flat-high.glb,cc3ad4198bb1cb452b47461db5f262e48b79d3920de1bc32776803b275696df6,contact-sheet-preview,baseline/review-sheet-23.jpg,16,assembly-opt-in,"Valid construction component, separated from standalone props."
kenney-roads-road-slant-flat,cc0-original,assets/kenney-roads/road-slant-flat.glb,448c0b865b6a1232e9017fdb2c0ade6416c115cd682a8d59502be2a23496d35d,contact-sheet-preview,baseline/review-sheet-23.jpg,17,assembly-opt-in,"Valid construction component, separated from standalone props."
kenney-roads-road-slant-high-barrier,cc0-original,assets/kenney-roads/road-slant-high-barrier.glb,262feca79a2c8b18fdf480d7edd28d2cc11d4837985925966016151b3de2ade5,contact-sheet-preview,baseline/review-sheet-23.jpg,18,assembly-opt-in,"Valid construction component, separated from standalone props."
kenney-roads-road-slant-high,cc0-original,assets/kenney-roads/road-slant-high.glb,1d8e20fd1ad5a9f8dd6ca24351bb61df372bc6a9d240be44c8dd25799c88f89b,contact-sheet-preview,baseline/review-sheet-23.jpg,19,assembly-opt-in,"Valid construction component, separated from standalone props."
kenney-roads-road-slant,cc0-original,assets/kenney-roads/road-slant.glb,836fa33b9b2922e84154e9e7079c733f1fe051c41dcadeffc1ce2cb543db519c,contact-sheet-preview,baseline/review-sheet-23.jpg,20,assembly-opt-in,"Valid construction component, separated from standalone props."
kenney-roads-road-split-barrier,cc0-original,assets/kenney-roads/road-split-barrier.glb,7e5848b2e5523a7305e48b3c41a72a81d09c6f16f95bda3f9eb313075ab41f34,contact-sheet-preview,baseline/review-sheet-23.jpg,21,assembly-opt-in,"Valid construction component, separated from standalone props."
kenney-roads-road-split,cc0-original,assets/kenney-roads/road-split.glb,446ae938e1f732d5d9e3983092675e0c5cbe2b1eaa6410546e7e8f86899208c8,contact-sheet-preview,baseline/review-sheet-23.jpg,22,assembly-opt-in,"Valid construction component, separated from standalone props."
kenney-roads-road-square-barrier,cc0-original,assets/kenney-roads/road-square-barrier.glb,0e462ff03dd6595f191e4b55027e099ca24d00d5d7d938f2a94eae81a6568c05,contact-sheet-preview,baseline/review-sheet-23.jpg,23,assembly-opt-in,"Valid construction component, separated from standalone props."
kenney-roads-road-square,cc0-original,assets/kenney-roads/road-square.glb,7f24f7ddc289bbf8651d7d7dc9abf50ad24303e38a4db02d1a0ed989699b4fdb,contact-sheet-preview,baseline/review-sheet-23.jpg,24,assembly-opt-in,"Valid construction component, separated from standalone props."
kenney-roads-road-straight-barrier-end,cc0-original,assets/kenney-roads/road-straight-barrier-end.glb,d97b3aacbaa8e86aa3469222b120209a72ab7083784348e2e61f57ba50fb8a18,contact-sheet-preview,baseline/review-sheet-23.jpg,25,assembly-opt-in,"Valid construction component, separated from standalone props."
kenney-roads-road-straight-barrier-half,cc0-original,assets/kenney-roads/road-straight-barrier-half.glb,35aef61c1734d4c459d1bd66b0526e5903953491954f401c59c1d4eadbfa690f,contact-sheet-preview,baseline/review-sheet-23.jpg,26,assembly-opt-in,"Valid construction component, separated from standalone props."
kenney-roads-road-straight-barrier,cc0-original,assets/kenney-roads/road-straight-barrier.glb,f5e8ccc6b4baf2c9a019ff5ca7715e14a9a3a6e4c8da83b02465e8491b8a0c13,contact-sheet-preview,baseline/review-sheet-23.jpg,27,assembly-opt-in,"Valid construction component, separated from standalone props."
kenney-roads-road-straight-half,cc0-original,assets/kenney-roads/road-straight-half.glb,40d58831001e4d223a23890eb678a8ef3c02517032516d5a44fcc965c095d62e,contact-sheet-preview,baseline/review-sheet-23.jpg,28,assembly-opt-in,"Valid construction component, separated from standalone props."
kenney-roads-road-straight,cc0-original,assets/kenney-roads/road-straight.glb,5746155704a2adb13d66f56f09e4522cc837f2ea2696eae38e913857fc806391,contact-sheet-preview,baseline/review-sheet-23.jpg,29,assembly-opt-in,"Valid construction component, separated from standalone props."
kenney-roads-sign-highway-detailed,cc0-original,assets/kenney-roads/sign-highway-detailed.glb,2ba8c583f5ee46890ea71c129d52f616ff1cd006d30ca36c083eec02c502f629,contact-sheet-preview,baseline/review-sheet-23.jpg,30,assembly-opt-in,"Valid construction component, separated from standalone props."
kenney-roads-sign-highway-wide,cc0-original,assets/kenney-roads/sign-highway-wide.glb,92ad635016a1a81971a3cb62a280924ca8846a28616b119b73f312dd5e6e37f6,contact-sheet-preview,baseline/review-sheet-23.jpg,31,assembly-opt-in,"Valid construction component, separated from standalone props."
kenney-roads-sign-highway,cc0-original,assets/kenney-roads/sign-highway.glb,c0f9e6229fbc4de0222c38cd5da968387ed8685ee7451370ab289e7b8ea5bd59,contact-sheet-preview,baseline/review-sheet-23.jpg,32,assembly-opt-in,"Valid construction component, separated from standalone props."
kenney-roads-tile-high,cc0-original,assets/kenney-roads/tile-high.glb,a2ba6166e28d78b2f89baef3cbb338cb70833d16ce6ec923c861ebd416795f1e,contact-sheet-preview,baseline/review-sheet-23.jpg,33,assembly-opt-in,"Valid construction component, separated from standalone props."
kenney-roads-tile-low,cc0-original,assets/kenney-roads/tile-low.glb,f39542df06d32f25806c9025915059d40ec2e03b81b7a1e4a55c5476387cb241,contact-sheet-preview,baseline/review-sheet-23.jpg,34,assembly-opt-in,"Valid construction component, separated from standalone props."
kenney-roads-tile-slant,cc0-original,assets/kenney-roads/tile-slant.glb,a56e914215d0eff31c00e78b9d5bd1ad43c96fdbfd99dd1ade4235e2fabd98bc,contact-sheet-preview,baseline/review-sheet-23.jpg,35,assembly-opt-in,"Valid construction component, separated from standalone props."
kenney-roads-tile-slant-high,cc0-original,assets/kenney-roads/tile-slant-high.glb,e54d2ca15eb2c8321cb37578f5bed2a603a5b864b77e56c43b72c27b9ce6d325,contact-sheet-preview,baseline/review-sheet-23.jpg,36,assembly-opt-in,"Valid construction component, separated from standalone props."
kenney-roads-traffic-light-hanging,cc0-original,assets/kenney-roads/traffic-light-hanging.glb,65d108ee08c1441b6bab09c23c24698ec6ff20e3e855af34e6901eb17a21df15,contact-sheet-preview,baseline/review-sheet-23.jpg,37,assembly-opt-in,"Valid construction component, separated from standalone props."
kenney-roads-traffic-light-object-hanging,cc0-original,assets/kenney-roads/traffic-light-object-hanging.glb,d7e348ecf50a1f6a5549cf1209db33d0be9c99bb6c6ac32002cc6b0bb28e974d,contact-sheet-preview,baseline/review-sheet-23.jpg,38,assembly-opt-in,"Valid construction component, separated from standalone props."
kenney-roads-traffic-light-object-horizontal,cc0-original,assets/kenney-roads/traffic-light-object-horizontal.glb,e93f0bb49d3a8acbf8dfe710b53b61a7aa5bcc05f884d2d6d6e3ccac4eaeeab2,contact-sheet-preview,baseline/review-sheet-23.jpg,39,assembly-opt-in,"Valid construction component, separated from standalone props."
kenney-roads-traffic-light-object-vertical,cc0-original,assets/kenney-roads/traffic-light-object-vertical.glb,0d9f4c17719a7fd84b6ececc396be476a0cde8c9b9d828be54f094c85c655b46,contact-sheet-preview,baseline/review-sheet-23.jpg,40,assembly-opt-in,"Valid construction component, separated from standalone props."
kenney-roads-traffic-light,cc0-original,assets/kenney-roads/traffic-light.glb,a62ca67bd509523464c817735a5768295c5f3a183fcf143cdfa6e6b0714c9bdf,contact-sheet-preview,baseline/review-sheet-23.jpg,41,assembly-opt-in,"Valid construction component, separated from standalone props."
legacy-0002-adaptive-power-wheelchair,existing-glb,public/assets/3d/adaptive_power_wheelchair.glb,7b3b0fea2f3db4fe494fb85875e812a8624f21f616a980566f5d9e49608f69b2,contact-sheet-preview,legacy/legacy-01.jpg,1,keep-preview-reviewed,No selection-blocking visual defect identified at the inspected preview scale.
legacy-0003-ancient-rune-shield,existing-glb,public/assets/3d/ancient_rune_shield.glb,72069021f850eecda8f95e0f871e2b5404593167a29e7eb317f7fb9429f51d34,contact-sheet-preview,legacy/legacy-01.jpg,2,keep-preview-reviewed,No selection-blocking visual defect identified at the inspected preview scale.
legacy-0004-arcade-game-cabinet,existing-glb,public/assets/3d/arcade_game_cabinet.glb,3a97b349620b8e4651d0a7c6e482492582c9932c42b562cbbfec4bb72d13c279,contact-sheet-preview,legacy/legacy-01.jpg,3,keep-preview-reviewed,No selection-blocking visual defect identified at the inspected preview scale.
legacy-0005-bathtub,existing-glb,public/assets/3d/bathtub.glb,e81760111949a3bd112ad86273d86defd836173e3cb58ab68a7f77418854b8ab,contact-sheet-preview,legacy/legacy-01.jpg,4,keep-preview-reviewed,No selection-blocking visual defect identified at the inspected preview scale.
legacy-0006-blackboard,existing-glb,public/assets/3d/blackboard.glb,81fa48d2b27f6d3a0025cbc48797b6634312d236faf303ceb43bfc3d818683e5,contact-sheet-preview,legacy/legacy-01.jpg,5,keep-preview-reviewed,No selection-blocking visual defect identified at the inspected preview scale.
legacy-0007-bonsai-tree,existing-glb,public/assets/3d/bonsai_tree.glb,c620eb13c1c26b7c9fb3968877dbe87181a7088f69ce118ad550c814f5a14043,contact-sheet-preview,legacy/legacy-01.jpg,6,keep-preview-reviewed,No selection-blocking visual defect identified at the inspected preview scale.
legacy-0008-bubble-tea,existing-glb,public/assets/3d/bubble_tea.glb,a8adbe131888d4d5a748fdf5a44b52a49f31ba63c0e5448859059b1574025b8d,contact-sheet-preview,legacy/legacy-01.jpg,7,keep-preview-reviewed,No selection-blocking visual defect identified at the inspected preview scale.
legacy-0009-campfire,existing-glb,public/assets/3d/campfire.glb,182d020801b3b6bfa5724af2869e2bca4c1696c8dbc3bad106eb5f9cf1d11697,contact-sheet-preview,legacy/legacy-01.jpg,8,keep-preview-reviewed,No selection-blocking visual defect identified at the inspected preview scale.
legacy-0010-chair,existing-glb,public/assets/3d/chair.glb,73fb41337652e33711c770494b44e31195fa8c9ea25473a92d8ed4cfd3cd49fa,contact-sheet-preview,legacy/legacy-01.jpg,9,keep-preview-reviewed,No selection-blocking visual defect identified at the inspected preview scale.
legacy-0099-crystal-orb,existing-glb,public/assets/3d/crystal_orb.glb,dd1f7998d915c7b9d4ab1f5f20d26c7c2ba4b4fbf0bef50c032cf9abaf208079,contact-sheet-preview,legacy/legacy-01.jpg,10,keep-preview-reviewed,No selection-blocking visual defect identified at the inspected preview scale.
legacy-0100-cyber-glasses,existing-glb,public/assets/3d/cyber_glasses.glb,3cf0e365c999aec93df63f5575f13e0e010d5c543ca20fe29ca9381dcfc005de,contact-sheet-preview,legacy/legacy-01.jpg,11,keep-preview-reviewed,No selection-blocking visual defect identified at the inspected preview scale.
legacy-0101-cyber-helmet-visor,existing-glb,public/assets/3d/cyber_helmet_visor.glb,8ee41b113475f3f0e0e8a274e701b388757f6de622dca81727ea9d88ae1b4361,contact-sheet-preview,legacy/legacy-01.jpg,12,keep-preview-reviewed,No selection-blocking visual defect identified at the inspected preview scale.
legacy-0102-cyber-katana,existing-glb,public/assets/3d/cyber_katana.glb,6b77de76d9a33010215f37edc0f22a0f848e91667af93282b8ed80aa1c2631f0,contact-sheet-preview,legacy/legacy-01.jpg,13,keep-preview-reviewed,No selection-blocking visual defect identified at the inspected preview scale.
legacy-0103-cyber-sniper-rifle,existing-glb,public/assets/3d/cyber_sniper_rifle.glb,de4c443652d7326cd24201cb81622faa8cc94c67c7a9337594bda658196fc2ff,contact-sheet-preview,legacy/legacy-01.jpg,14,keep-preview-reviewed,No selection-blocking visual defect identified at the inspected preview scale.
legacy-0104-cyberpunk-hoverbike,existing-glb,public/assets/3d/cyberpunk_hoverbike.glb,ed8348bb03a360c2aaa7b8ef024e3dc4c4049912826e604f6aa23a2e385bd080,contact-sheet-preview,legacy/legacy-01.jpg,15,keep-preview-reviewed,No selection-blocking visual defect identified at the inspected preview scale.
legacy-0105-cyberpunk-motorcycle,existing-glb,public/assets/3d/cyberpunk_motorcycle.glb,b16a1173acecdc0aee8502e878c22f5102043d5d7369ed39f23e33ecb1c2d5bb,contact-sheet-preview,legacy/legacy-01.jpg,16,keep-preview-reviewed,No selection-blocking visual defect identified at the inspected preview scale.
legacy-0106-desk,existing-glb,public/assets/3d/desk.glb,2b00b2c99e2cfbd4fa41e516eb8b50f201d7f7b918cde6f99e77769a127991de,contact-sheet-preview,legacy/legacy-01.jpg,17,keep-preview-reviewed,No selection-blocking visual defect identified at the inspected preview scale.
legacy-0107-classroom-art-studio,existing-glb,public/assets/3d/environments/classroom_art_studio.glb,b0e14d9e45b8181798a09fc675d6c3aadf46bae5a2b24200fe751518c55016d8,contact-sheet-preview,legacy/legacy-01.jpg,18,keep-preview-reviewed,No selection-blocking visual defect identified at the inspected preview scale.
legacy-0108-compact-apartment-interior,existing-glb,public/assets/3d/environments/compact_apartment_interior.glb,c5409d3c3050725fa14afc67f5d63168ead262d352bcd7294018dd8cf11cdde9,contact-sheet-preview,legacy/legacy-01.jpg,19,keep-preview-reviewed,No selection-blocking visual defect identified at the inspected preview scale.
legacy-0109-fantasy-alchemist-workshop-library,existing-glb,public/assets/3d/environments/fantasy_alchemist_workshop_library.glb,c8aa1be5f39a09b369f21fef47455f1070117947973fdee73c4b24c7e6bf675c,contact-sheet-preview,legacy/legacy-01.jpg,20,keep-preview-reviewed,No selection-blocking visual defect identified at the inspected preview scale.
legacy-0110-fantasy-ruin-courtyard,existing-glb,public/assets/3d/environments/fantasy_ruin_courtyard.glb,cd7b7aaa142c473b8373c9d666edc2d130ee0735a2290502489d721f1d87cb22,contact-sheet-preview,legacy/legacy-01.jpg,21,keep-preview-reviewed,No selection-blocking visual defect identified at the inspected preview scale.
legacy-0111-hanok-market-courtyard,existing-glb,public/assets/3d/environments/hanok_market_courtyard.glb,64540cd8540a6e8768152ae78bb908b97853aea064a263b9c43cd9b2373fe766,contact-sheet-preview,legacy/legacy-01.jpg,22,keep-preview-reviewed,No selection-blocking visual defect identified at the inspected preview scale.
legacy-0112-hospital-emergency-nurse-station,existing-glb,public/assets/3d/environments/hospital_emergency_nurse_station.glb,7c08f38b2dfdeb418fadfca4ee24f0e73b92f9b20abcde11f29a67d5dae9a8e6,contact-sheet-preview,legacy/legacy-01.jpg,23,keep-preview-reviewed,No selection-blocking visual defect identified at the inspected preview scale.
legacy-0113-korean-convenience-store-night,existing-glb,public/assets/3d/environments/korean_convenience_store_night.glb,e31665694ca5ab05e09736d24623a4bfe14cc07b9f60bec261445f7dcf6f476e,contact-sheet-preview,legacy/legacy-01.jpg,24,keep-preview-reviewed,No selection-blocking visual defect identified at the inspected preview scale.
legacy-0114-korean-school-rooftop,existing-glb,public/assets/3d/environments/korean_school_rooftop.glb,00a2ca9dd79b1e4957e94df7e2e9824e7c404e85f98bc45dc4691934d3e18115,contact-sheet-preview,legacy/legacy-02.jpg,1,keep-preview-reviewed,No selection-blocking visual defect identified at the inspected preview scale.
legacy-0115-scifi-command-corridor,existing-glb,public/assets/3d/environments/scifi_command_corridor.glb,a2eff1b6d07f8e09ef2f1deebc240dd5ccb591384bce59d5f092cc4dd0d59821,contact-sheet-preview,legacy/legacy-02.jpg,2,keep-preview-reviewed,No selection-blocking visual defect identified at the inspected preview scale.
legacy-0116-seoul-subway-platform,existing-glb,public/assets/3d/environments/seoul_subway_platform.glb,d5670f9e0240402fbf69308bbbdfb936775c6a3c30420bd693f5747b71598669,contact-sheet-preview,legacy/legacy-02.jpg,3,keep-preview-reviewed,No selection-blocking visual defect identified at the inspected preview scale.
legacy-0117-stylized-cafe-interior,existing-glb,public/assets/3d/environments/stylized_cafe_interior.glb,f0e038d48f6906c1316e3cbb633cb92c72a0053091acdb28a83d11b74e9cee2a,contact-sheet-preview,legacy/legacy-02.jpg,4,keep-preview-reviewed,No selection-blocking visual defect identified at the inspected preview scale.
legacy-0130-urban-neon-alley,existing-glb,public/assets/3d/environments/urban_neon_alley.glb,4506e1d3fe34bfcd2dd754f237047c33d5a749218cdf7fb71266b98374e358e3,contact-sheet-preview,legacy/legacy-02.jpg,5,keep-preview-reviewed,No selection-blocking visual defect identified at the inspected preview scale.
legacy-0131-everyday-backpack,existing-glb,public/assets/3d/everyday_backpack.glb,f0551b688e841011251c76d536d204d1b0b08363abb8a1f495aa3b422a2419e8,contact-sheet-preview,legacy/legacy-02.jpg,6,keep-preview-reviewed,No selection-blocking visual defect identified at the inspected preview scale.
legacy-0132-everyday-book,existing-glb,public/assets/3d/everyday_book.glb,d048a4a04a173f2ef09e2ed28ae467eb2f4acd6511c7ec088a2d8530aa4edb50,contact-sheet-preview,legacy/legacy-02.jpg,7,keep-preview-reviewed,No selection-blocking visual defect identified at the inspected preview scale.
legacy-0133-everyday-cap,existing-glb,public/assets/3d/everyday_cap.glb,d8ea6d264ebdff4b8f03d586a09cde5d756e20b5da00291e991427cbc15482e0,contact-sheet-preview,legacy/legacy-02.jpg,8,keep-preview-reviewed,No selection-blocking visual defect identified at the inspected preview scale.
legacy-0134-everyday-glasses,existing-glb,public/assets/3d/everyday_glasses.glb,15eb4bf2b50780e94c7028d723059e69e77a4571dda3be367357e0681228d76f,contact-sheet-preview,legacy/legacy-02.jpg,9,keep-preview-reviewed,No selection-blocking visual defect identified at the inspected preview scale.
legacy-0135-everyday-mug,existing-glb,public/assets/3d/everyday_mug.glb,6e42a8af4b2b7488a444ad611781c07805c317a46a13a7b1f3841f4c7b21aef6,contact-sheet-preview,legacy/legacy-02.jpg,10,keep-preview-reviewed,No selection-blocking visual defect identified at the inspected preview scale.
legacy-0136-fantasy-magic-chest,existing-glb,public/assets/3d/fantasy_magic_chest.glb,75eb0c927b105bac622be752e627fddcaf202cfc9689ff02f04746fc77b5ec26,contact-sheet-preview,legacy/legacy-02.jpg,11,keep-preview-reviewed,No selection-blocking visual defect identified at the inspected preview scale.
legacy-0137-fantasy-magic-wand-staff,existing-glb,public/assets/3d/fantasy_magic_wand_staff.glb,37d102cf461164d2d9ecd975c2300adc09ea81e479fb24ca50fcd89dd8d8927a,contact-sheet-preview,legacy/legacy-02.jpg,12,keep-preview-reviewed,No selection-blocking visual defect identified at the inspected preview scale.
legacy-0138-fireplace,existing-glb,public/assets/3d/fireplace.glb,ba789566ab1538baabe71ed231922d2d0ed82a0bdfd1e2fc530b642b9f6e25c5,contact-sheet-preview,legacy/legacy-02.jpg,13,keep-preview-reviewed,No selection-blocking visual defect identified at the inspected preview scale.
legacy-0139-fox-mask,existing-glb,public/assets/3d/fox_mask.glb,3388ce7058882d4f68dc242c1a91d053a7e79642e021b2b1a4f67797d7e4deb4,contact-sheet-preview,legacy/legacy-02.jpg,14,keep-preview-reviewed,No selection-blocking visual defect identified at the inspected preview scale.
legacy-0140-grandfather-clock,existing-glb,public/assets/3d/grandfather_clock.glb,d90487081c82f309396e118dd8f36b22a95e9735e12d745cb299ef5d1a9157f9,contact-sheet-preview,legacy/legacy-02.jpg,15,keep-preview-reviewed,No selection-blocking visual defect identified at the inspected preview scale.
legacy-0141-hanging-sign,existing-glb,public/assets/3d/hanging_sign.glb,c7b324301f4e53588b26ec899697c9630f79953cae9dc7bbc96da044d3fede97,contact-sheet-preview,legacy/legacy-02.jpg,16,keep-preview-reviewed,No selection-blocking visual defect identified at the inspected preview scale.
legacy-0142-hologram-tablet,existing-glb,public/assets/3d/hologram_tablet.glb,70d9f1f2eaf4e338f196de025112d639785521a1fdf774dc4c6cbb04e6386a52,contact-sheet-preview,legacy/legacy-02.jpg,17,keep-preview-reviewed,No selection-blocking visual defect identified at the inspected preview scale.
legacy-0143-ice-cream-cone,existing-glb,public/assets/3d/ice_cream_cone.glb,d1474466eab24a534f4c89ce93d24a3dadda41dd783bdf268b130c3a65e1d45e,contact-sheet-preview,legacy/legacy-02.jpg,18,keep-preview-reviewed,No selection-blocking visual defect identified at the inspected preview scale.
legacy-0144-kitchen-stove,existing-glb,public/assets/3d/kitchen_stove.glb,4baa2c7a2fa5cc76e5db33a2e3f0eccb36c78744d93c2e11807dfe71d1469d24,contact-sheet-preview,legacy/legacy-02.jpg,19,keep-preview-reviewed,No selection-blocking visual defect identified at the inspected preview scale.
legacy-0145-magic-grimoire,existing-glb,public/assets/3d/magic_grimoire.glb,ef5563dca0f938fd13cb37e55eee87e666147360a41d089ca9f4548843043c29,contact-sheet-preview,legacy/legacy-02.jpg,20,keep-preview-reviewed,No selection-blocking visual defect identified at the inspected preview scale.
legacy-0146-magic-staff-crystal,existing-glb,public/assets/3d/magic_staff_crystal.glb,840c080614968662c7f9509852dea3eda4c5e0ccf112d21acbb39b547fb05a29,contact-sheet-preview,legacy/legacy-02.jpg,21,keep-preview-reviewed,No selection-blocking visual defect identified at the inspected preview scale.
legacy-0147-mailbox,existing-glb,public/assets/3d/mailbox.glb,586b2a648aa840e923292085a204d0f14063640ce904c7f266dfbb6b349ed1ac,contact-sheet-preview,legacy/legacy-02.jpg,22,keep-preview-reviewed,No selection-blocking visual defect identified at the inspected preview scale.
legacy-0148-mech-turret,existing-glb,public/assets/3d/mech_turret.glb,ea048d88b630f575dfa117ad051df7647d4618307c99538a71a5221e1a0a6ad4,contact-sheet-preview,legacy/legacy-02.jpg,23,keep-preview-reviewed,No selection-blocking visual defect identified at the inspected preview scale.
legacy-0149-medical-stethoscope,existing-glb,public/assets/3d/medical_stethoscope.glb,752f0efd9b2d74adea026a179edc9457099111f32ff179f3ae66c369d3ee5c7b,contact-sheet-preview,legacy/legacy-02.jpg,24,keep-preview-reviewed,No selection-blocking visual defect identified at the inspected preview scale.
legacy-0150-medieval-greatsword,existing-glb,public/assets/3d/medieval_greatsword.glb,8753c948addf17f74e4a861f8dac59e32b76ce225a5e0492b519e07a5313faba,contact-sheet-preview,legacy/legacy-03.jpg,1,keep-preview-reviewed,No selection-blocking visual defect identified at the inspected preview scale.
legacy-0151-medieval-shield,existing-glb,public/assets/3d/medieval_shield.glb,df6551a53f0a196079ccff3d22551533104fa2b3d70756a0f877e26fcdf9b89b,contact-sheet-preview,legacy/legacy-03.jpg,2,keep-preview-reviewed,No selection-blocking visual defect identified at the inspected preview scale.
legacy-0152-modern-smartphone-prop,existing-glb,public/assets/3d/modern_smartphone_prop.glb,c1529cf76b6f621dd8d90697383fbc9eae03f6692904a79b8ecffdb9456e9815,contact-sheet-preview,legacy/legacy-03.jpg,3,keep-preview-reviewed,No selection-blocking visual defect identified at the inspected preview scale.
legacy-0153-neom-bench-prop,existing-glb,public/assets/3d/neom_bench_prop.glb,2d004cf2058df473b6dae11a35009cad4d904d1b736599bdcdf5ec2c711bd281,contact-sheet-preview,legacy/legacy-03.jpg,4,keep-preview-reviewed,No selection-blocking visual defect identified at the inspected preview scale.
legacy-0155-outfit-cardigan,existing-glb,public/assets/3d/outfits/outfit_cardigan.glb,f43f7d005bcced6bd13fb96c0a4f57c107ea4018634c39f3cfad5aefda574ba8,contact-sheet-preview,legacy/legacy-03.jpg,5,already-outside-production-catalog,Rigid ellipsoidal shell; already excluded before this change. Not the runtime-generated wardrobe.
legacy-0156-outfit-cyber-suit-v2,existing-glb,public/assets/3d/outfits/outfit_cyber_suit_v2.glb,8fdc562fe3016e4b0b864f3b190621fee555cadac3cdbb975c08e89ece4503ed,contact-sheet-preview,legacy/legacy-03.jpg,6,already-outside-production-catalog,Rigid ellipsoidal shell; already excluded before this change. Not the runtime-generated wardrobe.
legacy-0157-outfit-cyberpunk-suit,existing-glb,public/assets/3d/outfits/outfit_cyberpunk_suit.glb,c4bbf41dcda144331e93570d7f58665b9eaab5d5612d751526bf71c469090cb4,contact-sheet-preview,legacy/legacy-03.jpg,7,already-outside-production-catalog,Rigid ellipsoidal shell; already excluded before this change. Not the runtime-generated wardrobe.
legacy-0158-outfit-dress,existing-glb,public/assets/3d/outfits/outfit_dress.glb,8f4d0286eae26095f6ca485d341ca90039a7b5ed231343c4972e3b313f314323,contact-sheet-preview,legacy/legacy-03.jpg,8,already-outside-production-catalog,Rigid ellipsoidal shell; already excluded before this change. Not the runtime-generated wardrobe.
legacy-0159-outfit-hanbok-modern,existing-glb,public/assets/3d/outfits/outfit_hanbok_modern.glb,4001d9f52501b4af107f34bd4e34082e1b6a20692bcbb7c823e1494d3fc124b8,contact-sheet-preview,legacy/legacy-03.jpg,9,already-outside-production-catalog,Rigid ellipsoidal shell; already excluded before this change. Not the runtime-generated wardrobe.
legacy-0160-outfit-kimono-traditional,existing-glb,public/assets/3d/outfits/outfit_kimono_traditional.glb,3d0410d04517d5ab1a4f3c142fe75db73c0558f191b162b1e961f6c52826e266,contact-sheet-preview,legacy/legacy-03.jpg,10,already-outside-production-catalog,Rigid ellipsoidal shell; already excluded before this change. Not the runtime-generated wardrobe.
legacy-0161-outfit-pants,existing-glb,public/assets/3d/outfits/outfit_pants.glb,66ac4d34c3aee9281354dc16428f7b194812664845f81aeed76c3153183cff75,contact-sheet-preview,legacy/legacy-03.jpg,11,already-outside-production-catalog,Rigid ellipsoidal shell; already excluded before this change. Not the runtime-generated wardrobe.
legacy-0162-outfit-punk-jacket,existing-glb,public/assets/3d/outfits/outfit_punk_jacket.glb,82c509926d4f089d72e2a9f6c6b21e4a6df401a21e1bcc4a0cc26db2828a2224,contact-sheet-preview,legacy/legacy-03.jpg,12,already-outside-production-catalog,Rigid ellipsoidal shell; already excluded before this change. Not the runtime-generated wardrobe.
legacy-0163-outfit-sailor,existing-glb,public/assets/3d/outfits/outfit_sailor.glb,74a517a7293eed1443b437b50fdb59df29c5c9def2200d881ab299d43759d37d,contact-sheet-preview,legacy/legacy-03.jpg,13,already-outside-production-catalog,Rigid ellipsoidal shell; already excluded before this change. Not the runtime-generated wardrobe.
legacy-0164-outfit-scrubpants,existing-glb,public/assets/3d/outfits/outfit_scrubpants.glb,44e7cbf7ec9ec6a182f57027277458a2396ef89ada175826a18eb6b5f0830f1b,contact-sheet-preview,legacy/legacy-03.jpg,14,already-outside-production-catalog,Rigid ellipsoidal shell; already excluded before this change. Not the runtime-generated wardrobe.
legacy-0165-outfit-scrubs,existing-glb,public/assets/3d/outfits/outfit_scrubs.glb,0010d15af511d8ad88ba5f8314534d04d8bbd615496cc3f58a982fe1dfc32672,contact-sheet-preview,legacy/legacy-03.jpg,15,already-outside-production-catalog,Rigid ellipsoidal shell; already excluded before this change. Not the runtime-generated wardrobe.
legacy-0166-outfit-shorts,existing-glb,public/assets/3d/outfits/outfit_shorts.glb,a799e4881044816cfa354c92d3e4f1068684f847450b8c53c336bb351c04152b,contact-sheet-preview,legacy/legacy-03.jpg,16,already-outside-production-catalog,Rigid ellipsoidal shell; already excluded before this change. Not the runtime-generated wardrobe.
legacy-0167-outfit-space-suit,existing-glb,public/assets/3d/outfits/outfit_space_suit.glb,520494cb87e01dbf319fa3f3956d44891455fe11716fbcad84a07c9b965dd8fe,contact-sheet-preview,legacy/legacy-03.jpg,17,already-outside-production-catalog,Rigid ellipsoidal shell; already excluded before this change. Not the runtime-generated wardrobe.
legacy-0168-outfit-tactical-vest,existing-glb,public/assets/3d/outfits/outfit_tactical_vest.glb,6a1afcf946eb5dcc0a6531a17d927f8aa4aad00b481b3e78b502aa24d7427065,contact-sheet-preview,legacy/legacy-03.jpg,18,already-outside-production-catalog,Rigid ellipsoidal shell; already excluded before this change. Not the runtime-generated wardrobe.
legacy-0169-outfit-tank,existing-glb,public/assets/3d/outfits/outfit_tank.glb,69fe780f761ab8592bd8f89e56095721e116ab4f9de36770cd638118e279a9bd,contact-sheet-preview,legacy/legacy-03.jpg,19,already-outside-production-catalog,Rigid ellipsoidal shell; already excluded before this change. Not the runtime-generated wardrobe.
legacy-0170-outfit-trenchcoat,existing-glb,public/assets/3d/outfits/outfit_trenchcoat.glb,c6cf5cffedea7704a61d8414d2079a26c2e132b3b549ea57ac2bac93d8678d3a,contact-sheet-preview,legacy/legacy-03.jpg,20,already-outside-production-catalog,Rigid ellipsoidal shell; already excluded before this change. Not the runtime-generated wardrobe.
legacy-0171-outfit-tshirt,existing-glb,public/assets/3d/outfits/outfit_tshirt.glb,327b56e946a1e32a874d09d748365412fb1acedf5c37b52bd4f5bb27b42ce50d,contact-sheet-preview,legacy/legacy-03.jpg,21,already-outside-production-catalog,Rigid ellipsoidal shell; already excluded before this change. Not the runtime-generated wardrobe.
legacy-0172-outfit-wide,existing-glb,public/assets/3d/outfits/outfit_wide.glb,5166a1f049103d0caf1d18ce8eefb291df1423266cc329afaa47c529ba2687fa,contact-sheet-preview,legacy/legacy-03.jpg,22,already-outside-production-catalog,Rigid ellipsoidal shell; already excluded before this change. Not the runtime-generated wardrobe.
legacy-0173-paper-lantern,existing-glb,public/assets/3d/paper_lantern.glb,bd6888b6b84496c7f0768ccf0560f80e40bd4d8de5a6cae15562c0a59e95c237,contact-sheet-preview,legacy/legacy-03.jpg,23,keep-preview-reviewed,No selection-blocking visual defect identified at the inspected preview scale.
legacy-0174-potted-monstera,existing-glb,public/assets/3d/potted_monstera.glb,e9661547646c95b248182e72fab0176ef91d50584369cbf0f14e74bf93fa2c5b,contact-sheet-preview,legacy/legacy-03.jpg,24,keep-preview-reviewed,No selection-blocking visual defect identified at the inspected preview scale.
legacy-0175-ramen-bowl,existing-glb,public/assets/3d/ramen_bowl.glb,718f099e8074cdeda9dbb8e37cda42fea80a8d72a06e6c39b7720bb45112738f,contact-sheet-preview,legacy/legacy-04.jpg,1,keep-preview-reviewed,No selection-blocking visual defect identified at the inspected preview scale.
legacy-0176-robot-pet,existing-glb,public/assets/3d/robot_pet.glb,dfe78e1cd18aa4b893c49cf69039b253907ce4500f8f5f62d6dea39eebca2b0e,contact-sheet-preview,legacy/legacy-04.jpg,2,keep-preview-reviewed,No selection-blocking visual defect identified at the inspected preview scale.
legacy-0177-round-table,existing-glb,public/assets/3d/round_table.glb,b47bcd5b756c43872841249d0b40c7f3ba575ca408693cc6f832cc151acd3d56,contact-sheet-preview,legacy/legacy-04.jpg,3,keep-preview-reviewed,No selection-blocking visual defect identified at the inspected preview scale.
legacy-0178-royal-throne,existing-glb,public/assets/3d/royal_throne.glb,4e6238efd4049e2072c29b0dff0c1abf68a093561e2b40a65df5815ec55a46ae,contact-sheet-preview,legacy/legacy-04.jpg,4,keep-preview-reviewed,No selection-blocking visual defect identified at the inspected preview scale.
legacy-0179-school-desk,existing-glb,public/assets/3d/school_desk.glb,cda558038b0a6517c1d4601b885e5addd9fe594cde27a5e505a620f8bdbfa103,contact-sheet-preview,legacy/legacy-04.jpg,5,keep-preview-reviewed,No selection-blocking visual defect identified at the inspected preview scale.
legacy-0180-scifi-drone-bot,existing-glb,public/assets/3d/scifi_drone_bot.glb,ca3498de7414a1c3f06734bb592aee58e02db258549f1ad226d71f305cd8d90d,contact-sheet-preview,legacy/legacy-04.jpg,6,keep-preview-reviewed,No selection-blocking visual defect identified at the inspected preview scale.
legacy-0181-scifi-laser-gun,existing-glb,public/assets/3d/scifi_laser_gun.glb,121044d6a3fdda5a7673a6ee491f3f830ebc4f9e14ee8092d193ea190c93aab7,contact-sheet-preview,legacy/legacy-04.jpg,7,keep-preview-reviewed,No selection-blocking visual defect identified at the inspected preview scale.
legacy-0182-sofa,existing-glb,public/assets/3d/sofa.glb,c3486a5830525c32a8ed68c83a0432f900c0f71ec0c44babf56ac09aa126d3b3,contact-sheet-preview,legacy/legacy-04.jpg,8,keep-preview-reviewed,No selection-blocking visual defect identified at the inspected preview scale.
legacy-0183-steampunk-airship,existing-glb,public/assets/3d/steampunk_airship.glb,227a383fd8bfe16bcdddb9b0dee575d9d76e16a54009f10470c8fc341cb89251,contact-sheet-preview,legacy/legacy-04.jpg,9,keep-preview-reviewed,No selection-blocking visual defect identified at the inspected preview scale.
legacy-0184-street-food-cart,existing-glb,public/assets/3d/street_food_cart.glb,bf9e7a6c8d2ca9a1c485e8d30bf2093b8397c268434a1573322425bea7ff35c2,contact-sheet-preview,legacy/legacy-04.jpg,10,keep-preview-reviewed,No selection-blocking visual defect identified at the inspected preview scale.
legacy-0185-street-lamp,existing-glb,public/assets/3d/street_lamp.glb,6cc67354c4fd0b9bba249a6e17a5bbae6d35748f8d32963f233fc4f9eb9b9ec8,contact-sheet-preview,legacy/legacy-04.jpg,11,keep-preview-reviewed,No selection-blocking visual defect identified at the inspected preview scale.
legacy-0186-tactical-helmet,existing-glb,public/assets/3d/tactical_helmet.glb,0d6c18ac2094615dc5019ea682dcf8e227062fa468269810a447702e08d4513b,contact-sheet-preview,legacy/legacy-04.jpg,12,keep-preview-reviewed,No selection-blocking visual defect identified at the inspected preview scale.
legacy-0187-tea-set,existing-glb,public/assets/3d/tea_set.glb,b4985242409103ae7ce3d8b396c086afa2c2dc746cb5f8f872fe3b6bcb7902a3,contact-sheet-preview,legacy/legacy-04.jpg,13,keep-preview-reviewed,No selection-blocking visual defect identified at the inspected preview scale.
legacy-0188-traffic-light,existing-glb,public/assets/3d/traffic_light.glb,2bd83cc4dab2e0ec074d3ab3b68f7ea383f16b3b5c75c708bbd768be95c082f7,contact-sheet-preview,legacy/legacy-04.jpg,14,keep-preview-reviewed,No selection-blocking visual defect identified at the inspected preview scale.
legacy-0189-vending-machine,existing-glb,public/assets/3d/vending_machine.glb,c260eec10e331561a48dd49163d3d3f8f6e6a3235e485009b86e76a07f178a9e,contact-sheet-preview,legacy/legacy-04.jpg,15,keep-preview-reviewed,No selection-blocking visual defect identified at the inspected preview scale.
legacy-0190-wishing-well,existing-glb,public/assets/3d/wishing_well.glb,164a2261fe50cb708bb7edcca5bf4c418653953be59df4ffc9ff9e421420bb65,contact-sheet-preview,legacy/legacy-04.jpg,16,keep-preview-reviewed,No selection-blocking visual defect identified at the inspected preview scale.
legacy-0191-wizard-hat,existing-glb,public/assets/3d/wizard_hat.glb,bd1435bddd4da7495d377f3a490c44eb064df21bfda607f3418b02ac571f729e,contact-sheet-preview,legacy/legacy-04.jpg,17,keep-preview-reviewed,No selection-blocking visual defect identified at the inspected preview scale.
original-adjustable-desk-lamp,original-svg,studio-original-free-asset-packs.ts:original-adjustable-desk-lamp,237e3cbd24f140ba022c2212e53d072f4d5e40ab33af5bae29c31e34a33e5fb2,contact-sheet-preview,legacy/legacy-04.jpg,18,keep-preview-reviewed,No selection-blocking visual defect identified at the inspected preview scale.
original-adventure-map,original-svg,studio-original-free-asset-packs.ts:original-adventure-map,f1ae218bfe27ae612fe7c4dd31e0b3bb8b6d21c94fd883cdeaa8f945bfc35394,contact-sheet-preview,legacy/legacy-04.jpg,19,keep-preview-reviewed,No selection-blocking visual defect identified at the inspected preview scale.
original-arcane-gateway,original-svg,studio-original-free-asset-packs.ts:original-arcane-gateway,8d0d74b563844fe1d03c4b6a3c9bf1556b92bfa5367a94d3850eb889aefd3bef,contact-sheet-preview,legacy/legacy-04.jpg,20,keep-preview-reviewed,No selection-blocking visual defect identified at the inspected preview scale.
original-autumn-leaves,original-svg,studio-original-free-asset-packs.ts:original-autumn-leaves,7a330b9942e4f0fba06758524ee5f6cc45c9c7300d28e40b0122352ee53465d1,contact-sheet-preview,legacy/legacy-04.jpg,21,keep-preview-reviewed,No selection-blocking visual defect identified at the inspected preview scale.
original-cafe-tray-set,original-svg,studio-original-free-asset-packs.ts:original-cafe-tray-set,2d3cf89c1ce9e97454c3ee293e9ed28faf3ab912d00df0ee1880cbda41039425,contact-sheet-preview,legacy/legacy-04.jpg,22,keep-preview-reviewed,No selection-blocking visual defect identified at the inspected preview scale.
original-cafe-window-corner,original-svg,studio-original-free-asset-packs.ts:original-cafe-window-corner,c88929f11673b292488fdb85107f67989bb737c424ceb8025f742f55a0fa67d0,contact-sheet-preview,legacy/legacy-04.jpg,23,previously-retired-blockout,Existing eight-background retirement is preserved; not counted as a new removal.
original-city-bicycle,original-svg,studio-original-free-asset-packs.ts:original-city-bicycle,4456ed016fdf1065510f8a2efe499c8b2359adce113f3ac22e8c4899f71f81a1,contact-sheet-preview,legacy/legacy-04.jpg,24,keep-preview-reviewed,No selection-blocking visual defect identified at the inspected preview scale.
original-clinic-waiting-room,original-svg,studio-original-free-asset-packs.ts:original-clinic-waiting-room,85e64e3bdc42c368116ecae4baa2349ae8cebacbd2e7eb917be33527f52cf1ff,contact-sheet-preview,legacy/legacy-05.jpg,1,previously-retired-blockout,Existing eight-background retirement is preserved; not counted as a new removal.
original-compact-studio-room,original-svg,studio-original-free-asset-packs.ts:original-compact-studio-room,a92b57b047f8b6b5755813e29f0f0fc962ed242c7166130c4d6163b34e694818,contact-sheet-preview,legacy/legacy-05.jpg,2,previously-retired-blockout,Existing eight-background retirement is preserved; not counted as a new removal.
original-convenience-counter,original-svg,studio-original-free-asset-packs.ts:original-convenience-counter,938e12c132597655a53cccc9bff4ec1fd1c07192b0b58b8872ef1db699f0a401,contact-sheet-preview,legacy/legacy-05.jpg,3,previously-retired-blockout,Existing eight-background retirement is preserved; not counted as a new removal.
original-crystal-cluster,original-svg,studio-original-free-asset-packs.ts:original-crystal-cluster,2f88db82a15acb5cee98399b0c80efbdab77700fd7cd1f90546c44e370d9baa3,contact-sheet-preview,legacy/legacy-05.jpg,4,keep-preview-reviewed,No selection-blocking visual defect identified at the inspected preview scale.
original-delivery-box-stack,original-svg,studio-original-free-asset-packs.ts:original-delivery-box-stack,eaed63391815f4280e6886304685ab7128b0b039112aa316464b9df0a8a2b4d6,contact-sheet-preview,legacy/legacy-05.jpg,5,keep-preview-reviewed,No selection-blocking visual defect identified at the inspected preview scale.
original-energy-core,original-svg,studio-original-free-asset-packs.ts:original-energy-core,4183e659d6d2da1c0232458cd149ac446f34bf38669587c76425f649145ac459,contact-sheet-preview,legacy/legacy-05.jpg,6,keep-preview-reviewed,No selection-blocking visual defect identified at the inspected preview scale.
original-folding-umbrella,original-svg,studio-original-free-asset-packs.ts:original-folding-umbrella,d0434939f3ad642ff221ef0a3ac6dcc50abcad0f2e15a05870ba84abede180f2,contact-sheet-preview,legacy/legacy-05.jpg,7,keep-preview-reviewed,No selection-blocking visual defect identified at the inspected preview scale.
original-golden-dust,original-svg,studio-original-free-asset-packs.ts:original-golden-dust,b0012b399d3902abb804e727dbbad031a9497832f751ae2c277e96cda594540e,contact-sheet-preview,legacy/legacy-05.jpg,8,hide-from-new-selection,Repeated particle coordinates form obvious diagonal streaks rather than dispersed dust.
original-hologram-dashboard,original-svg,studio-original-free-asset-packs.ts:original-hologram-dashboard,731809a5ff8e018d452f909ebcb41fc2e830340480549b7759feb9f8333e3703,contact-sheet-preview,legacy/legacy-05.jpg,9,keep-preview-reviewed,No selection-blocking visual defect identified at the inspected preview scale.
original-indoor-planter,original-svg,studio-original-free-asset-packs.ts:original-indoor-planter,05b7039170659b6aaee8788353615893d8ea25a0c9ed6bba912d9e87bd9d0c62,contact-sheet-preview,legacy/legacy-05.jpg,10,keep-preview-reviewed,No selection-blocking visual defect identified at the inspected preview scale.
original-layered-fog-overlay,original-svg,studio-original-free-asset-packs.ts:original-layered-fog-overlay,e948b68954a2433f0305d70a5665ba6b526aa6dce4acd1b6e5edae1bc3911715,contact-sheet-preview,legacy/legacy-05.jpg,11,keep-preview-reviewed,No selection-blocking visual defect identified at the inspected preview scale.
original-night-bokeh,original-svg,studio-original-free-asset-packs.ts:original-night-bokeh,1d9bdd84b6a68c97864b21b33538728e587f2ce604e49315c84a0c8085b3bb9a,contact-sheet-preview,legacy/legacy-05.jpg,12,hide-from-new-selection,Overlapping bokeh circles collapse into a diagonal chain with a flat overlay.
original-phone-earbuds,original-svg,studio-original-free-asset-packs.ts:original-phone-earbuds,28929047ba5a75e8f5684d1af72b93f437ab92aff445e9e222a5dc64065c66e6,contact-sheet-preview,legacy/legacy-05.jpg,13,keep-preview-reviewed,No selection-blocking visual defect identified at the inspected preview scale.
original-potion-shelf,original-svg,studio-original-free-asset-packs.ts:original-potion-shelf,6beb546e3da560a7849bbda6c216672d2220efedbd8cad254848f135149599b7,contact-sheet-preview,legacy/legacy-05.jpg,14,keep-preview-reviewed,No selection-blocking visual defect identified at the inspected preview scale.
original-rain-pane-overlay,original-svg,studio-original-free-asset-packs.ts:original-rain-pane-overlay,453e5628e8b1891c6196c3709ab8095d7e61a1385a1910c6391d9bf8ca952385,contact-sheet-preview,legacy/legacy-05.jpg,15,keep-preview-reviewed,No selection-blocking visual defect identified at the inspected preview scale.
original-rooftop-greenhouse,original-svg,studio-original-free-asset-packs.ts:original-rooftop-greenhouse,a776a06670553d79c0c7aabaada123284dec112b9371e7ee09e7ec2fb7bfb47d,contact-sheet-preview,legacy/legacy-05.jpg,16,previously-retired-blockout,Existing eight-background retirement is preserved; not counted as a new removal.
original-school-backpack,original-svg,studio-original-free-asset-packs.ts:original-school-backpack,c00bc18bd3eec827f3ce797f20adc9d729abf7d788950937f54b1f46a7501aa4,contact-sheet-preview,legacy/legacy-05.jpg,17,keep-preview-reviewed,No selection-blocking visual defect identified at the inspected preview scale.
original-sci-fi-airlock,original-svg,studio-original-free-asset-packs.ts:original-sci-fi-airlock,f2619845ab6e33644928a47f0b8d6f226286a86fd203b3c5882f8e45f587048c,contact-sheet-preview,legacy/legacy-05.jpg,18,keep-preview-reviewed,No selection-blocking visual defect identified at the inspected preview scale.
original-small-meeting-room,original-svg,studio-original-free-asset-packs.ts:original-small-meeting-room,343199deaaca4d43c8e928c92dea5902480193787d8ec51a1e5e78765ea8f310,contact-sheet-preview,legacy/legacy-05.jpg,19,previously-retired-blockout,Existing eight-background retirement is preserved; not counted as a new removal.
original-small-treasure-chest,original-svg,studio-original-free-asset-packs.ts:original-small-treasure-chest,0b5a652397518eacd1b61a27ee84199247740b55c8fcb12b930f59e595adc4f0,contact-sheet-preview,legacy/legacy-05.jpg,20,keep-preview-reviewed,No selection-blocking visual defect identified at the inspected preview scale.
original-soft-snow-overlay,original-svg,studio-original-free-asset-packs.ts:original-soft-snow-overlay,2cfdc2f7fa415951e05fa28094ce3ea6a1727d413e76f3dff3fc3040d3e84548,contact-sheet-preview,legacy/legacy-05.jpg,21,hide-from-new-selection,Nearly overlapping snow particles collapse into a sparse diagonal band.
original-spring-petals,original-svg,studio-original-free-asset-packs.ts:original-spring-petals,b59d36c62c72ec8b286984f115e0214f57e1470b6402b5ef422e38542103ea70,contact-sheet-preview,legacy/legacy-05.jpg,22,keep-preview-reviewed,No selection-blocking visual defect identified at the inspected preview scale.
original-subway-platform,original-svg,studio-original-free-asset-packs.ts:original-subway-platform,263824e115fa4b19a2e3612ba3f5e558e3d598b07fa9ec7e95fe2a6ab0e93ad6,contact-sheet-preview,legacy/legacy-05.jpg,23,previously-retired-blockout,Existing eight-background retirement is preserved; not counted as a new removal.
original-sunlit-classroom,original-svg,studio-original-free-asset-packs.ts:original-sunlit-classroom,03933a9574900ea4272e0f1384ffbb4ac03a0ecd60d58c58d6193e34a4462fc3,contact-sheet-preview,legacy/legacy-05.jpg,24,previously-retired-blockout,Existing eight-background retirement is preserved; not counted as a new removal.
original-window-sun-rays,original-svg,studio-original-free-asset-packs.ts:original-window-sun-rays,f552f7133cf7f03fcd389ad48259dd258d790b4c9e2c6474f6d00a6e310f98a9,contact-sheet-preview,legacy/legacy-06.jpg,1,keep-preview-reviewed,No selection-blocking visual defect identified at the inspected preview scale.
alicia,existing-raster,public/assets/3d/characters/thumbnails/alicia.png,a345ec4f45626cbcea9645e5b0dfc960a44c2539e954a0dfba7d4380195286a6,contact-sheet-preview,legacy/legacy-06.jpg,2,keep-preview-reviewed,No selection-blocking visual defect identified at the inspected preview scale.
anna,existing-raster,public/assets/3d/characters/thumbnails/anna.png,da6769b2613bcf3ce0b88efe55678f1347c5dbad42dbdbe4e608e503228bde81,contact-sheet-preview,legacy/legacy-06.jpg,3,keep-preview-reviewed,No selection-blocking visual defect identified at the inspected preview scale.
astronaut,existing-raster,public/assets/3d/characters/thumbnails/astronaut.png,c12b6f22dda9df418e0504582f389c253bc5981b44ca7275c3433f0e7cc4df13,contact-sheet-preview,legacy/legacy-06.jpg,4,keep-preview-reviewed,No selection-blocking visual defect identified at the inspected preview scale.
avatar-a,existing-raster,public/assets/3d/characters/thumbnails/avatar-a.png,4dd1b22a262278d38a8e3d89d90c8284857680bb4078bb70ca91c6a14a0cd876,contact-sheet-preview,legacy/legacy-06.jpg,5,keep-preview-reviewed,No selection-blocking visual defect identified at the inspected preview scale.
avatar-b,existing-raster,public/assets/3d/characters/thumbnails/avatar-b.png,b5ae014e068e5a2af9eb62307d5413ee7d10c7dfa2d8bed35d34ae3ab3f3b77c,contact-sheet-preview,legacy/legacy-06.jpg,6,keep-preview-reviewed,No selection-blocking visual defect identified at the inspected preview scale.
avatar-c,existing-raster,public/assets/3d/characters/thumbnails/avatar-c.png,19c38ee05ca6a8b706cb31cb68c923a12d242b5c8032e0f00ea14b9a5038e6b3,contact-sheet-preview,legacy/legacy-06.jpg,7,keep-preview-reviewed,No selection-blocking visual defect identified at the inspected preview scale.
avocado,existing-raster,public/assets/3d/characters/thumbnails/avocado.png,9ca629b3903d8ccf1856b6fc75e08e8a1f478d8c0ec12d14aa89c1049e513b95,contact-sheet-preview,legacy/legacy-06.jpg,8,keep-preview-reviewed,No selection-blocking visual defect identified at the inspected preview scale.
bad-bot,existing-raster,public/assets/3d/characters/thumbnails/bad-bot.png,43b3c44073c030d6034795cac15aa53f28eaf3fd4b96a27d74f9e41da9953fa5,contact-sheet-preview,legacy/legacy-06.jpg,9,keep-preview-reviewed,No selection-blocking visual defect identified at the inspected preview scale.
bao-samurai,existing-raster,public/assets/3d/characters/thumbnails/bao-samurai.png,846da9df31d322d916a0b0a22955a732c522f6b17420b230c6de27791944b3ed,contact-sheet-preview,legacy/legacy-06.jpg,10,keep-preview-reviewed,No selection-blocking visual defect identified at the inspected preview scale.
bloody,existing-raster,public/assets/3d/characters/thumbnails/bloody.png,2ac63f8514097458340de24c30d56f71a8ad24efa1564b79d68c64741faacdf3,contact-sheet-preview,legacy/legacy-06.jpg,11,keep-preview-reviewed,No selection-blocking visual defect identified at the inspected preview scale.
blue-pixie,existing-raster,public/assets/3d/characters/thumbnails/blue-pixie.png,927af4578dd985739e962485e7354d74524505134d35cd17b3e9e022ea224ba2,contact-sheet-preview,legacy/legacy-06.jpg,12,keep-preview-reviewed,No selection-blocking visual defect identified at the inspected preview scale.
bot-bunny,existing-raster,public/assets/3d/characters/thumbnails/bot-bunny.png,07014355da6d017972c9321b0e199de37100c70d85c592e4687035fc99a798f6,contact-sheet-preview,legacy/legacy-06.jpg,13,keep-preview-reviewed,No selection-blocking visual defect identified at the inspected preview scale.
chill-palm,existing-raster,public/assets/3d/characters/thumbnails/chill-palm.png,858097743aba9787a14b9d1afce512fc48cd0688e11101540a19f75a96619e0a,contact-sheet-preview,legacy/legacy-06.jpg,14,keep-preview-reviewed,No selection-blocking visual defect identified at the inspected preview scale.
chill-penguin,existing-raster,public/assets/3d/characters/thumbnails/chill-penguin.png,e382653e081244e991f414de4b4f0dab04012386035341d961ac5569e476401c,contact-sheet-preview,legacy/legacy-06.jpg,15,keep-preview-reviewed,No selection-blocking visual defect identified at the inspected preview scale.
clown,existing-raster,public/assets/3d/characters/thumbnails/clown.png,b6dc9f77d35c799adda228c10d32c0c72f17880a00a4fa4db0274b63f1914298,contact-sheet-preview,legacy/legacy-06.jpg,16,keep-preview-reviewed,No selection-blocking visual defect identified at the inspected preview scale.
cool-alien,existing-raster,public/assets/3d/characters/thumbnails/cool-alien.png,f656e0944442186353ac9b1585ff9062f36408a5f124b49c549d9e997b9c8822,contact-sheet-preview,legacy/legacy-06.jpg,17,keep-preview-reviewed,No selection-blocking visual defect identified at the inspected preview scale.
cool-pirate,existing-raster,public/assets/3d/characters/thumbnails/cool-pirate.png,4b5cca22fd50c2b9a968947c8048ee0b4ef004898ae070f35e46526a046cbe20,contact-sheet-preview,legacy/legacy-06.jpg,18,keep-preview-reviewed,No selection-blocking visual defect identified at the inspected preview scale.
cool-pizza,existing-raster,public/assets/3d/characters/thumbnails/cool-pizza.png,e80976dc21db2fd288060a08488736c6f1caa5deca658e62f2a26d64952ed178,contact-sheet-preview,legacy/legacy-06.jpg,19,keep-preview-reviewed,No selection-blocking visual defect identified at the inspected preview scale.
cool-ramen,existing-raster,public/assets/3d/characters/thumbnails/cool-ramen.png,f5e5caec350cd785a3b22a3b3e1f33dc0a42b341bfa08406c80e3a0e4fb49b08,contact-sheet-preview,legacy/legacy-06.jpg,20,keep-preview-reviewed,No selection-blocking visual defect identified at the inspected preview scale.
cool-taco,existing-raster,public/assets/3d/characters/thumbnails/cool-taco.png,a6c4d4e5f7ffb4039e8e56d8c422b8821435b43b4e1a0f7307f73d7b61b205dd,contact-sheet-preview,legacy/legacy-06.jpg,21,keep-preview-reviewed,No selection-blocking visual defect identified at the inspected preview scale.
cool-tiger,existing-raster,public/assets/3d/characters/thumbnails/cool-tiger.png,617cb1b924e1097944978335dae62e48f07b7f054557b57bf0d3415de51d1c68,contact-sheet-preview,legacy/legacy-06.jpg,22,keep-preview-reviewed,No selection-blocking visual defect identified at the inspected preview scale.
cool-turtle,existing-raster,public/assets/3d/characters/thumbnails/cool-turtle.png,be4f2c9199c0d3540c017f3a6300b6143bc46d137bcc3e5837a8185ce04df04c,contact-sheet-preview,legacy/legacy-06.jpg,23,keep-preview-reviewed,No selection-blocking visual defect identified at the inspected preview scale.
coolbanana,existing-raster,public/assets/3d/characters/thumbnails/coolbanana.png,8574c0ea75905026f7bd8f38fd62c09b4cbec175b7e2dd1c1884f2afdf2c3259,contact-sheet-preview,legacy/legacy-06.jpg,24,keep-preview-reviewed,No selection-blocking visual defect identified at the inspected preview scale.
cosmic-bot,existing-raster,public/assets/3d/characters/thumbnails/cosmic-bot.png,687a51ca6367b9c04acff2918fe19baebffc33774d52c820798be9490f322088,contact-sheet-preview,legacy/legacy-07.jpg,1,keep-preview-reviewed,No selection-blocking visual defect identified at the inspected preview scale.
cosmic-dweller,existing-raster,public/assets/3d/characters/thumbnails/cosmic-dweller.png,0c6930bf1df3a1dd2b1623d628a9d931ea40a4d5467a24a1111547300f409cb6,contact-sheet-preview,legacy/legacy-07.jpg,2,keep-preview-reviewed,No selection-blocking visual defect identified at the inspected preview scale.
crowley,existing-raster,public/assets/3d/characters/thumbnails/crowley.png,a416a54f2270a82b7b5c5b8a3dae10614e8ad54045cac67e5962500d29c0df98,contact-sheet-preview,legacy/legacy-07.jpg,3,keep-preview-reviewed,No selection-blocking visual defect identified at the inspected preview scale.
cryptovoxel,existing-raster,public/assets/3d/characters/thumbnails/cryptovoxel.png,8364e3f22e18da217a5d8232359578168f16e3970f756b1a36712cc0aeb765d0,contact-sheet-preview,legacy/legacy-07.jpg,4,keep-preview-reviewed,No selection-blocking visual defect identified at the inspected preview scale.
cute-saurus,existing-raster,public/assets/3d/characters/thumbnails/cute-saurus.png,9fbe525c5996d949994e27ca8046140b343b0e35f04503e32844eabb311e7780,contact-sheet-preview,legacy/legacy-07.jpg,5,keep-preview-reviewed,No selection-blocking visual defect identified at the inspected preview scale.
cyberpal,existing-raster,public/assets/3d/characters/thumbnails/cyberpal.png,9ab45aa62d4732f7cefa0285120d5d8cb45c06e8686a587bb87150526e6a2a8e,contact-sheet-preview,legacy/legacy-07.jpg,6,keep-preview-reviewed,No selection-blocking visual defect identified at the inspected preview scale.
devil,existing-raster,public/assets/3d/characters/thumbnails/devil.png,5a542d1a65e29d1b361cb03fa8f383be62b855d48cd6fef29087bece22664302,contact-sheet-preview,legacy/legacy-07.jpg,7,keep-preview-reviewed,No selection-blocking visual defect identified at the inspected preview scale.
dino-kid,existing-raster,public/assets/3d/characters/thumbnails/dino-kid.png,4503479db8a36652432e59780c28b27dc2d0143e518cff7cd9c198c84d5d4f4f,contact-sheet-preview,legacy/legacy-07.jpg,8,keep-preview-reviewed,No selection-blocking visual defect identified at the inspected preview scale.
dracula,existing-raster,public/assets/3d/characters/thumbnails/dracula.png,85d5a7cce14a262404bf0b4ceec26f4f5dfe83fb64dbe83c66bffefb940ed99e,contact-sheet-preview,legacy/legacy-07.jpg,9,keep-preview-reviewed,No selection-blocking visual defect identified at the inspected preview scale.
eggplant,existing-raster,public/assets/3d/characters/thumbnails/eggplant.png,0cb562d5318b25e2d1f76e7df74845518a25e103874b92f1bcae770622ad32c0,contact-sheet-preview,legacy/legacy-07.jpg,10,keep-preview-reviewed,No selection-blocking visual defect identified at the inspected preview scale.
erika,existing-raster,public/assets/3d/characters/thumbnails/erika.png,77f8b782c0224c67b5cad7a2d0fa1ee5c397a89e5eb7c439f10790d046f735a7,contact-sheet-preview,legacy/legacy-07.jpg,11,keep-preview-reviewed,No selection-blocking visual defect identified at the inspected preview scale.
eugenia,existing-raster,public/assets/3d/characters/thumbnails/eugenia.png,7b662cfdf95ee388b243110438577cfc765452e09ec24a61a3ca54ab463d5bde,contact-sheet-preview,legacy/legacy-07.jpg,12,keep-preview-reviewed,No selection-blocking visual defect identified at the inspected preview scale.
eye-wizard,existing-raster,public/assets/3d/characters/thumbnails/eye-wizard.png,bb6d29f4e6f5da4082b01b29783d3b14103c5919e03fe244d052ff5dea3777f6,contact-sheet-preview,legacy/legacy-07.jpg,13,keep-preview-reviewed,No selection-blocking visual defect identified at the inspected preview scale.
froggy,existing-raster,public/assets/3d/characters/thumbnails/froggy.png,6405fe2da6d6d636d0f0e9024a6884c709c4945ee8ed73f33fc23324ad4bea1e,contact-sheet-preview,legacy/legacy-07.jpg,14,keep-preview-reviewed,No selection-blocking visual defect identified at the inspected preview scale.
fumi,existing-raster,public/assets/3d/characters/thumbnails/fumi.png,c71787068036dc1f8f4474cce0d8c7842e8d49e222cec067c154b61e9f6c79db,contact-sheet-preview,legacy/legacy-07.jpg,15,keep-preview-reviewed,No selection-blocking visual defect identified at the inspected preview scale.
good-knight,existing-raster,public/assets/3d/characters/thumbnails/good-knight.png,61966fa251f78036b8cc7315a2ab18474d9086596101728c59a941aa7afe2d1a,contact-sheet-preview,legacy/legacy-07.jpg,16,keep-preview-reviewed,No selection-blocking visual defect identified at the inspected preview scale.
ice-cream,existing-raster,public/assets/3d/characters/thumbnails/ice-cream.png,559668dda0b13c92115b4d1e52148f2c2ed42a6c0d131e76a94d8e5b996fb296,contact-sheet-preview,legacy/legacy-07.jpg,17,keep-preview-reviewed,No selection-blocking visual defect identified at the inspected preview scale.
jennifer,existing-raster,public/assets/3d/characters/thumbnails/jennifer.png,28030359235fc92ff69239627b451483a4bb98ce370619a9ae8d60084275f37c,contact-sheet-preview,legacy/legacy-07.jpg,18,keep-preview-reviewed,No selection-blocking visual defect identified at the inspected preview scale.
jimmy,existing-raster,public/assets/3d/characters/thumbnails/jimmy.png,dea25aa26155cd9096a20863920c7b737114bb96c107843f3c0befb61132b5f0,contact-sheet-preview,legacy/legacy-07.jpg,19,keep-preview-reviewed,No selection-blocking visual defect identified at the inspected preview scale.
kage,existing-raster,public/assets/3d/characters/thumbnails/kage.png,fb21ce3c57666042803d613e6874f1c866763ab0605648c9b22b204a4937ed59,contact-sheet-preview,legacy/legacy-07.jpg,20,keep-preview-reviewed,No selection-blocking visual defect identified at the inspected preview scale.
kate,existing-raster,public/assets/3d/characters/thumbnails/kate.png,db1e05da23dc3be01310de441513a1f6355802dff888f8ba9e76e2a1c0efa937,contact-sheet-preview,legacy/legacy-07.jpg,21,keep-preview-reviewed,No selection-blocking visual defect identified at the inspected preview scale.
kiba,existing-raster,public/assets/3d/characters/thumbnails/kiba.png,70bace4a776de0a4805f1c44e3a9174da929342d88351094fc911eb0bec4da5c,contact-sheet-preview,legacy/legacy-07.jpg,22,keep-preview-reviewed,No selection-blocking visual defect identified at the inspected preview scale.
lady-fawn,existing-raster,public/assets/3d/characters/thumbnails/lady-fawn.png,61664d2acb5018191c3bed834b0a898a74f4f60d7882f1d81dc2ff43c3b42851,contact-sheet-preview,legacy/legacy-07.jpg,23,keep-preview-reviewed,No selection-blocking visual defect identified at the inspected preview scale.
lady-koi,existing-raster,public/assets/3d/characters/thumbnails/lady-koi.png,3839805a5475637ff684105150ee19b2a3d96aa927d116774bfaaac11a6d3069,contact-sheet-preview,legacy/legacy-07.jpg,24,keep-preview-reviewed,No selection-blocking visual defect identified at the inspected preview scale.
lalo-bot,existing-raster,public/assets/3d/characters/thumbnails/lalo-bot.png,29ba3e05d1c2e43ec87abdfb6d23a69158f3fc63cce21dff454c42413feca3f8,contact-sheet-preview,legacy/legacy-08.jpg,1,keep-preview-reviewed,No selection-blocking visual defect identified at the inspected preview scale.
lil-ram,existing-raster,public/assets/3d/characters/thumbnails/lil-ram.png,28bab8a49abbb98e6d2bf2b3cf447303701fb508d5f2f8d7cccc65f50ef90520,contact-sheet-preview,legacy/legacy-08.jpg,2,keep-preview-reviewed,No selection-blocking visual defect identified at the inspected preview scale.
mega-angel,existing-raster,public/assets/3d/characters/thumbnails/mega-angel.png,dafe15221ffc1d346e7ce87b62bb62550ffe6e6b27381d8ccbdeed0c19cba43f,contact-sheet-preview,legacy/legacy-08.jpg,3,keep-preview-reviewed,No selection-blocking visual defect identified at the inspected preview scale.
megan-the-fox,existing-raster,public/assets/3d/characters/thumbnails/megan-the-fox.png,3ebf812b5dfabf9f215da008a8a478c54988317baeab0674b996cfe4f1fa92f7,contact-sheet-preview,legacy/legacy-08.jpg,4,keep-preview-reviewed,No selection-blocking visual defect identified at the inspected preview scale.
mio,existing-raster,public/assets/3d/characters/thumbnails/mio.png,032398b8c191fd5309befee60161930381c69a1a88f43fe2649ab28289d66573,contact-sheet-preview,legacy/legacy-08.jpg,5,keep-preview-reviewed,No selection-blocking visual defect identified at the inspected preview scale.
moon-girl,existing-raster,public/assets/3d/characters/thumbnails/moon-girl.png,10033cc1e4f47b30c2c3c3c779f5add8a70ab2a8ae6003c12f8dd0472ff4a59a,contact-sheet-preview,legacy/legacy-08.jpg,6,keep-preview-reviewed,No selection-blocking visual defect identified at the inspected preview scale.
mummy,existing-raster,public/assets/3d/characters/thumbnails/mummy.png,485228bb36a85b73ee78bf1014b8665dd6b5dee0df00569119cd9c7b79f61d29,contact-sheet-preview,legacy/legacy-08.jpg,7,keep-preview-reviewed,No selection-blocking visual defect identified at the inspected preview scale.
mushroom-fairy,existing-raster,public/assets/3d/characters/thumbnails/mushroom-fairy.png,168a583f53c336e502091a0c2a1d01b8bf3f925ffa850047900cb2db6a1f6000,contact-sheet-preview,legacy/legacy-08.jpg,8,keep-preview-reviewed,No selection-blocking visual defect identified at the inspected preview scale.
nightmare,existing-raster,public/assets/3d/characters/thumbnails/nightmare.png,d5833356c1cb94e5ff76dd47103afc91800157d9376c632150169ff44dcd13bc,contact-sheet-preview,legacy/legacy-08.jpg,9,keep-preview-reviewed,No selection-blocking visual defect identified at the inspected preview scale.
noa,existing-raster,public/assets/3d/characters/thumbnails/noa.png,18efcf3405bb3a3efef6208d356210bbb6adc54627d46eadf3f3fe635c77756e,contact-sheet-preview,legacy/legacy-08.jpg,10,keep-preview-reviewed,No selection-blocking visual defect identified at the inspected preview scale.
old-moustache,existing-raster,public/assets/3d/characters/thumbnails/old-moustache.png,7c198cdc252135c83721237a9e76fb4f408a309c3f32d59eacd7ba38582a8f0a,contact-sheet-preview,legacy/legacy-08.jpg,11,keep-preview-reviewed,No selection-blocking visual defect identified at the inspected preview scale.
olivia,existing-raster,public/assets/3d/characters/thumbnails/olivia.png,166fd5e684bf86df9d355c789cd0c966fa24b089dcdce1fe18aed7aa42a6df13,contact-sheet-preview,legacy/legacy-08.jpg,12,keep-preview-reviewed,No selection-blocking visual defect identified at the inspected preview scale.
orion,existing-raster,public/assets/3d/characters/thumbnails/orion.png,b4831cba55ef4a4d62ef4d337a3b9ec12e8d55eddf5d4686a319f19c005680a2,contact-sheet-preview,legacy/legacy-08.jpg,13,keep-preview-reviewed,No selection-blocking visual defect identified at the inspected preview scale.
pirate-bot,existing-raster,public/assets/3d/characters/thumbnails/pirate-bot.png,c8e344cbc698fd864e5a6ad0fd30236920b790da8c03bc816bb82cf89cda5a7b,contact-sheet-preview,legacy/legacy-08.jpg,14,keep-preview-reviewed,No selection-blocking visual defect identified at the inspected preview scale.
polybot,existing-raster,public/assets/3d/characters/thumbnails/polybot.png,368d08d13a640d30fb2fe9b53420d5d33e5076d609d1908647d14282afb553ff,contact-sheet-preview,legacy/legacy-08.jpg,15,keep-preview-reviewed,No selection-blocking visual defect identified at the inspected preview scale.
polydancer,existing-raster,public/assets/3d/characters/thumbnails/polydancer.png,ca80e26d1dc78dd77c0137907f99b63eaa396cc423be3cd4bded9293a7a5c2e1,contact-sheet-preview,legacy/legacy-08.jpg,16,keep-preview-reviewed,No selection-blocking visual defect identified at the inspected preview scale.
pumpkin,existing-raster,public/assets/3d/characters/thumbnails/pumpkin.png,66de9cf412cbc924ee109ffa77048e1b7c7e9e712719a9820d959d0881fb63f8,contact-sheet-preview,legacy/legacy-08.jpg,17,keep-preview-reviewed,No selection-blocking visual defect identified at the inspected preview scale.
pyre-sorcerer,existing-raster,public/assets/3d/characters/thumbnails/pyre-sorcerer.png,2dafe0ac229e987ee0e7915ffc033618638ecf09d9d665ff8f316cd34164505b,contact-sheet-preview,legacy/legacy-08.jpg,18,keep-preview-reviewed,No selection-blocking visual defect identified at the inspected preview scale.
rabbit,existing-raster,public/assets/3d/characters/thumbnails/rabbit.png,d254e6c7acbebd7ada0af33f098e6a7169db5f61359c2b83ef215487c229ef42,contact-sheet-preview,legacy/legacy-08.jpg,19,keep-preview-reviewed,No selection-blocking visual defect identified at the inspected preview scale.
robert,existing-raster,public/assets/3d/characters/thumbnails/robert.png,a31e303100a3a701fa732263eaeb603f7d0007e5d5b6f7b6d9854cdb289d04b8,contact-sheet-preview,legacy/legacy-08.jpg,20,keep-preview-reviewed,No selection-blocking visual defect identified at the inspected preview scale.
rose,existing-raster,public/assets/3d/characters/thumbnails/rose.png,ec8a5677547809e1bb29d5593d8ad0fe9214ff4ba91ec60ac8325e8008b11506,contact-sheet-preview,legacy/legacy-08.jpg,21,keep-preview-reviewed,No selection-blocking visual defect identified at the inspected preview scale.
rubin,existing-raster,public/assets/3d/characters/thumbnails/rubin.png,7803a82a3096b54e96e34b00f4bd408d592814ec6507709f1dbe750b8dcf6592,contact-sheet-preview,legacy/legacy-08.jpg,22,keep-preview-reviewed,No selection-blocking visual defect identified at the inspected preview scale.
sample-vrm,existing-raster,public/assets/3d/characters/thumbnails/sample-vrm.png,62d50c9d23a3f62a835e1d8523524978725cfe2a5a3faae3d0a1a0d8232d66b7,contact-sheet-preview,legacy/legacy-08.jpg,23,keep-preview-reviewed,No selection-blocking visual defect identified at the inspected preview scale.
seedsan,existing-raster,public/assets/3d/characters/thumbnails/seedsan.png,d88e236f1642324214c1b467cfff6118166ab0c9aa8ee2b1377b8ec1111b403a,contact-sheet-preview,legacy/legacy-08.jpg,24,keep-preview-reviewed,No selection-blocking visual defect identified at the inspected preview scale.
shark-person,existing-raster,public/assets/3d/characters/thumbnails/shark-person.png,b2a0cb6048415d7af848fcfda25399ac214a6498fb56d7ffcc5b2cf129e92503,contact-sheet-preview,legacy/legacy-09.jpg,1,keep-preview-reviewed,No selection-blocking visual defect identified at the inspected preview scale.
shino,existing-raster,public/assets/3d/characters/thumbnails/shino.png,cdbd1032b2cdbcc2de8e23594601f3863971a96e410300bff3d1c315db404318,contact-sheet-preview,legacy/legacy-09.jpg,2,keep-preview-reviewed,No selection-blocking visual defect identified at the inspected preview scale.
shion,existing-raster,public/assets/3d/characters/thumbnails/shion.png,a384fddd6e57942bdfe0239ea308e63ed095dd1600007c01676c9cbb2d55f2e9,contact-sheet-preview,legacy/legacy-09.jpg,3,keep-preview-reviewed,No selection-blocking visual defect identified at the inspected preview scale.
skull,existing-raster,public/assets/3d/characters/thumbnails/skull.png,0dec2f6f1b81c5820f291d17c68c3cc0b2c00f9e3a865d0aea8a2e92f0f7e553,contact-sheet-preview,legacy/legacy-09.jpg,4,keep-preview-reviewed,No selection-blocking visual defect identified at the inspected preview scale.
sport-mecha,existing-raster,public/assets/3d/characters/thumbnails/sport-mecha.png,dd4f30e827cce4438dc346104237d3139288f8d45a03bfecb9744face4fafdbe,contact-sheet-preview,legacy/legacy-09.jpg,5,keep-preview-reviewed,No selection-blocking visual defect identified at the inspected preview scale.
stitch-witch,existing-raster,public/assets/3d/characters/thumbnails/stitch-witch.png,986ca13f7c71c91c36e33d4bc6b6b2baa696ef5b709c74919e439ffb2b78cf03,contact-sheet-preview,legacy/legacy-09.jpg,6,keep-preview-reviewed,No selection-blocking visual defect identified at the inspected preview scale.
strawberry-princess,existing-raster,public/assets/3d/characters/thumbnails/strawberry-princess.png,db27f1a916d0e8af8856e3645c8e5ba347af26ae87fc561cf08b0fdc27c0ccb2,contact-sheet-preview,legacy/legacy-09.jpg,7,keep-preview-reviewed,No selection-blocking visual defect identified at the inspected preview scale.
teddy,existing-raster,public/assets/3d/characters/thumbnails/teddy.png,f753c7bab30e51ff6fb78860070469d92750cbf07b35eacf9973eda050356a10,contact-sheet-preview,legacy/legacy-09.jpg,8,keep-preview-reviewed,No selection-blocking visual defect identified at the inspected preview scale.
unicorn-person,existing-raster,public/assets/3d/characters/thumbnails/unicorn-person.png,26b70014585cba5ded9ef7d0773bc0a7e77ad15e45cc78996538ada5f752ed81,contact-sheet-preview,legacy/legacy-09.jpg,9,keep-preview-reviewed,No selection-blocking visual defect identified at the inspected preview scale.
vita,existing-raster,public/assets/3d/characters/thumbnails/vita.png,8e46442227c6c5ec1c4e5b0f777dc059b09b2d4b2f94034a32a6c2815e94cc8b,contact-sheet-preview,legacy/legacy-09.jpg,10,keep-preview-reviewed,No selection-blocking visual defect identified at the inspected preview scale.
vivi,existing-raster,public/assets/3d/characters/thumbnails/vivi.png,0f9878f16a9600bddf9677ea15876971468ad473e1ab3bb7ebaa6b16512ba99b,contact-sheet-preview,legacy/legacy-09.jpg,11,keep-preview-reviewed,No selection-blocking visual defect identified at the inspected preview scale.
weird-cat,existing-raster,public/assets/3d/characters/thumbnails/weird-cat.png,3f2689bbe5bea263f50ad9e1eab63d72c66731bce47e6cb85a7fc3f8d7e21d9c,contact-sheet-preview,legacy/legacy-09.jpg,12,keep-preview-reviewed,No selection-blocking visual defect identified at the inspected preview scale.
witch,existing-raster,public/assets/3d/characters/thumbnails/witch.png,9f13024b49db952d13f2ddd1c163e4adfb64d6137808af61c2af367f3dacef80,contact-sheet-preview,legacy/legacy-09.jpg,13,keep-preview-reviewed,No selection-blocking visual defect identified at the inspected preview scale.
wizzir,existing-raster,public/assets/3d/characters/thumbnails/wizzir.png,b5844dc90d04b766d3290612bef421c2f7256efec99c1fe16699aa88a021d4ea,contact-sheet-preview,legacy/legacy-09.jpg,14,keep-preview-reviewed,No selection-blocking visual defect identified at the inspected preview scale.
wolfman,existing-raster,public/assets/3d/characters/thumbnails/wolfman.png,14671c903971e03b26c08155b39252b5f2d8b6984323a26b06c5cac673b4ea9f,contact-sheet-preview,legacy/legacy-09.jpg,15,keep-preview-reviewed,No selection-blocking visual defect identified at the inspected preview scale.
yeti-dude,existing-raster,public/assets/3d/characters/thumbnails/yeti-dude.png,9ad7bf60b636917b04918dbe99e31e7efad63c0ac5fdfd721a70adb446979641,contact-sheet-preview,legacy/legacy-09.jpg,16,keep-preview-reviewed,No selection-blocking visual defect identified at the inspected preview scale.
zombie,existing-raster,public/assets/3d/characters/thumbnails/zombie.png,1eca7a378408366170318395dcbaba29d8ef9d50a8e66347e6092145cf702fff,contact-sheet-preview,legacy/legacy-09.jpg,17,keep-preview-reviewed,No selection-blocking visual defect identified at the inspected preview scale.
classroom_art_studio,existing-raster,public/assets/3d/environments/thumbnails/classroom_art_studio.png,fcbef32f2f20061856592d46cd23178433263281a91d3011b9e6ee6271cd26f5,contact-sheet-preview,legacy/legacy-09.jpg,18,keep-preview-reviewed,No selection-blocking visual defect identified at the inspected preview scale.
compact_apartment_interior,existing-raster,public/assets/3d/environments/thumbnails/compact_apartment_interior.png,fb36d71eab3adfc70de26631be2a5bfd759f19f1bf833ea573f7c476875189da,contact-sheet-preview,legacy/legacy-09.jpg,19,keep-preview-reviewed,No selection-blocking visual defect identified at the inspected preview scale.
fantasy_alchemist_workshop_library,existing-raster,public/assets/3d/environments/thumbnails/fantasy_alchemist_workshop_library.png,26601996d1a49762bfed8b35c5d481ff314a045b1e232bd2eb944b33acf2844e,contact-sheet-preview,legacy/legacy-09.jpg,20,keep-preview-reviewed,No selection-blocking visual defect identified at the inspected preview scale.
fantasy_ruin_courtyard,existing-raster,public/assets/3d/environments/thumbnails/fantasy_ruin_courtyard.png,7fc08d71df3bf8f2c4f59699b16eeb305aaaf64c5af404f5bca5eb49b5e51243,contact-sheet-preview,legacy/legacy-09.jpg,21,keep-preview-reviewed,No selection-blocking visual defect identified at the inspected preview scale.
hanok_market_courtyard,existing-raster,public/assets/3d/environments/thumbnails/hanok_market_courtyard.png,1701190ccdf547d17f3b9d205f8771285299b78248f28106b5510378d176f5b9,contact-sheet-preview,legacy/legacy-09.jpg,22,keep-preview-reviewed,No selection-blocking visual defect identified at the inspected preview scale.
hospital_emergency_nurse_station,existing-raster,public/assets/3d/environments/thumbnails/hospital_emergency_nurse_station.png,c975b71d653bbe654309a1cceac974c3694620aecd745d72bfec73c8ea6414d8,contact-sheet-preview,legacy/legacy-09.jpg,23,keep-preview-reviewed,No selection-blocking visual defect identified at the inspected preview scale.
korean_convenience_store_night,existing-raster,public/assets/3d/environments/thumbnails/korean_convenience_store_night.png,7b41fe38f5503fe5248bbb0aa5a1ff10fd1fdcc022d9a0fbdc7b382de22b0291,contact-sheet-preview,legacy/legacy-09.jpg,24,keep-preview-reviewed,No selection-blocking visual defect identified at the inspected preview scale.
korean_school_rooftop,existing-raster,public/assets/3d/environments/thumbnails/korean_school_rooftop.png,51d306149f78ac6eba9be158ae1c583630a8a2c5518023a591860cb90dd4e959,contact-sheet-preview,legacy/legacy-10.jpg,1,keep-preview-reviewed,No selection-blocking visual defect identified at the inspected preview scale.
scifi_command_corridor,existing-raster,public/assets/3d/environments/thumbnails/scifi_command_corridor.png,33d15c152e6e441dee8b6181ba91c61d489d5f6882f6e6e6ec7a95937ff60ce2,contact-sheet-preview,legacy/legacy-10.jpg,2,keep-preview-reviewed,No selection-blocking visual defect identified at the inspected preview scale.
seoul_subway_platform,existing-raster,public/assets/3d/environments/thumbnails/seoul_subway_platform.png,260ac02cb7ddcbaed1ee0416d17eb4223e5ec251f9da2a2d4cf4dd0e3ae7cfc4,contact-sheet-preview,legacy/legacy-10.jpg,3,keep-preview-reviewed,No selection-blocking visual defect identified at the inspected preview scale.
stylized_cafe_interior,existing-raster,public/assets/3d/environments/thumbnails/stylized_cafe_interior.png,43fce1280243cbda5487dd6d12ba0194b68281fe5f2af24bf3410cfcc99d3015,contact-sheet-preview,legacy/legacy-10.jpg,4,keep-preview-reviewed,No selection-blocking visual defect identified at the inspected preview scale.
urban_neon_alley,existing-raster,public/assets/3d/environments/thumbnails/urban_neon_alley.png,faded921fd5c89c91a1d7ce9e285d65e9c10dc895dee76f88ad4fb4d34b5c6a0,contact-sheet-preview,legacy/legacy-10.jpg,5,keep-preview-reviewed,No selection-blocking visual defect identified at the inspected preview scale.
webtoon_action_highway_chase,existing-raster,public/assets/studio/backgrounds/webtoon_action_highway_chase.png,17e76664cb80b650ca84b30c62ca79969fab8af70fc433a8f2ad7e1836b69f0a,contact-sheet-preview,legacy/legacy-10.jpg,6,keep-preview-reviewed,No selection-blocking visual defect identified at the inspected preview scale.
webtoon_action_jungle_temple,existing-raster,public/assets/studio/backgrounds/webtoon_action_jungle_temple.png,93335cdac9369989f4ed0cee69ef359b82a53be5aa9ae464caf9bc0de83116ee,contact-sheet-preview,legacy/legacy-10.jpg,7,keep-preview-reviewed,No selection-blocking visual defect identified at the inspected preview scale.
webtoon_action_ruined_city,existing-raster,public/assets/studio/backgrounds/webtoon_action_ruined_city.png,33da2857ce17b664869a17cdc299381ad0cd8b89ce96af762f95d0fbbd9477af,contact-sheet-preview,legacy/legacy-10.jpg,8,keep-preview-reviewed,No selection-blocking visual defect identified at the inspected preview scale.
webtoon_bedroom,existing-raster,public/assets/studio/backgrounds/webtoon_bedroom.png,de4746edec3511a72f7b0601823b5556bd5e06ce973da0a7e801adf7b3af2391,contact-sheet-preview,legacy/legacy-10.jpg,9,keep-preview-reviewed,No selection-blocking visual defect identified at the inspected preview scale.
webtoon_cafe,existing-raster,public/assets/studio/backgrounds/webtoon_cafe.png,a309307df821baf1a529d19bf513c8f69b97e028603919e444fcd16338b0ed3a,contact-sheet-preview,legacy/legacy-10.jpg,10,keep-preview-reviewed,No selection-blocking visual defect identified at the inspected preview scale.
webtoon_classroom,existing-raster,public/assets/studio/backgrounds/webtoon_classroom.png,b22ff827fe7a6c600efaca44b4e6a14701109e9de8dc2ce0b6e846f35320c2f5,contact-sheet-preview,legacy/legacy-10.jpg,11,keep-preview-reviewed,No selection-blocking visual defect identified at the inspected preview scale.
webtoon_convenience,existing-raster,public/assets/studio/backgrounds/webtoon_convenience.png,303b8fad551833e26d8e46cedaabb15f2f4d505e8500d9161f874e3f33be93f3,contact-sheet-preview,legacy/legacy-10.jpg,12,keep-preview-reviewed,No selection-blocking visual defect identified at the inspected preview scale.
webtoon_corridor,existing-raster,public/assets/studio/backgrounds/webtoon_corridor.png,83db66a04fdc7c28e6e8afd716e11bbd74104ba16d2eba410ca02ae3b248b22a,contact-sheet-preview,legacy/legacy-10.jpg,13,keep-preview-reviewed,No selection-blocking visual defect identified at the inspected preview scale.
webtoon_creator_room,existing-raster,public/assets/studio/backgrounds/webtoon_creator_room.png,d5ac7988107f160589d83af47bac9e8156afe645025200a882ff817f78d0e9c0,contact-sheet-preview,legacy/legacy-10.jpg,14,keep-preview-reviewed,No selection-blocking visual defect identified at the inspected preview scale.
webtoon_drama_boardroom,existing-raster,public/assets/studio/backgrounds/webtoon_drama_boardroom.png,4060436b63be9af0a9aebe63169f2a29788cef8a75e2145cff3f79fd71dec94b,contact-sheet-preview,legacy/legacy-10.jpg,15,keep-preview-reviewed,No selection-blocking visual defect identified at the inspected preview scale.
webtoon_drama_courtroom,existing-raster,public/assets/studio/backgrounds/webtoon_drama_courtroom.png,8360f3a9283fe1c809d8e75a980b478b7cb6bd05523d46961cc314b4beeb1e3c,contact-sheet-preview,legacy/legacy-10.jpg,16,keep-preview-reviewed,No selection-blocking visual defect identified at the inspected preview scale.
webtoon_drama_hospital_corridor,existing-raster,public/assets/studio/backgrounds/webtoon_drama_hospital_corridor.png,0ee1e696fbb89f20246b86a0a7da207484a992183da819f6a7367b9fc958d163,contact-sheet-preview,legacy/legacy-10.jpg,17,keep-preview-reviewed,No selection-blocking visual defect identified at the inspected preview scale.
webtoon_fantasy_dragon_peak,existing-raster,public/assets/studio/backgrounds/webtoon_fantasy_dragon_peak.png,5a9201baba4503b082123235828e45fa2c713abbbaec76552d2894a40665974f,contact-sheet-preview,legacy/legacy-10.jpg,18,keep-preview-reviewed,No selection-blocking visual defect identified at the inspected preview scale.
webtoon_horror_abandoned_hospital,existing-raster,public/assets/studio/backgrounds/webtoon_horror_abandoned_hospital.png,bcb4ddc647fd1b5631850eaf64f208f0d32747340b48a713781f06d276ec971d,contact-sheet-preview,legacy/legacy-10.jpg,19,keep-preview-reviewed,No selection-blocking visual defect identified at the inspected preview scale.
webtoon_horror_dark_tunnel,existing-raster,public/assets/studio/backgrounds/webtoon_horror_dark_tunnel.png,7062df2a1a7869b3b44a6541cb41398692042b6f97f0fa0229352ef102c3ab52,contact-sheet-preview,legacy/legacy-10.jpg,20,keep-preview-reviewed,No selection-blocking visual defect identified at the inspected preview scale.
webtoon_horror_foggy_cabin,existing-raster,public/assets/studio/backgrounds/webtoon_horror_foggy_cabin.png,9c78c26df3b28b8ec26d77142afdf9a49a7d4555788fe25cbff658314e2e1e7a,contact-sheet-preview,legacy/legacy-10.jpg,21,keep-preview-reviewed,No selection-blocking visual defect identified at the inspected preview scale.
webtoon_moonlit_forest,existing-raster,public/assets/studio/backgrounds/webtoon_moonlit_forest.png,d83a84ecea2f2628a12eba53a1dfaba3ddbb57fc0af07a744806f32e33749ad0,contact-sheet-preview,legacy/legacy-10.jpg,22,keep-preview-reviewed,No selection-blocking visual defect identified at the inspected preview scale.
webtoon_neon_alley,existing-raster,public/assets/studio/backgrounds/webtoon_neon_alley.png,c4a938e70a9c8b5af244ddfc4eb7a1e07aee816b3aac294e0283a8ef4b84521a,contact-sheet-preview,legacy/legacy-10.jpg,23,keep-preview-reviewed,No selection-blocking visual defect identified at the inspected preview scale.
webtoon_palace,existing-raster,public/assets/studio/backgrounds/webtoon_palace.png,aa1e0df0d20e7e8c812737131cbfd40cd91049ac1d9bd6d33117cdec121d93f5,contact-sheet-preview,legacy/legacy-10.jpg,24,keep-preview-reviewed,No selection-blocking visual defect identified at the inspected preview scale.
webtoon_romance_carnival,existing-raster,public/assets/studio/backgrounds/webtoon_romance_carnival.png,03ac486752ca4c9a7c9215298a532820c372a501212b19600d85575e7a9561e3,contact-sheet-preview,legacy/legacy-11.jpg,1,keep-preview-reviewed,No selection-blocking visual defect identified at the inspected preview scale.
webtoon_romance_cherry_blossom,existing-raster,public/assets/studio/backgrounds/webtoon_romance_cherry_blossom.png,53c0c53a0d71bc65a2efab24176a6218249a55e6f6d24727cf3bcd28e5290347,contact-sheet-preview,legacy/legacy-11.jpg,2,keep-preview-reviewed,No selection-blocking visual defect identified at the inspected preview scale.
webtoon_rooftop_sunset,existing-raster,public/assets/studio/backgrounds/webtoon_rooftop_sunset.png,6da3a1994bd8b46edaa4ec028f29bc1324df8867cb7f68bae6d7630b0f696031,contact-sheet-preview,legacy/legacy-11.jpg,3,keep-preview-reviewed,No selection-blocking visual defect identified at the inspected preview scale.
webtoon_sf_cyberpunk_street,existing-raster,public/assets/studio/backgrounds/webtoon_sf_cyberpunk_street.png,0f10dc01377669f625691ae6ea91e424674b99277aea191342432e5c2e552354,contact-sheet-preview,legacy/legacy-11.jpg,4,keep-preview-reviewed,No selection-blocking visual defect identified at the inspected preview scale.
webtoon_sf_research_lab,existing-raster,public/assets/studio/backgrounds/webtoon_sf_research_lab.png,98cdbca5df58fdd6d4564b529f15c3a9a152c55f0b3599f2c12c7d6a0184d033,contact-sheet-preview,legacy/legacy-11.jpg,5,keep-preview-reviewed,No selection-blocking visual defect identified at the inspected preview scale.
webtoon_sf_space_station,existing-raster,public/assets/studio/backgrounds/webtoon_sf_space_station.png,e02424dd6f5671e272c7d71f1e2bf7b60f8dd9a064f500680f3b9c6168e8a929,contact-sheet-preview,legacy/legacy-11.jpg,6,keep-preview-reviewed,No selection-blocking visual defect identified at the inspected preview scale.
webtoon_street,existing-raster,public/assets/studio/backgrounds/webtoon_street.png,4153eb6ebea4422301ec4884c2d00d55e558025169809e29601a0a3e3c750e04,contact-sheet-preview,legacy/legacy-11.jpg,7,keep-preview-reviewed,No selection-blocking visual defect identified at the inspected preview scale.
webtoon_wuxia_cliff_duel,existing-raster,public/assets/studio/backgrounds/webtoon_wuxia_cliff_duel.png,3aaa75371f8046a784f4b3e080453d3e6877abb19619f8d8b33ade52e6ebe596,contact-sheet-preview,legacy/legacy-11.jpg,8,keep-preview-reviewed,No selection-blocking visual defect identified at the inspected preview scale.
webtoon_wuxia_market_street,existing-raster,public/assets/studio/backgrounds/webtoon_wuxia_market_street.png,ef199a8200b9f871305d43e0f3d3565daa834306d06f2b9c1de692be1683b45e,contact-sheet-preview,legacy/legacy-11.jpg,9,keep-preview-reviewed,No selection-blocking visual defect identified at the inspected preview scale.
webtoon_wuxia_palace_courtyard,existing-raster,public/assets/studio/backgrounds/webtoon_wuxia_palace_courtyard.png,8db5fa70c769186048a2b09999f8640ef5db9b3bc6548ad22f627e42ca7a6fa6,contact-sheet-preview,legacy/legacy-11.jpg,10,keep-preview-reviewed,No selection-blocking visual defect identified at the inspected preview scale.
webtoon_cafe_table_for_two,existing-raster,public/assets/studio/props/daily/webtoon_cafe_table_for_two.webp,847ad80ba3f4e207b5eb70d569e01287cd2fe45ec519e7f2df8182d5e7efbf99,contact-sheet-preview,legacy/legacy-11.jpg,11,keep-preview-reviewed,No selection-blocking visual defect identified at the inspected preview scale.
webtoon_royal_letter_seal_cluster,existing-raster,public/assets/studio/props/fantasy/webtoon_royal_letter_seal_cluster.webp,909d4be1e50c0b484fe13ed3baf0510b7894623c12b0ea177643c698ad147e8b,contact-sheet-preview,legacy/legacy-11.jpg,12,keep-preview-reviewed,No selection-blocking visual defect identified at the inspected preview scale.
webtoon_school_desk_study_cluster,existing-raster,public/assets/studio/props/school/webtoon_school_desk_study_cluster.webp,b974bcc785913690afc00afaa94fcabe52251f9741271d95e3501943ed9598cf,contact-sheet-preview,legacy/legacy-11.jpg,13,keep-preview-reviewed,No selection-blocking visual defect identified at the inspected preview scale.
webtoon_street_fixture_cluster,existing-raster,public/assets/studio/props/urban/webtoon_street_fixture_cluster.webp,ff06a2e0fd5a5bae570a03a1a98c23f6c948ca3c0647a588fc6ad36fda3d56f7,contact-sheet-preview,legacy/legacy-11.jpg,14,keep-preview-reviewed,No selection-blocking visual defect identified at the inspected preview scale.
polyhaven-modern-arm-chair-01,new-detailed-pbr,assets/polyhaven-modern-arm-chair-01/modern_arm_chair_01.glb,2c02cde1c1a10f14bd4730f8ef8500cd2a7f23ef41f6f3c06cd42044ee2d6a58,contact-sheet-preview,pbr/pbr-review-01.jpg,1,keep-preview-reviewed,Detailed model or native 2K material preview inspected; no selection-blocking defect found.
polyhaven-outdoor-table-chair-set-01,new-detailed-pbr,assets/polyhaven-outdoor-table-chair-set-01/outdoor_table_chair_set_01.glb,71c1ab88cd3da25dbc4b860ff25dd8ef3a6ee2023e3f726db7cce6e54da80669,contact-sheet-preview,pbr/pbr-review-01.jpg,2,keep-preview-reviewed,Detailed model or native 2K material preview inspected; no selection-blocking defect found.
polyhaven-wooden-table-02,new-detailed-pbr,assets/polyhaven-wooden-table-02/wooden_table_02.glb,9b55915c1f9eba2c1e40dbb3c1026b62a7a85a998585bf71652c643e5ba5de35,contact-sheet-preview,pbr/pbr-review-01.jpg,3,keep-preview-reviewed,Detailed model or native 2K material preview inspected; no selection-blocking defect found.
polyhaven-tea-set-01,new-detailed-pbr,assets/polyhaven-tea-set-01/tea_set_01.glb,a0bc6ae3874e769928246e9229b3b2ec062368fa2feccfeaa3371f01472bbde3,contact-sheet-preview,pbr/pbr-review-01.jpg,4,keep-preview-reviewed,Detailed model or native 2K material preview inspected; no selection-blocking defect found.
polyhaven-potted-plant-02,new-detailed-pbr,assets/polyhaven-potted-plant-02/potted_plant_02.glb,ee1904655b5db81d699ce8ad98c79c8f9aae26710a2bfb6cdf5efc243d959b5a,contact-sheet-preview,pbr/pbr-review-01.jpg,5,keep-preview-reviewed,Detailed model or native 2K material preview inspected; no selection-blocking defect found.
polyhaven-potted-plant-04,new-detailed-pbr,assets/polyhaven-potted-plant-04/potted_plant_04.glb,90181984aba61bdc820f540b7cd1bfde544d6f6e89ce4b4a421f620351888022,contact-sheet-preview,pbr/pbr-review-01.jpg,6,keep-preview-reviewed,Detailed model or native 2K material preview inspected; no selection-blocking defect found.
polyhaven-street-lamp-01,new-detailed-pbr,assets/polyhaven-street-lamp-01/street_lamp_01.glb,4b926cd8d3d3f12cb0eed758e926a2159228c1de6c8e9021de8cc2a6d2977033,contact-sheet-preview,pbr/pbr-review-01.jpg,7,keep-preview-reviewed,Detailed model or native 2K material preview inspected; no selection-blocking defect found.
polyhaven-modern-ceiling-lamp-01,new-detailed-pbr,assets/polyhaven-modern-ceiling-lamp-01/modern_ceiling_lamp_01.glb,4a4c755bad1cb160ef9104c656de8a106aa301a0d7d651bcd63151d4bbae641a,contact-sheet-preview,pbr/pbr-review-01.jpg,8,keep-preview-reviewed,Detailed model or native 2K material preview inspected; no selection-blocking defect found.
polyhaven-sofa-02,new-detailed-pbr,assets/polyhaven-sofa-02/sofa_02.glb,259d5fb630a548fbc2c83c4fb96be5002da90780441c0725aea13b0c118324b2,contact-sheet-preview,pbr/pbr-review-01.jpg,9,keep-preview-reviewed,Detailed model or native 2K material preview inspected; no selection-blocking defect found.
polyhaven-sofa-03,new-detailed-pbr,assets/polyhaven-sofa-03/sofa_03.glb,05a08523cc81451d232064542b6f8078a60ef4b95ce5e0e2a22a0115fce863b1,contact-sheet-preview,pbr/pbr-review-01.jpg,10,keep-preview-reviewed,Detailed model or native 2K material preview inspected; no selection-blocking defect found.
polyhaven-book-encyclopedia-set-01,new-detailed-pbr,assets/polyhaven-book-encyclopedia-set-01/book_encyclopedia_set_01.glb,ecc9e3b577a947b489c47916fab8276db1ca0cb62a9820059805fb7169e99554,contact-sheet-preview,pbr/pbr-review-01.jpg,11,keep-preview-reviewed,Detailed model or native 2K material preview inspected; no selection-blocking defect found.
polyhaven-wooden-bowl-01,new-detailed-pbr,assets/polyhaven-wooden-bowl-01/wooden_bowl_01.glb,e51477bf60c52466ad99e42cca839140b672c5c931d5ffb011568b2206a082ef,contact-sheet-preview,pbr/pbr-review-01.jpg,12,keep-preview-reviewed,Detailed model or native 2K material preview inspected; no selection-blocking defect found.
polyhaven-wooden-bowl-02,new-detailed-pbr,assets/polyhaven-wooden-bowl-02/wooden_bowl_02.glb,9071dd4dc81d9ed04b6616bb7a40ae188fe0ba795a5423561df76cf2040fa6df,contact-sheet-preview,pbr/pbr-review-01.jpg,13,keep-preview-reviewed,Detailed model or native 2K material preview inspected; no selection-blocking defect found.
polyhaven-wine-barrel-01,new-detailed-pbr,assets/polyhaven-wine-barrel-01/wine_barrel_01.glb,dfd78d88134dfd7e2042eeaf83c0ed9747172934be9dd3248b7e22f9f1745ab2,contact-sheet-preview,pbr/pbr-review-01.jpg,14,keep-preview-reviewed,Detailed model or native 2K material preview inspected; no selection-blocking defect found.
polyhaven-barrel-03,new-detailed-pbr,assets/polyhaven-barrel-03/barrel_03.glb,11c1032f5096c23b8f88f0e1a1cc9c285d29978b6d40d81700ab7077229458dc,contact-sheet-preview,pbr/pbr-review-01.jpg,15,keep-preview-reviewed,Detailed model or native 2K material preview inspected; no selection-blocking defect found.
polyhaven-modular-street-seating,new-detailed-pbr,assets/polyhaven-modular-street-seating/modular_street_seating.glb,7cd8931fb88fea47b0d9114fb5e26c970132a66c1c4fc176e2614906fb0e6733,contact-sheet-preview,pbr/pbr-review-01.jpg,16,assembly-opt-in,"Separate modular components, not one finished seat."
polyhaven-bench-vice-01,new-detailed-pbr,assets/polyhaven-bench-vice-01/bench_vice_01.glb,a730eee1ed86cd18ac43be7a00de8b854c2995a59670f8182a6b4d5c19032e2e,contact-sheet-preview,pbr/pbr-review-01.jpg,17,keep-preview-reviewed,Detailed model or native 2K material preview inspected; no selection-blocking defect found.
polyhaven-plywood,new-detailed-pbr,assets/polyhaven-plywood/plywood.webp,62a02abd9467915a551060903e986c637d24dee8bfed8bcf235c395f9874edee,contact-sheet-preview,pbr/pbr-review-01.jpg,18,keep-preview-reviewed,Detailed model or native 2K material preview inspected; no selection-blocking defect found.
polyhaven-laminate-floor-02,new-detailed-pbr,assets/polyhaven-laminate-floor-02/laminate_floor_02.webp,5c8b0761ec50e1ca81a161435d7586ef27a3e7ea71209f6793c0aaaf8bb87ab1,contact-sheet-preview,pbr/pbr-review-01.jpg,19,keep-preview-reviewed,Detailed model or native 2K material preview inspected; no selection-blocking defect found.
polyhaven-wood-table-001,new-detailed-pbr,assets/polyhaven-wood-table-001/wood_table_001.webp,9757265f803bf9974b9aee1f3b976032f37e9848a5ac68b2b0f788fcf6e65a12,contact-sheet-preview,pbr/pbr-review-01.jpg,20,keep-preview-reviewed,Detailed model or native 2K material preview inspected; no selection-blocking defect found.
polyhaven-denmin-fabric-02,new-detailed-pbr,assets/polyhaven-denmin-fabric-02/denmin_fabric_02.webp,a4b2ced5145a0433181021df1069f4ee64199914e2933f97148250e7cf3bbbd3,contact-sheet-preview,pbr/pbr-review-01.jpg,21,keep-preview-reviewed,Detailed model or native 2K material preview inspected; no selection-blocking defect found.
polyhaven-red-brick,new-detailed-pbr,assets/polyhaven-red-brick/red_brick.webp,2400d48280315e35fd3eb59958ee92478363e03788f02a03fd476e11231dd2ba,contact-sheet-preview,pbr/pbr-review-01.jpg,22,keep-preview-reviewed,Detailed model or native 2K material preview inspected; no selection-blocking defect found.
polyhaven-red-brick-03,new-detailed-pbr,assets/polyhaven-red-brick-03/red_brick_03.webp,23c6a8d4e3bb436557b050240b3b98f53c03483ca8599d06abe86e2b066434f1,contact-sheet-preview,pbr/pbr-review-01.jpg,23,keep-preview-reviewed,Detailed model or native 2K material preview inspected; no selection-blocking defect found.
polyhaven-medieval-blocks-03,new-detailed-pbr,assets/polyhaven-medieval-blocks-03/medieval_blocks_03.webp,47f0400023f1141fda1f949e2c226d850a25f203825410541d52ad8c8131e21c,contact-sheet-preview,pbr/pbr-review-01.jpg,24,keep-preview-reviewed,Detailed model or native 2K material preview inspected; no selection-blocking defect found.
polyhaven-metal-plate,new-detailed-pbr,assets/polyhaven-metal-plate/metal_plate.webp,52e67fb6b6e21bf5453c9380f0973185cd93ca1e4015ed6e52e7f20f997108fe,contact-sheet-preview,pbr/pbr-review-02.jpg,1,keep-preview-reviewed,Detailed model or native 2K material preview inspected; no selection-blocking defect found.
polyhaven-green-metal-rust,new-detailed-pbr,assets/polyhaven-green-metal-rust/green_metal_rust.webp,474cc51d6d0ddfad34afdcc7f4ad196d42da80a8a3130c56fc708b11ec720403,contact-sheet-preview,pbr/pbr-review-02.jpg,2,keep-preview-reviewed,Detailed model or native 2K material preview inspected; no selection-blocking defect found.
polyhaven-rust-coarse-01,new-detailed-pbr,assets/polyhaven-rust-coarse-01/rust_coarse_01.webp,0cb309de48b9e26e1ffb3e1e3a8f9de04f78a72ce352f6b85330f17626065077,contact-sheet-preview,pbr/pbr-review-02.jpg,3,keep-preview-reviewed,Detailed model or native 2K material preview inspected; no selection-blocking defect found.
polyhaven-beige-wall-001,new-detailed-pbr,assets/polyhaven-beige-wall-001/beige_wall_001.webp,20f4c694aed1e27147b60a0a001b4c1d0b8c08842cd6b76eb644a455b62d2040,contact-sheet-preview,pbr/pbr-review-02.jpg,4,keep-preview-reviewed,Detailed model or native 2K material preview inspected; no selection-blocking defect found.
polyhaven-painted-plaster-wall,new-detailed-pbr,assets/polyhaven-painted-plaster-wall/painted_plaster_wall.webp,bf4afe29dc257bf81d263c6ebd23070b596c5b235da61cb0c2a45d78e3210576,contact-sheet-preview,pbr/pbr-review-02.jpg,5,keep-preview-reviewed,Detailed model or native 2K material preview inspected; no selection-blocking defect found.
polyhaven-white-plaster-02,new-detailed-pbr,assets/polyhaven-white-plaster-02/white_plaster_02.webp,7b88621644f2e68fae52560750d06b2b97766ddafbe7724537fd5589a3c0ab86,contact-sheet-preview,pbr/pbr-review-02.jpg,6,keep-preview-reviewed,Detailed model or native 2K material preview inspected; no selection-blocking defect found.
polyhaven-asphalt-02,new-detailed-pbr,assets/polyhaven-asphalt-02/asphalt_02.webp,220beba3903547915dd0f1d3d807079876b41fc9d37e1157ef1b1b3e464d34e3,contact-sheet-preview,pbr/pbr-review-02.jpg,7,keep-preview-reviewed,Detailed model or native 2K material preview inspected; no selection-blocking defect found.
polyhaven-aerial-asphalt-01,new-detailed-pbr,assets/polyhaven-aerial-asphalt-01/aerial_asphalt_01.webp,8a3b77ce3009b6a337a353b33670587a3a16f8577d10d1e2e3ef5403ec8f3576,contact-sheet-preview,pbr/pbr-review-02.jpg,8,keep-preview-reviewed,Detailed model or native 2K material preview inspected; no selection-blocking defect found.
polyhaven-asphalt-01,new-detailed-pbr,assets/polyhaven-asphalt-01/asphalt_01.webp,733f8932f598cfe63ce85030dad5826735feec56f1b5c1e64d02d0cbfb69fff4,contact-sheet-preview,pbr/pbr-review-02.jpg,9,keep-preview-reviewed,Detailed model or native 2K material preview inspected; no selection-blocking defect found.
polyhaven-concrete-floor-worn-001,new-detailed-pbr,assets/polyhaven-concrete-floor-worn-001/concrete_floor_worn_001.webp,da72f82f9f883910e78fa8ff01643a5eadc12001b1e961266f06a4b474c6e9e1,contact-sheet-preview,pbr/pbr-review-02.jpg,10,keep-preview-reviewed,Detailed model or native 2K material preview inspected; no selection-blocking defect found.
polyhaven-concrete-floor-02,new-detailed-pbr,assets/polyhaven-concrete-floor-02/concrete_floor_02.webp,aa4d80c39b1691d4411847cb5c6df103eea3f930d52e99b87ace5dfd9bca799b,contact-sheet-preview,pbr/pbr-review-02.jpg,11,keep-preview-reviewed,Detailed model or native 2K material preview inspected; no selection-blocking defect found.
polyhaven-concrete-layers-02,new-detailed-pbr,assets/polyhaven-concrete-layers-02/concrete_layers_02.webp,a1fe314af07810ce43a48071419c68d55ce4dc308ec83a7369b3e202b9240d37,contact-sheet-preview,pbr/pbr-review-02.jpg,12,keep-preview-reviewed,Detailed model or native 2K material preview inspected; no selection-blocking defect found.
polyhaven-coast-sand-rocks-02,new-detailed-pbr,assets/polyhaven-coast-sand-rocks-02/coast_sand_rocks_02.webp,c5ac1e1014f14a2b451ff09e8d03cd8387199b9c1805e42074f4d3080dd0a80a,contact-sheet-preview,pbr/pbr-review-02.jpg,13,keep-preview-reviewed,Detailed model or native 2K material preview inspected; no selection-blocking defect found.
polyhaven-aerial-rocks-02,new-detailed-pbr,assets/polyhaven-aerial-rocks-02/aerial_rocks_02.webp,568839450db3201fced07bc94de1bbea19e604c57d8059da93de80d19c80f7f0,contact-sheet-preview,pbr/pbr-review-02.jpg,14,keep-preview-reviewed,Detailed model or native 2K material preview inspected; no selection-blocking defect found.
polyhaven-aerial-grass-rock,new-detailed-pbr,assets/polyhaven-aerial-grass-rock/aerial_grass_rock.webp,dd34ff923a6065b6805d34f7c1030d8938eeb7725dde8020fcb14eda3becc348,contact-sheet-preview,pbr/pbr-review-02.jpg,15,keep-preview-reviewed,Detailed model or native 2K material preview inspected; no selection-blocking defect found.
polyhaven-brown-leather,new-detailed-pbr,assets/polyhaven-brown-leather/brown_leather.webp,b01330d021280e0842f89ebefd9ae845f834d74699f3b5c074fd6c8d9c2a3b65,contact-sheet-preview,pbr/pbr-review-02.jpg,16,keep-preview-reviewed,Detailed model or native 2K material preview inspected; no selection-blocking defect found.
polyhaven-marble-01,new-detailed-pbr,assets/polyhaven-marble-01/marble_01.webp,719860fbf33cabe231f297134ae07351ed9ef56d949fbfab923f5fde2ba5111c,contact-sheet-preview,pbr/pbr-review-02.jpg,17,keep-preview-reviewed,Detailed model or native 2K material preview inspected; no selection-blocking defect found.
polyhaven-leather-white,new-detailed-pbr,assets/polyhaven-leather-white/leather_white.webp,133f42aaeea736e7cb78335c1761da62aacde0ac526f4b22a6cd5e018bac79b9,contact-sheet-preview,pbr/pbr-review-02.jpg,18,keep-preview-reviewed,Detailed model or native 2K material preview inspected; no selection-blocking defect found.
polyhaven-floor-tiles-06,new-detailed-pbr,assets/polyhaven-floor-tiles-06/floor_tiles_06.webp,39c2f3a59ebbfd98cdaadc57bf26c8d0297809f20f1320d87c146ca058094374,contact-sheet-preview,pbr/pbr-review-02.jpg,19,keep-preview-reviewed,Detailed model or native 2K material preview inspected; no selection-blocking defect found.
polyhaven-decrepit-wallpaper,new-detailed-pbr,assets/polyhaven-decrepit-wallpaper/decrepit_wallpaper.webp,e29e4bad40d0579fb9a615c54b878a1c54125b02c85819d88925ebf429fef925,contact-sheet-preview,pbr/pbr-review-02.jpg,20,keep-preview-reviewed,Detailed model or native 2K material preview inspected; no selection-blocking defect found.
polyhaven-brown-mud-leaves-01,new-detailed-pbr,assets/polyhaven-brown-mud-leaves-01/brown_mud_leaves_01.webp,be8bb8ca9e2514b0b1f86fe280a0ed9b1d7bc2a7631c2333f0022e11ae11681b,contact-sheet-preview,pbr/pbr-review-02.jpg,21,keep-preview-reviewed,Detailed model or native 2K material preview inspected; no selection-blocking defect found.
polyhaven-forrest-ground-01,new-detailed-pbr,assets/polyhaven-forrest-ground-01/forrest_ground_01.webp,528a833a620c59d1570e4c58aac5ad871cbbf52c6a172db0186014b93c68188a,contact-sheet-preview,pbr/pbr-review-02.jpg,22,keep-preview-reviewed,Detailed model or native 2K material preview inspected; no selection-blocking defect found.
polyhaven-rocky-terrain-02,new-detailed-pbr,assets/polyhaven-rocky-terrain-02/rocky_terrain_02.webp,01572c9137f414967aeba786379007a0ec7d7a07cc14a718cf0a1304d76d2348,contact-sheet-preview,pbr/pbr-review-02.jpg,23,keep-preview-reviewed,Detailed model or native 2K material preview inspected; no selection-blocking defect found.
